167.0436 	INFO 	Loaded monitor calibration from ['2025_08_12 10:43']
167.0871 	WARNING 	User requested fullscreen with size [1536  864], but screen is actually [1920, 1080]. Using actual size
168.5083 	INFO 	Using renderer 'Intel(R) Iris(R) Xe Graphics' for graphics
168.5084 	INFO 	OpenGL version supported by driver is 4..
168.6223 	EXP 	Created window1 = Window(allowGUI=True, allowStencil=True, autoLog=True, backendConf=UNKNOWN, backgroundFit=<method-wrapper '__getattribute__' of attributeSetter object at 0x000001A4DDC27370>, backgroundImage=<method-wrapper '__getattribute__' of attributeSetter object at 0x000001A4DDC273D0>, bitsMode=UNKNOWN, blendMode='avg', bpc=(8, 8, 8), color=array([0, 0, 0]), colorSpace='rgb', depthBits=8, fullscr=True, gamma=None, gammaErrorPolicy='raise', infoMsg=UNKNOWN, lms=UNKNOWN, monitor=<psychopy.monitors.calibTools.Monitor object at 0x000001A4DDD0BCD0>, multiSample=False, name='window1', numSamples=2, pos=[np.float64(0.0), np.float64(0.0)], screen=0, size=array([1920, 1080]), stencilBits=8, stereo=False, title='PsychoPy', units='height', useFBO=True, useRetina=False, viewOri=0.0, viewPos=None, viewScale=None, waitBlanking=True, winType='pyglet')
168.6224 	EXP 	window1: backgroundImage = ''
168.6224 	EXP 	window1: backgroundFit = 'none'
169.2018 	EXP 	window1: Attempting to measure frame rate of screen (0) ...
169.2018 	EXP 	window1: recordFrameIntervals = False
169.3582 	EXP 	window1: recordFrameIntervals = True
169.5421 	EXP 	Screen (0) actual frame rate measured at 60.18Hz
169.5421 	EXP 	window1: recordFrameIntervals = False
169.6272 	INFO 	keyboard.Keyboard is using ptb backend.
169.6274 	INFO 	keyboard.Keyboard is using ptb backend.
169.8214 	WARNING 	No default speaker specified in Preferences / Hardware, using first speaker found: Speaker (Realtek(R) Audio)
169.8304 	INFO 	Created stream for speaker device: Speaker (Realtek(R) Audio) (4.0)
169.8322 	EXP 	intentional binding: status = STARTED
169.8484 	EXP 	Created polygon = ShapeStim(__class__=<class 'psychopy.visual.shape.ShapeStim'>, anchor=('center', 'center'), autoDraw=False, autoLog=True, closeShape=True, color=method-wrapper(...), colorSpace='rgb', contrast=None, depth=0.0, draggable=False, fillColor=array([1, 1, 1]), fillColorSpace='rgb', fillRGB=array([1, 1, 1]), interpolate=True, lineColor=array([1., 1., 1.]), lineColorSpace='rgb', lineRGB=array([1, 1, 1]), lineWidth=1.0, name='polygon', opacity=1, ori=0.0, pos=array([0., 0.]), size=array([0.2, 0.2]), units='height', vertices=ndarray(...), win=Window(...), windingRule=None)
169.8504 	EXP 	Created polygon_2 = ShapeStim(__class__=<class 'psychopy.visual.shape.ShapeStim'>, anchor=('center', 'center'), autoDraw=False, autoLog=True, closeShape=True, color=method-wrapper(...), colorSpace='rgb', contrast=None, depth=-1.0, draggable=False, fillColor=array([-1.    ,  0.0039, -1.    ]), fillColorSpace='rgb', fillRGB=array([-1.    ,  0.0039, -1.    ]), interpolate=True, lineColor=array([-1.    ,  0.0039, -1.    ]), lineColorSpace='rgb', lineRGB=array([-1.    ,  0.0039, -1.    ]), lineWidth=1.0, name='polygon_2', opacity=1, ori=0.0, pos=array([0., 0.]), size=array([0.2, 0.2]), units='height', vertices=ndarray(...), win=Window(...), windingRule=None)
169.8505 	EXP 	sound_1: sampleRate = 48000
169.8505 	EXP 	sound_1: channels = None
169.8509 	EXP 	Sound sound_1 set volume 1.000
170.5624 	EXP 	Created text = TextStim(__class__=<class 'psychopy.visual.text.TextStim'>, alignHoriz=method-wrapper(...), alignText='center', alignVert=method-wrapper(...), anchorHoriz='center', anchorVert='center', antialias=True, autoDraw=False, autoLog=True, bold=False, color=array([1., 1., 1.]), colorSpace='rgb', contrast=1.0, depth=0.0, draggable=False, flipHoriz=False, flipVert=False, font='Arial', fontFiles=[], height=np.float64(0.05), italic=False, languageStyle='LTR', name='text', opacity=1, ori=0.0, pos=array([0. , 0.3]), rgb=UNKNOWN, text=str(...), units='height', win=Window(...), wrapWidth=1)
0.0060 	EXP 	textbox: autoLog = True
0.0229 	EXP 	Imported intentional binding cond.xlsx as conditions, 12 conditions, 3 params
0.0259 	EXP 	New trial (rep=0, index=0): <Trial 0 (0 in rep 0) data={'delay': 0.1, 'freq': 400, 'condition': 'unexp', 'thisN': 0, 'thisTrialN': 0, 'thisRepN': 0}>
0.0331 	EXP 	polygon: autoDraw = True
1.0043 	INFO 	Keyboard events cleared
1.0042 	EXP 	polygon_2: autoDraw = True
1.0374 	EXP 	polygon: autoDraw = False
1.6342 	EXP 	Device response: <KeyPress from None: t=1.4626708000141662, value=space, duration=None>
1.6351 	DATA 	Keypress: space
1.6378 	EXP 	polygon: autoDraw = False
1.6378 	EXP 	polygon_2: autoDraw = False
1.6708 	EXP 	Device response: <KeyPress from None: t=1.4626708000141662, value=space, duration=0.1993353999860119>
1.7211 	EXP 	Sound sound_1 reached end of file
1.7370 	EXP 	Playing sound sound_1 on speaker Speaker (Realtek(R) Audio)
2.0392 	EXP 	Sound sound_1 stopped
2.0565 	EXP 	text: autoDraw = True
2.0565 	EXP 	textbox: autoDraw = True
3.0037 	DATA 	Keypress: 2
3.0097 	EXP 	Device response: <KeyPress from None: t=3.0027531000087038, value=2, duration=None>
3.1217 	EXP 	Device response: <KeyPress from None: t=3.0027531000087038, value=2, duration=0.11660670000128448>
3.2542 	DATA 	Keypress: 3
3.2589 	EXP 	Device response: <KeyPress from None: t=3.244148800004041, value=3, duration=None>
3.4039 	EXP 	Device response: <KeyPress from None: t=3.244148800004041, value=3, duration=0.1536885999958031>
4.4701 	DATA 	Mouse: Left button down, pos=(951,257)
4.4758 	EXP 	New trial (rep=0, index=1): <Trial 1 (1 in rep 0) data={'delay': 0.7, 'freq': 1000, 'condition': 'exp', 'thisN': 1, 'thisTrialN': 1, 'thisRepN': 0}>
4.4870 	EXP 	text: autoDraw = False
4.4870 	EXP 	textbox: autoDraw = False
4.4870 	EXP 	polygon: autoDraw = True
4.6885 	DATA 	Mouse:  Left button up, pos=(951,257)
5.4863 	INFO 	Keyboard events cleared
5.4862 	EXP 	polygon_2: autoDraw = True
5.5028 	EXP 	polygon: autoDraw = False
5.9193 	EXP 	Device response: <KeyPress from None: t=5.914117800013628, value=space, duration=None>
5.9214 	DATA 	Keypress: space
5.9358 	EXP 	polygon: autoDraw = False
5.9358 	EXP 	polygon_2: autoDraw = False
6.1193 	EXP 	Device response: <KeyPress from None: t=5.914117800013628, value=space, duration=0.1935047000006307>
6.6022 	EXP 	Sound sound_1 reached end of file
6.6186 	EXP 	Playing sound sound_1 on speaker Speaker (Realtek(R) Audio)
6.9166 	EXP 	Sound sound_1 stopped
6.9278 	EXP 	text: autoDraw = True
6.9278 	EXP 	textbox: autoDraw = True
7.6559 	DATA 	Keypress: 5
7.6704 	EXP 	Device response: <KeyPress from None: t=7.65558650001185, value=5, duration=None>
7.8199 	EXP 	Device response: <KeyPress from None: t=7.65558650001185, value=5, duration=0.1602720000082627>
7.9023 	DATA 	Keypress: 6
7.9104 	EXP 	Device response: <KeyPress from None: t=7.899575599993113, value=6, duration=None>
8.0355 	EXP 	Device response: <KeyPress from None: t=7.899575599993113, value=6, duration=0.12176630002795719>
8.1026 	DATA 	Keypress: 7
8.1064 	EXP 	Device response: <KeyPress from None: t=8.099402000021655, value=7, duration=None>
8.2374 	EXP 	Device response: <KeyPress from None: t=8.099402000021655, value=7, duration=0.12700789998052642>
9.1019 	DATA 	Mouse: Left button down, pos=(924,192)
9.1027 	EXP 	New trial (rep=0, index=2): <Trial 2 (2 in rep 0) data={'delay': 0.1, 'freq': 1000, 'condition': 'exp', 'thisN': 2, 'thisTrialN': 2, 'thisRepN': 0}>
9.1180 	EXP 	text: autoDraw = False
9.1180 	EXP 	textbox: autoDraw = False
9.1180 	EXP 	polygon: autoDraw = True
9.3197 	DATA 	Mouse:  Left button up, pos=(924,192)
9.6182 	EXP 	Device response: <KeyPress from None: t=9.60839350000606, value=lshift, duration=None>
9.6182 	EXP 	Device response: <KeyPress from None: t=9.60839350000606, value=lshift, duration=0.004152999987127259>
10.1062 	INFO 	Keyboard events cleared
10.1061 	EXP 	polygon_2: autoDraw = True
10.1212 	EXP 	polygon: autoDraw = False
10.7712 	EXP 	Device response: <KeyPress from None: t=10.757760200009216, value=space, duration=None>
10.7729 	DATA 	Keypress: space
10.7865 	EXP 	polygon: autoDraw = False
10.7865 	EXP 	polygon_2: autoDraw = False
10.8545 	EXP 	Sound sound_1 reached end of file
10.8708 	EXP 	Playing sound sound_1 on speaker Speaker (Realtek(R) Audio)
10.9045 	EXP 	Device response: <KeyPress from None: t=10.757760200009216, value=space, duration=0.1378672999853734>
11.1715 	EXP 	Sound sound_1 stopped
11.1824 	EXP 	text: autoDraw = True
11.1824 	EXP 	textbox: autoDraw = True
12.0079 	DATA 	Keypress: 1
12.0624 	DATA 	Keypress: 2
12.0706 	EXP 	Device response: <KeyPress from None: t=11.869547900016187, value=1, duration=None>
12.0707 	EXP 	Device response: <KeyPress from None: t=11.869547900016187, value=1, duration=0.12764859999879263>
12.0707 	EXP 	Device response: <KeyPress from None: t=12.058275999996113, value=2, duration=None>
12.1678 	EXP 	Device response: <KeyPress from None: t=12.058275999996113, value=2, duration=0.09347819999675266>
12.2341 	DATA 	Keypress: 3
12.2354 	EXP 	Device response: <KeyPress from None: t=12.226548100006767, value=3, duration=None>
12.3514 	EXP 	Device response: <KeyPress from None: t=12.226548100006767, value=3, duration=0.1166320999909658>
13.8534 	DATA 	Mouse: Left button down, pos=(924,192)
13.8671 	EXP 	New trial (rep=0, index=3): <Trial 3 (3 in rep 0) data={'delay': 0.4, 'freq': 1000, 'condition': 'exp', 'thisN': 3, 'thisTrialN': 3, 'thisRepN': 0}>
13.8829 	EXP 	text: autoDraw = False
13.8829 	EXP 	textbox: autoDraw = False
13.8829 	EXP 	polygon: autoDraw = True
14.0843 	DATA 	Mouse:  Left button up, pos=(924,192)
14.8826 	INFO 	Keyboard events cleared
14.8825 	EXP 	polygon: autoDraw = False
14.8825 	EXP 	polygon_2: autoDraw = True
15.3352 	DATA 	Keypress: space
15.3494 	EXP 	Device response: <KeyPress from None: t=15.334190900000976, value=space, duration=None>
15.3657 	EXP 	polygon: autoDraw = False
15.3657 	EXP 	polygon_2: autoDraw = False
15.4830 	EXP 	Device response: <KeyPress from None: t=15.334190900000976, value=space, duration=0.14367570000467822>
15.7328 	EXP 	Sound sound_1 reached end of file
15.7492 	EXP 	Playing sound sound_1 on speaker Speaker (Realtek(R) Audio)
16.0512 	EXP 	Sound sound_1 stopped
16.0585 	EXP 	text: autoDraw = True
16.0585 	EXP 	textbox: autoDraw = True
16.7029 	DATA 	Keypress: 8
16.7168 	EXP 	Device response: <KeyPress from None: t=16.70147790000192, value=8, duration=None>
16.8163 	EXP 	Device response: <KeyPress from None: t=16.70147790000192, value=8, duration=0.1114129000052344>
16.9250 	DATA 	Keypress: 9
16.9356 	EXP 	Device response: <KeyPress from None: t=16.923452799994266, value=9, duration=None>
17.0322 	EXP 	Device response: <KeyPress from None: t=16.923452799994266, value=9, duration=0.09416690000216477>
17.1492 	DATA 	Keypress: 0
17.1538 	EXP 	Device response: <KeyPress from None: t=17.142348800000036, value=0, duration=None>
17.2655 	EXP 	Device response: <KeyPress from None: t=17.142348800000036, value=0, duration=0.10909710000851192>
18.3153 	DATA 	Mouse: Left button down, pos=(962,193)
18.3158 	EXP 	New trial (rep=0, index=4): <Trial 4 (4 in rep 0) data={'delay': 0.1, 'freq': 1000, 'condition': 'exp', 'thisN': 4, 'thisTrialN': 4, 'thisRepN': 0}>
18.3313 	EXP 	text: autoDraw = False
18.3313 	EXP 	textbox: autoDraw = False
18.3313 	EXP 	polygon: autoDraw = True
18.5495 	DATA 	Mouse:  Left button up, pos=(962,193)
19.3312 	INFO 	Keyboard events cleared
19.3310 	EXP 	polygon: autoDraw = False
19.3310 	EXP 	polygon_2: autoDraw = True
20.5478 	EXP 	Device response: <KeyPress from None: t=20.54636180002126, value=space, duration=None>
20.5491 	DATA 	Keypress: space
20.5639 	EXP 	polygon: autoDraw = False
20.5639 	EXP 	polygon_2: autoDraw = False
20.6317 	EXP 	Sound sound_1 reached end of file
20.6481 	EXP 	Playing sound sound_1 on speaker Speaker (Realtek(R) Audio)
20.6645 	EXP 	Device response: <KeyPress from None: t=20.54636180002126, value=space, duration=0.11681479998514988>
20.9507 	EXP 	Sound sound_1 stopped
20.9584 	EXP 	text: autoDraw = True
20.9584 	EXP 	textbox: autoDraw = True
21.5356 	DATA 	Keypress: 6
21.5483 	EXP 	Device response: <KeyPress from None: t=21.533433200005675, value=6, duration=None>
21.6640 	EXP 	Device response: <KeyPress from None: t=21.533433200005675, value=6, duration=0.11564530001487583>
21.7640 	DATA 	Keypress: 7
21.7660 	EXP 	Device response: <KeyPress from None: t=21.761604400002398, value=7, duration=None>
21.8810 	EXP 	Device response: <KeyPress from None: t=21.761604400002398, value=7, duration=0.11674820000189357>
22.7644 	DATA 	Mouse: Left button down, pos=(962,193)
22.7649 	EXP 	New trial (rep=0, index=5): <Trial 5 (5 in rep 0) data={'delay': 0.4, 'freq': 1000, 'condition': 'exp', 'thisN': 5, 'thisTrialN': 5, 'thisRepN': 0}>
22.7799 	EXP 	text: autoDraw = False
22.7799 	EXP 	textbox: autoDraw = False
22.7799 	EXP 	polygon: autoDraw = True
22.9982 	DATA 	Mouse:  Left button up, pos=(962,193)
23.7797 	INFO 	Keyboard events cleared
23.7795 	EXP 	polygon: autoDraw = False
23.7795 	EXP 	polygon_2: autoDraw = True
24.2300 	EXP 	Device response: <KeyPress from None: t=24.22231529999408, value=space, duration=None>
24.2320 	DATA 	Keypress: space
24.2461 	EXP 	polygon: autoDraw = False
24.2461 	EXP 	polygon_2: autoDraw = False
24.3797 	EXP 	Device response: <KeyPress from None: t=24.22231529999408, value=space, duration=0.1447700000135228>
24.6131 	EXP 	Sound sound_1 reached end of file
24.6294 	EXP 	Playing sound sound_1 on speaker Speaker (Realtek(R) Audio)
24.9312 	EXP 	Sound sound_1 stopped
24.9394 	EXP 	text: autoDraw = True
24.9394 	EXP 	textbox: autoDraw = True
25.3966 	DATA 	Keypress: 3
25.3978 	EXP 	Device response: <KeyPress from None: t=25.39325480000116, value=3, duration=None>
25.5132 	EXP 	Device response: <KeyPress from None: t=25.39325480000116, value=3, duration=0.10438609999255277>
25.5796 	DATA 	Keypress: 4
25.5854 	EXP 	Device response: <KeyPress from None: t=25.576940200000536, value=4, duration=None>
25.6974 	EXP 	Device response: <KeyPress from None: t=25.576940200000536, value=4, duration=0.11709509999491274>
25.7635 	DATA 	Keypress: 5
25.7646 	EXP 	Device response: <KeyPress from None: t=25.75578450001194, value=5, duration=None>
25.8805 	EXP 	Device response: <KeyPress from None: t=25.75578450001194, value=5, duration=0.11374919998343103>
26.6336 	DATA 	Mouse: Left button down, pos=(962,193)
26.6462 	EXP 	New trial (rep=0, index=6): <Trial 6 (6 in rep 0) data={'delay': 0.7, 'freq': 1000, 'condition': 'exp', 'thisN': 6, 'thisTrialN': 6, 'thisRepN': 0}>
26.6621 	EXP 	text: autoDraw = False
26.6621 	EXP 	textbox: autoDraw = False
26.6621 	EXP 	polygon: autoDraw = True
26.8633 	DATA 	Mouse:  Left button up, pos=(962,193)
27.6453 	INFO 	Keyboard events cleared
27.6451 	EXP 	polygon_2: autoDraw = True
27.6619 	EXP 	polygon: autoDraw = False
28.0287 	EXP 	Device response: <KeyPress from None: t=28.017617000004975, value=space, duration=None>
28.0309 	DATA 	Keypress: space
28.0447 	EXP 	polygon: autoDraw = False
28.0447 	EXP 	polygon_2: autoDraw = False
28.2122 	EXP 	Device response: <KeyPress from None: t=28.017617000004975, value=space, duration=0.18832929999916814>
28.7284 	EXP 	Sound sound_1 reached end of file
28.7447 	EXP 	Playing sound sound_1 on speaker Speaker (Realtek(R) Audio)
29.0393 	EXP 	Sound sound_1 stopped
29.0474 	EXP 	text: autoDraw = True
29.0474 	EXP 	textbox: autoDraw = True
29.6286 	DATA 	Keypress: 1
29.6294 	EXP 	Device response: <KeyPress from None: t=29.62074750001193, value=1, duration=None>
29.7293 	EXP 	Device response: <KeyPress from None: t=29.62074750001193, value=1, duration=0.10599489999003708>
29.9946 	DATA 	Keypress: 3
29.9966 	EXP 	Device response: <KeyPress from None: t=29.99249060000875, value=3, duration=None>
30.1294 	EXP 	Device response: <KeyPress from None: t=29.99249060000875, value=3, duration=0.13328720000572503>
31.1486 	DATA 	Keypress: 3
31.1608 	EXP 	Device response: <KeyPress from None: t=31.145462899992708, value=3, duration=None>
31.2457 	EXP 	Device response: <KeyPress from None: t=31.145462899992708, value=3, duration=0.09463720000348985>
32.0940 	DATA 	Mouse: Left button down, pos=(962,193)
32.0948 	EXP 	New trial (rep=0, index=7): <Trial 7 (7 in rep 0) data={'delay': 0.1, 'freq': 1000, 'condition': 'exp', 'thisN': 7, 'thisTrialN': 7, 'thisRepN': 0}>
32.1103 	EXP 	text: autoDraw = False
32.1103 	EXP 	textbox: autoDraw = False
32.1103 	EXP 	polygon: autoDraw = True
32.3290 	DATA 	Mouse:  Left button up, pos=(962,193)
33.1100 	INFO 	Keyboard events cleared
33.1099 	EXP 	polygon: autoDraw = False
33.1099 	EXP 	polygon_2: autoDraw = True
33.5120 	DATA 	Keypress: space
33.5270 	EXP 	Device response: <KeyPress from None: t=33.51051960000768, value=space, duration=None>
33.5430 	EXP 	polygon: autoDraw = False
33.5430 	EXP 	polygon_2: autoDraw = False
33.6099 	EXP 	Sound sound_1 reached end of file
33.6262 	EXP 	Playing sound sound_1 on speaker Speaker (Realtek(R) Audio)
33.6768 	EXP 	Device response: <KeyPress from None: t=33.51051960000768, value=space, duration=0.1499519000062719>
33.9287 	EXP 	Sound sound_1 stopped
33.9362 	EXP 	text: autoDraw = True
33.9362 	EXP 	textbox: autoDraw = True
34.7431 	DATA 	Keypress: 8
34.7444 	EXP 	Device response: <KeyPress from None: t=34.73769660000107, value=8, duration=None>
34.8604 	EXP 	Device response: <KeyPress from None: t=34.73769660000107, value=8, duration=0.1142245999944862>
34.9437 	DATA 	Keypress: 9
34.9456 	EXP 	Device response: <KeyPress from None: t=34.936007400014205, value=9, duration=None>
35.0448 	EXP 	Device response: <KeyPress from None: t=34.936007400014205, value=9, duration=0.10483860000385903>
35.1265 	DATA 	Keypress: 0
35.1276 	EXP 	Device response: <KeyPress from None: t=35.119974100001855, value=0, duration=None>
35.2274 	EXP 	Device response: <KeyPress from None: t=35.119974100001855, value=0, duration=0.09982460000901483>
36.4765 	DATA 	Mouse: Left button down, pos=(962,193)
36.4772 	EXP 	New trial (rep=0, index=8): <Trial 8 (8 in rep 0) data={'delay': 0.4, 'freq': 1000, 'condition': 'exp', 'thisN': 8, 'thisTrialN': 8, 'thisRepN': 0}>
36.4922 	EXP 	text: autoDraw = False
36.4922 	EXP 	textbox: autoDraw = False
36.4922 	EXP 	polygon: autoDraw = True
36.6938 	DATA 	Mouse:  Left button up, pos=(962,193)
37.4921 	INFO 	Keyboard events cleared
37.4919 	EXP 	polygon: autoDraw = False
37.4919 	EXP 	polygon_2: autoDraw = True
37.9423 	EXP 	Device response: <KeyPress from None: t=37.93726340000285, value=space, duration=None>
37.9444 	DATA 	Keypress: space
37.9582 	EXP 	polygon: autoDraw = False
37.9582 	EXP 	polygon_2: autoDraw = False
38.1418 	EXP 	Device response: <KeyPress from None: t=37.93726340000285, value=space, duration=0.19318520001252182>
38.3252 	EXP 	Sound sound_1 reached end of file
38.3416 	EXP 	Playing sound sound_1 on speaker Speaker (Realtek(R) Audio)
38.6424 	EXP 	Sound sound_1 stopped
38.6524 	EXP 	text: autoDraw = True
38.6524 	EXP 	textbox: autoDraw = True
39.0834 	DATA 	Keypress: 5
39.0912 	EXP 	Device response: <KeyPress from None: t=39.081967800011626, value=5, duration=None>
39.1930 	EXP 	Device response: <KeyPress from None: t=39.081967800011626, value=5, duration=0.10500059998594224>
39.2915 	DATA 	Keypress: 6
39.2930 	EXP 	Device response: <KeyPress from None: t=39.28893740000785, value=6, duration=None>
39.4080 	EXP 	Device response: <KeyPress from None: t=39.28893740000785, value=6, duration=0.10666329998639412>
39.4582 	DATA 	Keypress: 7
39.4604 	EXP 	Device response: <KeyPress from None: t=39.457074500009185, value=7, duration=None>
39.5919 	EXP 	Device response: <KeyPress from None: t=39.457074500009185, value=7, duration=0.13287669999408536>
40.7937 	DATA 	Mouse: Left button down, pos=(962,193)
40.8081 	EXP 	New trial (rep=0, index=9): <Trial 9 (9 in rep 0) data={'delay': 0.7, 'freq': 1000, 'condition': 'exp', 'thisN': 9, 'thisTrialN': 9, 'thisRepN': 0}>
40.8239 	EXP 	text: autoDraw = False
40.8239 	EXP 	textbox: autoDraw = False
40.8239 	EXP 	polygon: autoDraw = True
41.0087 	DATA 	Mouse:  Left button up, pos=(962,193)
41.8237 	INFO 	Keyboard events cleared
41.8236 	EXP 	polygon: autoDraw = False
41.8236 	EXP 	polygon_2: autoDraw = True
42.0741 	EXP 	Device response: <KeyPress from None: t=42.07308699999703, value=space, duration=None>
42.0761 	DATA 	Keypress: space
42.0901 	EXP 	polygon: autoDraw = False
42.0901 	EXP 	polygon_2: autoDraw = False
42.2073 	EXP 	Device response: <KeyPress from None: t=42.07308699999703, value=space, duration=0.13285910000558943>
42.7572 	EXP 	Sound sound_1 reached end of file
42.7733 	EXP 	Playing sound sound_1 on speaker Speaker (Realtek(R) Audio)
43.0070 	EXP 	Device response: <KeyPress from None: t=42.99447570001939, value=3, duration=None>
43.0078 	DATA 	Keypress: 3
43.0710 	EXP 	Sound sound_1 stopped
43.0784 	EXP 	text: autoDraw = True
43.0784 	EXP 	textbox: autoDraw = True
43.1068 	EXP 	Device response: <KeyPress from None: t=42.99447570001939, value=3, duration=0.10114809998776764>
43.2075 	DATA 	Keypress: 2
43.2094 	EXP 	Device response: <KeyPress from None: t=43.20128249999834, value=2, duration=None>
43.3249 	EXP 	Device response: <KeyPress from None: t=43.20128249999834, value=2, duration=0.1218976000091061>
43.4236 	DATA 	Keypress: 1
43.4251 	EXP 	Device response: <KeyPress from None: t=43.413172000000486, value=1, duration=None>
43.5735 	EXP 	Device response: <KeyPress from None: t=43.413172000000486, value=1, duration=0.14912099999492057>
44.5235 	DATA 	Mouse: Left button down, pos=(962,193)
44.5242 	EXP 	New trial (rep=0, index=10): <Trial 10 (10 in rep 0) data={'delay': 0.7, 'freq': 400, 'condition': 'unexp', 'thisN': 10, 'thisTrialN': 10, 'thisRepN': 0}>
44.5391 	EXP 	text: autoDraw = False
44.5391 	EXP 	textbox: autoDraw = False
44.5391 	EXP 	polygon: autoDraw = True
44.7583 	DATA 	Mouse:  Left button up, pos=(962,193)
45.2730 	EXP 	Device response: <KeyPress from None: t=45.26320760001545, value=space, duration=None>
45.2740 	DATA 	Keypress: space
45.4562 	EXP 	Device response: <KeyPress from None: t=45.26320760001545, value=space, duration=0.18813480000244454>
45.5391 	INFO 	Keyboard events cleared
45.5389 	EXP 	polygon: autoDraw = False
45.5389 	EXP 	polygon_2: autoDraw = True
45.8892 	EXP 	Device response: <KeyPress from None: t=45.87388200001442, value=space, duration=None>
45.8912 	DATA 	Keypress: space
45.9054 	EXP 	polygon: autoDraw = False
45.9054 	EXP 	polygon_2: autoDraw = False
46.0395 	EXP 	Device response: <KeyPress from None: t=45.87388200001442, value=space, duration=0.15430779999587685>
46.5725 	EXP 	Sound sound_1 reached end of file
46.5888 	EXP 	Playing sound sound_1 on speaker Speaker (Realtek(R) Audio)
46.8904 	EXP 	Sound sound_1 stopped
46.8987 	EXP 	text: autoDraw = True
46.8987 	EXP 	textbox: autoDraw = True
47.2954 	DATA 	Keypress: 7
47.3054 	EXP 	Device response: <KeyPress from None: t=47.29149190001772, value=7, duration=None>
47.4062 	EXP 	Device response: <KeyPress from None: t=47.29149190001772, value=7, duration=0.11114439999801107>
47.4896 	DATA 	Keypress: 8
47.4913 	EXP 	Device response: <KeyPress from None: t=47.484127100004116, value=8, duration=None>
47.6058 	EXP 	Device response: <KeyPress from None: t=47.484127100004116, value=8, duration=0.11757750000106171>
47.6892 	DATA 	Keypress: 9
47.6903 	EXP 	Device response: <KeyPress from None: t=47.685224600019865, value=9, duration=None>
47.8233 	EXP 	Device response: <KeyPress from None: t=47.685224600019865, value=9, duration=0.12745209998684004>
48.6050 	DATA 	Mouse: Left button down, pos=(962,193)
48.6056 	EXP 	New trial (rep=0, index=11): <Trial 11 (11 in rep 0) data={'delay': 0.4, 'freq': 400, 'condition': 'unexp', 'thisN': 11, 'thisTrialN': 11, 'thisRepN': 0}>
48.6211 	EXP 	text: autoDraw = False
48.6211 	EXP 	textbox: autoDraw = False
48.6211 	EXP 	polygon: autoDraw = True
48.8228 	DATA 	Mouse:  Left button up, pos=(962,193)
49.6209 	INFO 	Keyboard events cleared
49.6208 	EXP 	polygon: autoDraw = False
49.6208 	EXP 	polygon_2: autoDraw = True
50.4543 	EXP 	Device response: <KeyPress from None: t=50.44153110001935, value=space, duration=None>
50.4564 	DATA 	Keypress: space
50.4707 	EXP 	polygon: autoDraw = False
50.4707 	EXP 	polygon_2: autoDraw = False
50.5710 	EXP 	Device response: <KeyPress from None: t=50.44153110001935, value=space, duration=0.11513159997412004>
50.8377 	EXP 	Sound sound_1 reached end of file
50.8540 	EXP 	Playing sound sound_1 on speaker Speaker (Realtek(R) Audio)
51.1519 	EXP 	Sound sound_1 stopped
51.1595 	EXP 	text: autoDraw = True
51.1595 	EXP 	textbox: autoDraw = True
51.6550 	DATA 	Keypress: 1
51.6564 	EXP 	Device response: <KeyPress from None: t=51.64468029999989, value=1, duration=None>
51.7536 	EXP 	Device response: <KeyPress from None: t=51.64468029999989, value=1, duration=0.09509160000015981>
51.8060 	DATA 	Keypress: 1
51.8210 	EXP 	Device response: <KeyPress from None: t=51.80408120001084, value=1, duration=None>
51.9228 	EXP 	Device response: <KeyPress from None: t=51.80408120001084, value=1, duration=0.11630090000107884>
53.1559 	DATA 	Mouse: Left button down, pos=(962,193)
53.1702 	EXP 	New trial (rep=1, index=0): <Trial 12 (0 in rep 1) data={'delay': 0.7, 'freq': 1000, 'condition': 'exp', 'thisN': 12, 'thisTrialN': 0, 'thisRepN': 1}>
53.1866 	EXP 	text: autoDraw = False
53.1866 	EXP 	textbox: autoDraw = False
53.1866 	EXP 	polygon: autoDraw = True
53.3874 	DATA 	Mouse:  Left button up, pos=(962,193)
54.1696 	INFO 	Keyboard events cleared
54.1695 	EXP 	polygon_2: autoDraw = True
54.1862 	EXP 	polygon: autoDraw = False
55.2190 	EXP 	Device response: <KeyPress from None: t=55.209018199995626, value=space, duration=None>
55.2201 	DATA 	Keypress: space
55.2355 	EXP 	polygon: autoDraw = False
55.2355 	EXP 	polygon_2: autoDraw = False
55.4195 	EXP 	Device response: <KeyPress from None: t=55.209018199995626, value=space, duration=0.19294890001765452>
55.9026 	EXP 	Sound sound_1 reached end of file
55.9189 	EXP 	Playing sound sound_1 on speaker Speaker (Realtek(R) Audio)
56.1192 	EXP 	Device response: <KeyPress from None: t=56.11484460000065, value=4, duration=None>
56.1200 	DATA 	Keypress: 4
56.2184 	EXP 	Sound sound_1 stopped
56.2274 	EXP 	text: autoDraw = True
56.2274 	EXP 	textbox: autoDraw = True
56.2529 	EXP 	Device response: <KeyPress from None: t=56.11484460000065, value=4, duration=0.1271515999978874>
56.3223 	DATA 	Keypress: 5
56.3355 	EXP 	Device response: <KeyPress from None: t=56.32082490000175, value=5, duration=None>
56.4365 	EXP 	Device response: <KeyPress from None: t=56.32082490000175, value=5, duration=0.10550460001104511>
56.5027 	DATA 	Keypress: 6
56.5041 	EXP 	Device response: <KeyPress from None: t=56.497781700018095, value=6, duration=None>
56.6205 	EXP 	Device response: <KeyPress from None: t=56.497781700018095, value=6, duration=0.11618789998465218>
57.4021 	DATA 	Mouse: Left button down, pos=(962,193)
57.4027 	EXP 	New trial (rep=1, index=1): <Trial 13 (1 in rep 1) data={'delay': 0.1, 'freq': 400, 'condition': 'unexp', 'thisN': 13, 'thisTrialN': 1, 'thisRepN': 1}>
57.4181 	EXP 	text: autoDraw = False
57.4181 	EXP 	textbox: autoDraw = False
57.4181 	EXP 	polygon: autoDraw = True
57.6364 	DATA 	Mouse:  Left button up, pos=(962,193)
58.4182 	INFO 	Keyboard events cleared
58.4180 	EXP 	polygon: autoDraw = False
58.4180 	EXP 	polygon_2: autoDraw = True
59.5513 	EXP 	Device response: <KeyPress from None: t=59.54635620000772, value=space, duration=None>
59.5537 	DATA 	Keypress: space
59.5675 	EXP 	polygon: autoDraw = False
59.5675 	EXP 	polygon_2: autoDraw = False
59.6343 	EXP 	Sound sound_1 reached end of file
59.6507 	EXP 	Playing sound sound_1 on speaker Speaker (Realtek(R) Audio)
59.7012 	EXP 	Device response: <KeyPress from None: t=59.54635620000772, value=space, duration=0.14417519999551587>
59.9519 	EXP 	Sound sound_1 stopped
59.9593 	EXP 	text: autoDraw = True
59.9593 	EXP 	textbox: autoDraw = True
60.4692 	DATA 	Keypress: 1
60.4703 	EXP 	Device response: <KeyPress from None: t=60.46827129999292, value=1, duration=None>
60.6023 	EXP 	Device response: <KeyPress from None: t=60.46827129999292, value=1, duration=0.13246210000943393>
61.8705 	DATA 	Mouse: Left button down, pos=(962,193)
61.8853 	EXP 	New trial (rep=1, index=2): <Trial 14 (2 in rep 1) data={'delay': 0.1, 'freq': 1000, 'condition': 'exp', 'thisN': 14, 'thisTrialN': 2, 'thisRepN': 1}>
61.9000 	EXP 	text: autoDraw = False
61.9000 	EXP 	textbox: autoDraw = False
61.9000 	EXP 	polygon: autoDraw = True
62.1016 	DATA 	Mouse:  Left button up, pos=(962,193)
62.8997 	INFO 	Keyboard events cleared
62.8996 	EXP 	polygon: autoDraw = False
62.8996 	EXP 	polygon_2: autoDraw = True
63.8681 	DATA 	Keypress: space
63.8830 	EXP 	Device response: <KeyPress from None: t=63.86744000000181, value=space, duration=None>
63.8992 	EXP 	polygon: autoDraw = False
63.8992 	EXP 	polygon_2: autoDraw = False
63.9665 	EXP 	Sound sound_1 reached end of file
63.9829 	EXP 	Playing sound sound_1 on speaker Speaker (Realtek(R) Audio)
63.9832 	EXP 	Device response: <KeyPress from None: t=63.86744000000181, value=space, duration=0.1103964000067208>
64.2818 	EXP 	Sound sound_1 stopped
64.2906 	EXP 	text: autoDraw = True
64.2906 	EXP 	textbox: autoDraw = True
64.7407 	DATA 	Keypress: 6
64.7494 	EXP 	Device response: <KeyPress from None: t=64.74015009999857, value=6, duration=None>
64.8678 	EXP 	Device response: <KeyPress from None: t=64.74015009999857, value=6, duration=0.11983579999650829>
64.9504 	DATA 	Keypress: 7
64.9520 	EXP 	Device response: <KeyPress from None: t=64.94956770000863, value=7, duration=None>
65.0997 	EXP 	Device response: <KeyPress from None: t=64.94956770000863, value=7, duration=0.13903650001157075>
65.1496 	DATA 	Keypress: 8
65.1507 	EXP 	Device response: <KeyPress from None: t=65.1434339999978, value=8, duration=None>
65.3166 	EXP 	Device response: <KeyPress from None: t=65.1434339999978, value=8, duration=0.16089300002204254>
67.3989 	DATA 	Mouse: Left button down, pos=(962,193)
67.3994 	EXP 	New trial (rep=1, index=3): <Trial 15 (3 in rep 1) data={'delay': 0.7, 'freq': 1000, 'condition': 'exp', 'thisN': 15, 'thisTrialN': 3, 'thisRepN': 1}>
67.4150 	EXP 	text: autoDraw = False
67.4150 	EXP 	textbox: autoDraw = False
67.4150 	EXP 	polygon: autoDraw = True
67.6165 	DATA 	Mouse:  Left button up, pos=(962,193)
68.4149 	INFO 	Keyboard events cleared
68.4148 	EXP 	polygon: autoDraw = False
68.4148 	EXP 	polygon_2: autoDraw = True
69.0150 	EXP 	Device response: <KeyPress from None: t=69.00281629999517, value=space, duration=None>
69.0170 	DATA 	Keypress: space
69.0308 	EXP 	polygon: autoDraw = False
69.0308 	EXP 	polygon_2: autoDraw = False
69.2146 	EXP 	Device response: <KeyPress from None: t=69.00281629999517, value=space, duration=0.20952600002055988>
69.6980 	EXP 	Sound sound_1 reached end of file
69.7143 	EXP 	Playing sound sound_1 on speaker Speaker (Realtek(R) Audio)
69.9311 	EXP 	Device response: <KeyPress from None: t=69.91947230001097, value=3, duration=None>
69.9318 	DATA 	Keypress: 3
70.0127 	EXP 	Sound sound_1 stopped
70.0206 	EXP 	text: autoDraw = True
70.0206 	EXP 	textbox: autoDraw = True
70.0209 	EXP 	Device response: <KeyPress from None: t=69.91947230001097, value=3, duration=0.09479119998286478>
70.1153 	DATA 	Keypress: 4
70.1163 	EXP 	Device response: <KeyPress from None: t=70.11435700001311, value=4, duration=None>
70.2321 	EXP 	Device response: <KeyPress from None: t=70.11435700001311, value=4, duration=0.10500650000176392>
70.3479 	DATA 	Keypress: 5
70.3487 	EXP 	Device response: <KeyPress from None: t=70.33822040000814, value=5, duration=None>
70.4648 	EXP 	Device response: <KeyPress from None: t=70.33822040000814, value=5, duration=0.11712390001048334>
71.2502 	DATA 	Mouse: Left button down, pos=(962,193)
71.2649 	EXP 	New trial (rep=1, index=4): <Trial 16 (4 in rep 1) data={'delay': 0.1, 'freq': 1000, 'condition': 'exp', 'thisN': 16, 'thisTrialN': 4, 'thisRepN': 1}>
71.2806 	EXP 	text: autoDraw = False
71.2806 	EXP 	textbox: autoDraw = False
71.2806 	EXP 	polygon: autoDraw = True
71.4819 	DATA 	Mouse:  Left button up, pos=(962,193)
72.2800 	INFO 	Keyboard events cleared
72.2799 	EXP 	polygon: autoDraw = False
72.2799 	EXP 	polygon_2: autoDraw = True
73.0300 	EXP 	Device response: <KeyPress from None: t=73.02713410000433, value=space, duration=None>
73.0322 	DATA 	Keypress: space
73.0464 	EXP 	polygon: autoDraw = False
73.0464 	EXP 	polygon_2: autoDraw = False
73.1133 	EXP 	Sound sound_1 reached end of file
73.1297 	EXP 	Playing sound sound_1 on speaker Speaker (Realtek(R) Audio)
73.1799 	EXP 	Device response: <KeyPress from None: t=73.02713410000433, value=space, duration=0.1379458000010345>
73.4289 	EXP 	Sound sound_1 stopped
73.4359 	EXP 	text: autoDraw = True
73.4359 	EXP 	textbox: autoDraw = True
73.9137 	DATA 	Keypress: 1
73.9144 	EXP 	Device response: <KeyPress from None: t=73.90581050000037, value=1, duration=None>
73.9974 	EXP 	Device response: <KeyPress from None: t=73.90581050000037, value=1, duration=0.08796870001242496>
74.0798 	DATA 	Keypress: 1
74.0805 	EXP 	Device response: <KeyPress from None: t=74.07360210001934, value=1, duration=None>
74.1812 	EXP 	Device response: <KeyPress from None: t=74.07360210001934, value=1, duration=0.09968619997380301>
75.2633 	DATA 	Mouse: Left button down, pos=(962,193)
75.2639 	EXP 	New trial (rep=1, index=5): <Trial 17 (5 in rep 1) data={'delay': 0.1, 'freq': 1000, 'condition': 'exp', 'thisN': 17, 'thisTrialN': 5, 'thisRepN': 1}>
75.2796 	EXP 	text: autoDraw = False
75.2796 	EXP 	textbox: autoDraw = False
75.2796 	EXP 	polygon: autoDraw = True
75.4803 	DATA 	Mouse:  Left button up, pos=(962,193)
76.2788 	INFO 	Keyboard events cleared
76.2787 	EXP 	polygon_2: autoDraw = True
76.2954 	EXP 	polygon: autoDraw = False
76.4957 	EXP 	Device response: <KeyPress from None: t=76.48072190000676, value=space, duration=None>
76.4982 	DATA 	Keypress: space
76.5119 	EXP 	polygon: autoDraw = False
76.5119 	EXP 	polygon_2: autoDraw = False
76.5789 	EXP 	Sound sound_1 reached end of file
76.5953 	EXP 	Playing sound sound_1 on speaker Speaker (Realtek(R) Audio)
76.7123 	EXP 	Device response: <KeyPress from None: t=76.48072190000676, value=space, duration=0.22765859999344684>
76.8897 	EXP 	Sound sound_1 stopped
76.8961 	EXP 	text: autoDraw = True
76.8961 	EXP 	textbox: autoDraw = True
77.6467 	DATA 	Keypress: 8
77.6476 	EXP 	Device response: <KeyPress from None: t=77.64376950002043, value=8, duration=None>
77.7808 	EXP 	Device response: <KeyPress from None: t=77.64376950002043, value=8, duration=0.12618239998118952>
77.8484 	DATA 	Keypress: 9
77.8619 	EXP 	Device response: <KeyPress from None: t=77.84804939999594, value=9, duration=None>
77.9629 	EXP 	Device response: <KeyPress from None: t=77.84804939999594, value=9, duration=0.10535250001703389>
78.0121 	DATA 	Keypress: 0
78.0145 	EXP 	Device response: <KeyPress from None: t=78.00773000001209, value=0, duration=None>
78.1453 	EXP 	Device response: <KeyPress from None: t=78.00773000001209, value=0, duration=0.1236137000087183>
78.8989 	DATA 	Mouse: Left button down, pos=(962,193)
78.9120 	EXP 	New trial (rep=1, index=6): <Trial 18 (6 in rep 1) data={'delay': 0.4, 'freq': 400, 'condition': 'unexp', 'thisN': 18, 'thisTrialN': 6, 'thisRepN': 1}>
78.9275 	EXP 	text: autoDraw = False
78.9275 	EXP 	textbox: autoDraw = False
78.9275 	EXP 	polygon: autoDraw = True
79.1301 	DATA 	Mouse:  Left button up, pos=(962,193)
79.9277 	INFO 	Keyboard events cleared
79.9276 	EXP 	polygon: autoDraw = False
79.9276 	EXP 	polygon_2: autoDraw = True
80.4278 	EXP 	Device response: <KeyPress from None: t=80.42691000000923, value=space, duration=None>
80.4298 	DATA 	Keypress: space
80.4440 	EXP 	polygon: autoDraw = False
80.4440 	EXP 	polygon_2: autoDraw = False
80.5775 	EXP 	Device response: <KeyPress from None: t=80.42691000000923, value=space, duration=0.13988400000380352>
80.8269 	EXP 	Sound sound_1 reached end of file
80.8434 	EXP 	Playing sound sound_1 on speaker Speaker (Realtek(R) Audio)
81.1410 	EXP 	Sound sound_1 stopped
81.1481 	EXP 	text: autoDraw = True
81.1481 	EXP 	textbox: autoDraw = True
81.5949 	DATA 	Keypress: 5
81.5956 	EXP 	Device response: <KeyPress from None: t=81.58243260000017, value=5, duration=None>
81.6949 	EXP 	Device response: <KeyPress from None: t=81.58243260000017, value=5, duration=0.11046250001527369>
81.8105 	DATA 	Keypress: 6
81.8113 	EXP 	Device response: <KeyPress from None: t=81.80025699999533, value=6, duration=None>
81.9111 	EXP 	Device response: <KeyPress from None: t=81.80025699999533, value=6, duration=0.10039610002422705>
81.9789 	DATA 	Keypress: 7
81.9937 	EXP 	Device response: <KeyPress from None: t=81.97783499999787, value=7, duration=None>
82.0790 	EXP 	Device response: <KeyPress from None: t=81.97783499999787, value=7, duration=0.09949799999594688>
83.4272 	DATA 	Mouse: Left button down, pos=(962,193)
83.4278 	EXP 	New trial (rep=1, index=7): <Trial 19 (7 in rep 1) data={'delay': 0.4, 'freq': 1000, 'condition': 'exp', 'thisN': 19, 'thisTrialN': 7, 'thisRepN': 1}>
83.4428 	EXP 	text: autoDraw = False
83.4428 	EXP 	textbox: autoDraw = False
83.4428 	EXP 	polygon: autoDraw = True
83.6442 	DATA 	Mouse:  Left button up, pos=(962,193)
84.4428 	INFO 	Keyboard events cleared
84.4427 	EXP 	polygon: autoDraw = False
84.4427 	EXP 	polygon_2: autoDraw = True
84.9440 	DATA 	Keypress: space
84.9596 	EXP 	Device response: <KeyPress from None: t=84.94326150001143, value=space, duration=None>
84.9757 	EXP 	polygon: autoDraw = False
84.9757 	EXP 	polygon_2: autoDraw = False
85.0929 	EXP 	Device response: <KeyPress from None: t=84.94326150001143, value=space, duration=0.14411809999728575>
85.3596 	EXP 	Sound sound_1 reached end of file
85.3759 	EXP 	Playing sound sound_1 on speaker Speaker (Realtek(R) Audio)
85.6680 	EXP 	Sound sound_1 stopped
85.6760 	EXP 	text: autoDraw = True
85.6760 	EXP 	textbox: autoDraw = True
86.0759 	DATA 	Keypress: 2
86.0768 	EXP 	Device response: <KeyPress from None: t=86.06575559999328, value=2, duration=None>
86.1776 	EXP 	Device response: <KeyPress from None: t=86.06575559999328, value=2, duration=0.10596460002125241>
86.2282 	DATA 	Keypress: 2
86.2422 	EXP 	Device response: <KeyPress from None: t=86.22741650001262, value=2, duration=None>
86.3768 	EXP 	Device response: <KeyPress from None: t=86.22741650001262, value=2, duration=0.13847489998443052>
87.2923 	DATA 	Mouse: Left button down, pos=(962,193)
87.2929 	EXP 	New trial (rep=1, index=8): <Trial 20 (8 in rep 1) data={'delay': 0.4, 'freq': 1000, 'condition': 'exp', 'thisN': 20, 'thisTrialN': 8, 'thisRepN': 1}>
87.3081 	EXP 	text: autoDraw = False
87.3081 	EXP 	textbox: autoDraw = False
87.3081 	EXP 	polygon: autoDraw = True
87.5100 	DATA 	Mouse:  Left button up, pos=(962,193)
88.3082 	INFO 	Keyboard events cleared
88.3081 	EXP 	polygon: autoDraw = False
88.3081 	EXP 	polygon_2: autoDraw = True
89.3747 	EXP 	Device response: <KeyPress from None: t=89.36906009999802, value=space, duration=None>
89.3769 	DATA 	Keypress: space
89.3907 	EXP 	polygon: autoDraw = False
89.3907 	EXP 	polygon_2: autoDraw = False
89.5246 	EXP 	Device response: <KeyPress from None: t=89.36906009999802, value=space, duration=0.1550414999946952>
89.7740 	EXP 	Sound sound_1 reached end of file
89.7905 	EXP 	Playing sound sound_1 on speaker Speaker (Realtek(R) Audio)
90.0915 	EXP 	Sound sound_1 stopped
90.0918 	EXP 	Device response: <KeyPress from None: t=90.07749870000407, value=1, duration=None>
90.0926 	DATA 	Keypress: 1
90.0993 	EXP 	text: autoDraw = True
90.0993 	EXP 	textbox: autoDraw = True
90.1919 	EXP 	Device response: <KeyPress from None: t=90.07749870000407, value=1, duration=0.1065111999923829>
90.2412 	DATA 	Keypress: 1
90.2426 	EXP 	Device response: <KeyPress from None: t=90.23542830001679, value=1, duration=None>
90.3763 	EXP 	Device response: <KeyPress from None: t=90.23542830001679, value=1, duration=0.1275362999876961>
91.1439 	DATA 	Mouse: Left button down, pos=(962,193)
91.1582 	EXP 	New trial (rep=1, index=9): <Trial 21 (9 in rep 1) data={'delay': 0.4, 'freq': 1000, 'condition': 'exp', 'thisN': 21, 'thisTrialN': 9, 'thisRepN': 1}>
91.1738 	EXP 	text: autoDraw = False
91.1738 	EXP 	textbox: autoDraw = False
91.1738 	EXP 	polygon: autoDraw = True
91.3751 	DATA 	Mouse:  Left button up, pos=(962,193)
92.1735 	INFO 	Keyboard events cleared
92.1733 	EXP 	polygon: autoDraw = False
92.1733 	EXP 	polygon_2: autoDraw = True
92.6737 	EXP 	Device response: <KeyPress from None: t=92.66678580001462, value=space, duration=None>
92.6759 	DATA 	Keypress: space
92.6897 	EXP 	polygon: autoDraw = False
92.6897 	EXP 	polygon_2: autoDraw = False
92.8402 	EXP 	Device response: <KeyPress from None: t=92.66678580001462, value=space, duration=0.16638619999866933>
93.0730 	EXP 	Sound sound_1 reached end of file
93.0894 	EXP 	Playing sound sound_1 on speaker Speaker (Realtek(R) Audio)
93.3903 	EXP 	Sound sound_1 stopped
93.3984 	EXP 	text: autoDraw = True
93.3984 	EXP 	textbox: autoDraw = True
93.6074 	DATA 	Keypress: 6
93.6082 	EXP 	Device response: <KeyPress from None: t=93.60403990000486, value=6, duration=None>
93.7079 	EXP 	Device response: <KeyPress from None: t=93.60403990000486, value=6, duration=0.09978220000630245>
93.7940 	DATA 	Keypress: 5
93.8061 	EXP 	Device response: <KeyPress from None: t=93.79234410001663, value=5, duration=None>
93.9235 	EXP 	Device response: <KeyPress from None: t=93.79234410001663, value=5, duration=0.116176399984397>
94.0068 	DATA 	Keypress: 4
94.0077 	EXP 	Device response: <KeyPress from None: t=94.00564690001193, value=4, duration=None>
94.1063 	EXP 	Device response: <KeyPress from None: t=94.00564690001193, value=4, duration=0.08916109998244792>
94.9071 	DATA 	Mouse: Left button down, pos=(962,193)
94.9076 	EXP 	New trial (rep=1, index=10): <Trial 22 (10 in rep 1) data={'delay': 0.7, 'freq': 1000, 'condition': 'exp', 'thisN': 22, 'thisTrialN': 10, 'thisRepN': 1}>
94.9223 	EXP 	text: autoDraw = False
94.9223 	EXP 	textbox: autoDraw = False
94.9223 	EXP 	polygon: autoDraw = True
95.1406 	DATA 	Mouse:  Left button up, pos=(962,193)
95.9223 	INFO 	Keyboard events cleared
95.9221 	EXP 	polygon: autoDraw = False
95.9221 	EXP 	polygon_2: autoDraw = True
96.6724 	EXP 	Device response: <KeyPress from None: t=96.66849770001136, value=space, duration=None>
96.6744 	DATA 	Keypress: space
96.6885 	EXP 	polygon: autoDraw = False
96.6885 	EXP 	polygon_2: autoDraw = False
96.8223 	EXP 	Device response: <KeyPress from None: t=96.66849770001136, value=space, duration=0.14389420000952668>
97.3720 	EXP 	Sound sound_1 reached end of file
97.3883 	EXP 	Playing sound sound_1 on speaker Speaker (Realtek(R) Audio)
97.6883 	EXP 	Sound sound_1 stopped
97.6955 	EXP 	text: autoDraw = True
97.6955 	EXP 	textbox: autoDraw = True
97.8783 	DATA 	Keypress: 2
97.8886 	EXP 	Device response: <KeyPress from None: t=97.87598360000993, value=2, duration=None>
97.9553 	EXP 	Device response: <KeyPress from None: t=97.87598360000993, value=2, duration=0.06493709998903796>
98.0260 	DATA 	Keypress: 3
98.0384 	EXP 	Device response: <KeyPress from None: t=98.02396439999575, value=3, duration=None>
98.1556 	EXP 	Device response: <KeyPress from None: t=98.02396439999575, value=3, duration=0.12959350002347492>
98.2053 	DATA 	Keypress: 4
98.2074 	EXP 	Device response: <KeyPress from None: t=98.20105279999552, value=4, duration=None>
98.3566 	EXP 	Device response: <KeyPress from None: t=98.20105279999552, value=4, duration=0.14630260001285933>
99.1215 	DATA 	Mouse: Left button down, pos=(962,193)
99.1221 	EXP 	New trial (rep=1, index=11): <Trial 23 (11 in rep 1) data={'delay': 0.7, 'freq': 400, 'condition': 'unexp', 'thisN': 23, 'thisTrialN': 11, 'thisRepN': 1}>
99.1376 	EXP 	text: autoDraw = False
99.1376 	EXP 	textbox: autoDraw = False
99.1376 	EXP 	polygon: autoDraw = True
99.3558 	DATA 	Mouse:  Left button up, pos=(962,193)
100.1376 	INFO 	Keyboard events cleared
100.1375 	EXP 	polygon: autoDraw = False
100.1375 	EXP 	polygon_2: autoDraw = True
100.9371 	EXP 	Device response: <KeyPress from None: t=100.92745220000506, value=space, duration=None>
100.9390 	DATA 	Keypress: space
100.9546 	EXP 	polygon: autoDraw = False
100.9546 	EXP 	polygon_2: autoDraw = False
101.1375 	EXP 	Device response: <KeyPress from None: t=100.92745220000506, value=space, duration=0.20568479999201372>
101.6204 	EXP 	Sound sound_1 reached end of file
101.6367 	EXP 	Playing sound sound_1 on speaker Speaker (Realtek(R) Audio)
101.9039 	EXP 	Device response: <KeyPress from None: t=101.89390340002137, value=7, duration=None>
101.9048 	DATA 	Keypress: 7
101.9305 	EXP 	Sound sound_1 stopped
101.9399 	EXP 	text: autoDraw = True
101.9399 	EXP 	textbox: autoDraw = True
102.0054 	EXP 	Device response: <KeyPress from None: t=101.89390340002137, value=7, duration=0.10501739999745041>
102.1208 	DATA 	Keypress: 7
102.1216 	EXP 	Device response: <KeyPress from None: t=102.10866500000702, value=7, duration=None>
102.2203 	EXP 	Device response: <KeyPress from None: t=102.10866500000702, value=7, duration=0.0994178999972064>
103.0034 	DATA 	Mouse: Left button down, pos=(962,193)
103.0041 	EXP 	New trial (rep=2, index=0): <Trial 24 (0 in rep 2) data={'delay': 0.4, 'freq': 1000, 'condition': 'exp', 'thisN': 24, 'thisTrialN': 0, 'thisRepN': 2}>
103.0197 	EXP 	text: autoDraw = False
103.0197 	EXP 	textbox: autoDraw = False
103.0197 	EXP 	polygon: autoDraw = True
103.2383 	DATA 	Mouse:  Left button up, pos=(962,193)
104.0195 	INFO 	Keyboard events cleared
104.0193 	EXP 	polygon: autoDraw = False
104.0193 	EXP 	polygon_2: autoDraw = True
105.6026 	EXP 	Device response: <KeyPress from None: t=105.58856120001292, value=space, duration=None>
105.6047 	DATA 	Keypress: space
105.6187 	EXP 	polygon: autoDraw = False
105.6187 	EXP 	polygon_2: autoDraw = False
105.7358 	EXP 	Device response: <KeyPress from None: t=105.58856120001292, value=space, duration=0.13876989998971112>
105.9857 	EXP 	Sound sound_1 reached end of file
106.0020 	EXP 	Playing sound sound_1 on speaker Speaker (Realtek(R) Audio)
106.2998 	EXP 	Sound sound_1 stopped
106.3070 	EXP 	text: autoDraw = True
106.3070 	EXP 	textbox: autoDraw = True
106.6358 	DATA 	Keypress: 1
106.6369 	EXP 	Device response: <KeyPress from None: t=106.62860490000458, value=1, duration=None>
106.7200 	EXP 	Device response: <KeyPress from None: t=106.62860490000458, value=1, duration=0.08909009999479167>
106.8188 	DATA 	Keypress: 1
106.8204 	EXP 	Device response: <KeyPress from None: t=106.81719659999362, value=1, duration=None>
106.9364 	EXP 	Device response: <KeyPress from None: t=106.81719659999362, value=1, duration=0.11227040001540445>
107.7357 	DATA 	Mouse: Left button down, pos=(962,193)
107.7362 	EXP 	New trial (rep=2, index=1): <Trial 25 (1 in rep 2) data={'delay': 0.4, 'freq': 1000, 'condition': 'exp', 'thisN': 25, 'thisTrialN': 1, 'thisRepN': 2}>
107.7513 	EXP 	text: autoDraw = False
107.7513 	EXP 	textbox: autoDraw = False
107.7513 	EXP 	polygon: autoDraw = True
107.9694 	DATA 	Mouse:  Left button up, pos=(962,193)
108.7511 	INFO 	Keyboard events cleared
108.7510 	EXP 	polygon: autoDraw = False
108.7510 	EXP 	polygon_2: autoDraw = True
109.6179 	EXP 	Device response: <KeyPress from None: t=109.61311820000992, value=space, duration=None>
109.6199 	DATA 	Keypress: space
109.6348 	EXP 	polygon: autoDraw = False
109.6348 	EXP 	polygon_2: autoDraw = False
109.8341 	EXP 	Device response: <KeyPress from None: t=109.61311820000992, value=space, duration=0.21009979999507777>
110.0010 	EXP 	Sound sound_1 reached end of file
110.0173 	EXP 	Playing sound sound_1 on speaker Speaker (Realtek(R) Audio)
110.3182 	EXP 	Sound sound_1 stopped
110.3249 	EXP 	text: autoDraw = True
110.3249 	EXP 	textbox: autoDraw = True
110.3841 	DATA 	Keypress: 7
110.3849 	EXP 	Device response: <KeyPress from None: t=110.38083999999799, value=7, duration=None>
110.5014 	EXP 	Device response: <KeyPress from None: t=110.38083999999799, value=7, duration=0.11211929999990389>
110.5685 	DATA 	Keypress: 7
110.5692 	EXP 	Device response: <KeyPress from None: t=110.56661589999567, value=7, duration=None>
110.6860 	EXP 	Device response: <KeyPress from None: t=110.56661589999567, value=7, duration=0.11630300001706928>
112.0693 	DATA 	Mouse: Left button down, pos=(962,193)
112.0843 	EXP 	New trial (rep=2, index=2): <Trial 26 (2 in rep 2) data={'delay': 0.1, 'freq': 1000, 'condition': 'exp', 'thisN': 26, 'thisTrialN': 2, 'thisRepN': 2}>
112.0997 	EXP 	text: autoDraw = False
112.0997 	EXP 	textbox: autoDraw = False
112.0997 	EXP 	polygon: autoDraw = True
112.3022 	DATA 	Mouse:  Left button up, pos=(962,193)
113.0995 	INFO 	Keyboard events cleared
113.0994 	EXP 	polygon: autoDraw = False
113.0994 	EXP 	polygon_2: autoDraw = True
113.2499 	EXP 	Device response: <KeyPress from None: t=113.2448542000202, value=space, duration=None>
113.2520 	DATA 	Keypress: space
113.2660 	EXP 	polygon: autoDraw = False
113.2660 	EXP 	polygon_2: autoDraw = False
113.3333 	EXP 	Sound sound_1 reached end of file
113.3496 	EXP 	Playing sound sound_1 on speaker Speaker (Realtek(R) Audio)
113.4998 	EXP 	Device response: <KeyPress from None: t=113.2448542000202, value=space, duration=0.23922179997316562>
113.6491 	EXP 	Sound sound_1 stopped
113.6578 	EXP 	text: autoDraw = True
113.6578 	EXP 	textbox: autoDraw = True
114.3332 	DATA 	Keypress: 5
114.3338 	EXP 	Device response: <KeyPress from None: t=114.33278140000766, value=5, duration=None>
114.4664 	EXP 	Device response: <KeyPress from None: t=114.33278140000766, value=5, duration=0.11984800000209361>
114.5328 	DATA 	Keypress: 5
114.5337 	EXP 	Device response: <KeyPress from None: t=114.53209799999604, value=5, duration=None>
114.6672 	EXP 	Device response: <KeyPress from None: t=114.53209799999604, value=5, duration=0.13281940002343617>
115.4825 	DATA 	Mouse: Left button down, pos=(962,193)
115.4830 	EXP 	New trial (rep=2, index=3): <Trial 27 (3 in rep 2) data={'delay': 0.1, 'freq': 1000, 'condition': 'exp', 'thisN': 27, 'thisTrialN': 3, 'thisRepN': 2}>
115.4995 	EXP 	text: autoDraw = False
115.4995 	EXP 	textbox: autoDraw = False
115.4995 	EXP 	polygon: autoDraw = True
115.7007 	DATA 	Mouse:  Left button up, pos=(962,193)
116.4984 	INFO 	Keyboard events cleared
116.4983 	EXP 	polygon_2: autoDraw = True
116.5153 	EXP 	polygon: autoDraw = False
117.2151 	EXP 	Device response: <KeyPress from None: t=117.21289749999414, value=space, duration=None>
117.2169 	DATA 	Keypress: space
117.2314 	EXP 	polygon: autoDraw = False
117.2314 	EXP 	polygon_2: autoDraw = False
117.2984 	EXP 	Sound sound_1 reached end of file
117.3148 	EXP 	Playing sound sound_1 on speaker Speaker (Realtek(R) Audio)
117.3652 	EXP 	Device response: <KeyPress from None: t=117.21289749999414, value=space, duration=0.14988880002056248>
117.6103 	EXP 	Sound sound_1 stopped
117.6172 	EXP 	text: autoDraw = True
117.6172 	EXP 	textbox: autoDraw = True
118.2325 	DATA 	Keypress: 2
118.2331 	EXP 	Device response: <KeyPress from None: t=118.23074990001624, value=2, duration=None>
118.3163 	EXP 	Device response: <KeyPress from None: t=118.23074990001624, value=2, duration=0.0775013999955263>
118.3852 	DATA 	Keypress: 2
118.3984 	EXP 	Device response: <KeyPress from None: t=118.38189520000014, value=2, duration=None>
118.5153 	EXP 	Device response: <KeyPress from None: t=118.38189520000014, value=2, duration=0.1220657000085339>
119.7350 	DATA 	Mouse: Left button down, pos=(962,193)
119.7478 	EXP 	New trial (rep=2, index=4): <Trial 28 (4 in rep 2) data={'delay': 0.4, 'freq': 400, 'condition': 'unexp', 'thisN': 28, 'thisTrialN': 4, 'thisRepN': 2}>
119.7637 	EXP 	text: autoDraw = False
119.7637 	EXP 	textbox: autoDraw = False
119.7637 	EXP 	polygon: autoDraw = True
119.9653 	DATA 	Mouse:  Left button up, pos=(962,193)
120.7474 	INFO 	Keyboard events cleared
120.7473 	EXP 	polygon_2: autoDraw = True
120.7639 	EXP 	polygon: autoDraw = False
121.5303 	EXP 	Device response: <KeyPress from None: t=121.52785899999435, value=space, duration=None>
121.5324 	DATA 	Keypress: space
121.5475 	EXP 	polygon: autoDraw = False
121.5475 	EXP 	polygon_2: autoDraw = False
121.6969 	EXP 	Device response: <KeyPress from None: t=121.52785899999435, value=space, duration=0.16600960001233034>
121.9136 	EXP 	Sound sound_1 reached end of file
121.9299 	EXP 	Playing sound sound_1 on speaker Speaker (Realtek(R) Audio)
122.2313 	EXP 	Sound sound_1 stopped
122.2385 	EXP 	text: autoDraw = True
122.2385 	EXP 	textbox: autoDraw = True
122.2420 	DATA 	Keypress: 1
122.2475 	EXP 	Device response: <KeyPress from None: t=122.24129239999456, value=1, duration=None>
122.3640 	EXP 	Device response: <KeyPress from None: t=122.24129239999456, value=1, duration=0.11286970000946894>
122.4300 	DATA 	Keypress: 1
122.4318 	EXP 	Device response: <KeyPress from None: t=122.42913810000755, value=1, duration=None>
122.5634 	EXP 	Device response: <KeyPress from None: t=122.42913810000755, value=1, duration=0.12250190001213923>
124.0132 	DATA 	Mouse: Left button down, pos=(962,193)
124.0139 	EXP 	New trial (rep=2, index=5): <Trial 29 (5 in rep 2) data={'delay': 0.7, 'freq': 1000, 'condition': 'exp', 'thisN': 29, 'thisTrialN': 5, 'thisRepN': 2}>
124.0291 	EXP 	text: autoDraw = False
124.0291 	EXP 	textbox: autoDraw = False
124.0291 	EXP 	polygon: autoDraw = True
124.2303 	DATA 	Mouse:  Left button up, pos=(962,193)
125.0294 	INFO 	Keyboard events cleared
125.0292 	EXP 	polygon: autoDraw = False
125.0292 	EXP 	polygon_2: autoDraw = True
125.8124 	EXP 	Device response: <KeyPress from None: t=125.80246950002038, value=space, duration=None>
125.8146 	DATA 	Keypress: space
125.8289 	EXP 	polygon: autoDraw = False
125.8289 	EXP 	polygon_2: autoDraw = False
125.9457 	EXP 	Device response: <KeyPress from None: t=125.80246950002038, value=space, duration=0.1327175999758765>
126.5122 	EXP 	Sound sound_1 reached end of file
126.5286 	EXP 	Playing sound sound_1 on speaker Speaker (Realtek(R) Audio)
126.5965 	DATA 	Keypress: 1
126.6122 	EXP 	Device response: <KeyPress from None: t=126.59582380001666, value=1, duration=None>
126.6955 	EXP 	Device response: <KeyPress from None: t=126.59582380001666, value=1, duration=0.09429609999642707>
126.7954 	EXP 	Device response: <KeyPress from None: t=126.79249670001445, value=1, duration=None>
126.7962 	DATA 	Keypress: 1
126.8281 	EXP 	Sound sound_1 stopped
126.8353 	EXP 	text: autoDraw = True
126.8353 	EXP 	textbox: autoDraw = True
126.9286 	EXP 	Device response: <KeyPress from None: t=126.79249670001445, value=1, duration=0.12215999999898486>
127.4955 	DATA 	Keypress: 1
127.4960 	EXP 	Device response: <KeyPress from None: t=127.49478310000268, value=1, duration=None>
127.6286 	EXP 	Device response: <KeyPress from None: t=127.49478310000268, value=1, duration=0.1229927999956999>
127.7953 	DATA 	Keypress: 1
127.7967 	EXP 	Device response: <KeyPress from None: t=127.78731280000648, value=1, duration=None>
127.9132 	EXP 	Device response: <KeyPress from None: t=127.78731280000648, value=1, duration=0.11787230000481941>
128.3454 	DATA 	Keypress: space
128.3462 	EXP 	Device response: <KeyPress from None: t=128.3450165000104, value=space, duration=None>
128.5292 	EXP 	Device response: <KeyPress from None: t=128.3450165000104, value=space, duration=0.18181869998807088>
129.7944 	DATA 	Mouse: Left button down, pos=(962,193)
129.7952 	EXP 	New trial (rep=2, index=6): <Trial 30 (6 in rep 2) data={'delay': 0.1, 'freq': 1000, 'condition': 'exp', 'thisN': 30, 'thisTrialN': 6, 'thisRepN': 2}>
129.8105 	EXP 	text: autoDraw = False
129.8105 	EXP 	textbox: autoDraw = False
129.8105 	EXP 	polygon: autoDraw = True
130.0122 	DATA 	Mouse:  Left button up, pos=(962,193)
130.8103 	INFO 	Keyboard events cleared
130.8101 	EXP 	polygon: autoDraw = False
130.8101 	EXP 	polygon_2: autoDraw = True
147.8884 	EXP 	Device response: <KeyPress from None: t=147.87868680001702, value=space, duration=None>
147.8906 	DATA 	Keypress: space
147.9046 	EXP 	polygon: autoDraw = False
147.9046 	EXP 	polygon_2: autoDraw = False
147.9713 	EXP 	Sound sound_1 reached end of file
147.9877 	EXP 	Playing sound sound_1 on speaker Speaker (Realtek(R) Audio)
148.0383 	EXP 	Device response: <KeyPress from None: t=147.87868680001702, value=space, duration=0.1557295999955386>
148.2860 	EXP 	Sound sound_1 stopped
148.2929 	EXP 	text: autoDraw = True
148.2929 	EXP 	textbox: autoDraw = True
149.1051 	DATA 	Keypress: 1
149.1058 	EXP 	Device response: <KeyPress from None: t=149.09801700001117, value=1, duration=None>
149.2055 	EXP 	Device response: <KeyPress from None: t=149.09801700001117, value=1, duration=0.09949970000889152>
149.2879 	DATA 	Keypress: 1
149.2891 	EXP 	Device response: <KeyPress from None: t=149.27801599999657, value=1, duration=None>
149.4044 	EXP 	Device response: <KeyPress from None: t=149.27801599999657, value=1, duration=0.11217730000498705>
149.5059 	DATA 	Keypress: 2
149.5073 	EXP 	Device response: <KeyPress from None: t=149.50428510000347, value=2, duration=None>
149.6211 	EXP 	Device response: <KeyPress from None: t=149.50428510000347, value=2, duration=0.11260009999386966>
150.7541 	DATA 	Mouse: Left button down, pos=(962,193)
150.7546 	EXP 	New trial (rep=2, index=7): <Trial 31 (7 in rep 2) data={'delay': 0.7, 'freq': 1000, 'condition': 'exp', 'thisN': 31, 'thisTrialN': 7, 'thisRepN': 2}>
150.7702 	EXP 	text: autoDraw = False
150.7702 	EXP 	textbox: autoDraw = False
150.7702 	EXP 	polygon: autoDraw = True
150.9712 	DATA 	Mouse:  Left button up, pos=(962,193)
151.7700 	INFO 	Keyboard events cleared
151.7698 	EXP 	polygon: autoDraw = False
151.7698 	EXP 	polygon_2: autoDraw = True
152.0202 	EXP 	Device response: <KeyPress from None: t=152.00555480000912, value=space, duration=None>
152.0218 	DATA 	Keypress: space
152.0363 	EXP 	polygon: autoDraw = False
152.0363 	EXP 	polygon_2: autoDraw = False
152.1868 	EXP 	Device response: <KeyPress from None: t=152.00555480000912, value=space, duration=0.16691770000034012>
152.7197 	EXP 	Sound sound_1 reached end of file
152.7361 	EXP 	Playing sound sound_1 on speaker Speaker (Realtek(R) Audio)
153.0301 	EXP 	Sound sound_1 stopped
153.0381 	EXP 	text: autoDraw = True
153.0381 	EXP 	textbox: autoDraw = True
154.0028 	DATA 	Keypress: 7
154.0039 	EXP 	Device response: <KeyPress from None: t=154.00008170001092, value=7, duration=None>
154.1203 	EXP 	Device response: <KeyPress from None: t=154.00008170001092, value=7, duration=0.11706459999550134>
154.1864 	DATA 	Keypress: 7
154.1877 	EXP 	Device response: <KeyPress from None: t=154.1772953000036, value=7, duration=None>
154.3199 	EXP 	Device response: <KeyPress from None: t=154.1772953000036, value=7, duration=0.1329353000037372>
155.5860 	DATA 	Mouse: Left button down, pos=(962,193)
155.5867 	EXP 	New trial (rep=2, index=8): <Trial 32 (8 in rep 2) data={'delay': 0.7, 'freq': 400, 'condition': 'unexp', 'thisN': 32, 'thisTrialN': 8, 'thisRepN': 2}>
155.6019 	EXP 	text: autoDraw = False
155.6019 	EXP 	textbox: autoDraw = False
155.6019 	EXP 	polygon: autoDraw = True
155.8034 	DATA 	Mouse:  Left button up, pos=(962,193)
156.6018 	INFO 	Keyboard events cleared
156.6016 	EXP 	polygon: autoDraw = False
156.6016 	EXP 	polygon_2: autoDraw = True
157.5684 	EXP 	Device response: <KeyPress from None: t=157.56446049999795, value=space, duration=None>
157.5704 	DATA 	Keypress: space
157.5844 	EXP 	polygon: autoDraw = False
157.5844 	EXP 	polygon_2: autoDraw = False
157.7350 	EXP 	Device response: <KeyPress from None: t=157.56446049999795, value=space, duration=0.16101050001452677>
158.2514 	EXP 	Sound sound_1 reached end of file
158.2678 	EXP 	Playing sound sound_1 on speaker Speaker (Realtek(R) Audio)
158.5708 	EXP 	Sound sound_1 stopped
158.5781 	EXP 	text: autoDraw = True
158.5781 	EXP 	textbox: autoDraw = True
159.3846 	DATA 	Keypress: 4
159.3860 	EXP 	Device response: <KeyPress from None: t=159.37481310000294, value=4, duration=None>
159.5014 	EXP 	Device response: <KeyPress from None: t=159.37481310000294, value=4, duration=0.11704030001419596>
159.5844 	DATA 	Keypress: 5
159.5857 	EXP 	Device response: <KeyPress from None: t=159.57997560000513, value=5, duration=None>
159.7010 	EXP 	Device response: <KeyPress from None: t=159.57997560000513, value=5, duration=0.10615050001069903>
159.7679 	DATA 	Keypress: 6
159.7686 	EXP 	Device response: <KeyPress from None: t=159.76445260000764, value=6, duration=None>
159.9026 	EXP 	Device response: <KeyPress from None: t=159.76445260000764, value=6, duration=0.12315480000688694>
161.0864 	DATA 	Mouse: Left button down, pos=(962,193)
161.1016 	EXP 	New trial (rep=2, index=9): <Trial 33 (9 in rep 2) data={'delay': 0.7, 'freq': 1000, 'condition': 'exp', 'thisN': 33, 'thisTrialN': 9, 'thisRepN': 2}>
161.1167 	EXP 	text: autoDraw = False
161.1167 	EXP 	textbox: autoDraw = False
161.1167 	EXP 	polygon: autoDraw = True
161.3186 	DATA 	Mouse:  Left button up, pos=(962,193)
162.1162 	INFO 	Keyboard events cleared
162.1161 	EXP 	polygon: autoDraw = False
162.1161 	EXP 	polygon_2: autoDraw = True
163.2163 	EXP 	Device response: <KeyPress from None: t=163.21129750000546, value=space, duration=None>
163.2176 	DATA 	Keypress: space
163.2325 	EXP 	polygon: autoDraw = False
163.2325 	EXP 	polygon_2: autoDraw = False
163.3665 	EXP 	Device response: <KeyPress from None: t=163.21129750000546, value=space, duration=0.15108790001249872>
163.8995 	EXP 	Sound sound_1 reached end of file
163.9159 	EXP 	Playing sound sound_1 on speaker Speaker (Realtek(R) Audio)
164.2121 	EXP 	Sound sound_1 stopped
164.2189 	EXP 	text: autoDraw = True
164.2189 	EXP 	textbox: autoDraw = True
165.1879 	DATA 	Keypress: 1
165.1995 	EXP 	Device response: <KeyPress from None: t=165.18751740001608, value=1, duration=None>
165.3162 	EXP 	Device response: <KeyPress from None: t=165.18751740001608, value=1, duration=0.1264138999977149>
165.3515 	DATA 	Keypress: 2
165.3655 	EXP 	Device response: <KeyPress from None: t=165.35097410000162, value=2, duration=None>
165.4999 	EXP 	Device response: <KeyPress from None: t=165.35097410000162, value=2, duration=0.13847239999449812>
165.5657 	DATA 	Keypress: 4
165.5665 	EXP 	Device response: <KeyPress from None: t=165.56120399999782, value=4, duration=None>
165.6830 	EXP 	Device response: <KeyPress from None: t=165.56120399999782, value=4, duration=0.11178999999538064>
165.7657 	DATA 	Keypress: 5
165.7665 	EXP 	Device response: <KeyPress from None: t=165.75821130000986, value=5, duration=None>
165.8676 	EXP 	Device response: <KeyPress from None: t=165.75821130000986, value=5, duration=0.10712830000557005>
167.0988 	DATA 	Mouse: Left button down, pos=(962,193)
167.0996 	EXP 	New trial (rep=2, index=10): <Trial 34 (10 in rep 2) data={'delay': 0.4, 'freq': 1000, 'condition': 'exp', 'thisN': 34, 'thisTrialN': 10, 'thisRepN': 2}>
167.1149 	EXP 	text: autoDraw = False
167.1149 	EXP 	textbox: autoDraw = False
167.1149 	EXP 	polygon: autoDraw = True
167.3165 	DATA 	Mouse:  Left button up, pos=(962,193)
168.1146 	INFO 	Keyboard events cleared
168.1144 	EXP 	polygon: autoDraw = False
168.1144 	EXP 	polygon_2: autoDraw = True
168.6479 	EXP 	Device response: <KeyPress from None: t=168.63274870000896, value=space, duration=None>
168.6500 	DATA 	Keypress: space
168.6641 	EXP 	polygon: autoDraw = False
168.6641 	EXP 	polygon_2: autoDraw = False
168.7478 	EXP 	Device response: <KeyPress from None: t=168.63274870000896, value=space, duration=0.10506309999618679>
169.0312 	EXP 	Sound sound_1 reached end of file
169.0475 	EXP 	Playing sound sound_1 on speaker Speaker (Realtek(R) Audio)
169.3452 	EXP 	Sound sound_1 stopped
169.3521 	EXP 	text: autoDraw = True
169.3521 	EXP 	textbox: autoDraw = True
169.9193 	DATA 	Keypress: 5
169.9312 	EXP 	Device response: <KeyPress from None: t=169.91845580001245, value=5, duration=None>
170.0150 	EXP 	Device response: <KeyPress from None: t=169.91845580001245, value=5, duration=0.09470039998996072>
170.1142 	DATA 	Keypress: 5
170.1155 	EXP 	Device response: <KeyPress from None: t=170.104888700007, value=5, duration=None>
170.1992 	EXP 	Device response: <KeyPress from None: t=170.104888700007, value=5, duration=0.08358959999168292>
170.2810 	DATA 	Keypress: 5
170.2827 	EXP 	Device response: <KeyPress from None: t=170.2699364, value=5, duration=None>
170.3806 	EXP 	Device response: <KeyPress from None: t=170.2699364, value=5, duration=0.09554770000977442>
171.5983 	DATA 	Mouse: Left button down, pos=(962,193)
171.5992 	EXP 	New trial (rep=2, index=11): <Trial 35 (11 in rep 2) data={'delay': 0.1, 'freq': 400, 'condition': 'unexp', 'thisN': 35, 'thisTrialN': 11, 'thisRepN': 2}>
171.6132 	EXP 	text: autoDraw = False
171.6132 	EXP 	textbox: autoDraw = False
171.6132 	EXP 	polygon: autoDraw = True
171.8321 	DATA 	Mouse:  Left button up, pos=(962,193)
172.6131 	INFO 	Keyboard events cleared
172.6130 	EXP 	polygon: autoDraw = False
172.6130 	EXP 	polygon_2: autoDraw = True
172.8298 	EXP 	Device response: <KeyPress from None: t=172.82253980002133, value=space, duration=None>
172.8318 	DATA 	Keypress: space
172.8461 	EXP 	polygon: autoDraw = False
172.8461 	EXP 	polygon_2: autoDraw = False
172.9129 	EXP 	Sound sound_1 reached end of file
172.9292 	EXP 	Playing sound sound_1 on speaker Speaker (Realtek(R) Audio)
172.9630 	EXP 	Device response: <KeyPress from None: t=172.82253980002133, value=space, duration=0.13960189998033457>
173.2278 	EXP 	Sound sound_1 stopped
173.2340 	EXP 	text: autoDraw = True
173.2340 	EXP 	textbox: autoDraw = True
174.6964 	DATA 	Keypress: 8
174.6971 	EXP 	Device response: <KeyPress from None: t=174.6895354000153, value=8, duration=None>
174.8136 	EXP 	Device response: <KeyPress from None: t=174.6895354000153, value=8, duration=0.1113848999957554>
174.8960 	DATA 	Keypress: 9
174.8977 	EXP 	Device response: <KeyPress from None: t=174.89210729999468, value=9, duration=None>
174.9964 	EXP 	Device response: <KeyPress from None: t=174.89210729999468, value=9, duration=0.10132400001748465>
175.0795 	DATA 	Keypress: 0
175.0808 	EXP 	Device response: <KeyPress from None: t=175.07115500001237, value=0, duration=None>
175.1804 	EXP 	Device response: <KeyPress from None: t=175.07115500001237, value=0, duration=0.10667720000492409>
176.4952 	DATA 	Mouse: Left button down, pos=(962,193)
176.4957 	EXP 	New trial (rep=3, index=0): <Trial 36 (0 in rep 3) data={'delay': 0.4, 'freq': 1000, 'condition': 'exp', 'thisN': 36, 'thisTrialN': 0, 'thisRepN': 3}>
176.5117 	EXP 	text: autoDraw = False
176.5117 	EXP 	textbox: autoDraw = False
176.5117 	EXP 	polygon: autoDraw = True
176.7130 	DATA 	Mouse:  Left button up, pos=(962,193)
177.3796 	DATA 	Keypress: space
177.3952 	EXP 	Device response: <KeyPress from None: t=177.37794720000238, value=space, duration=None>
177.5114 	INFO 	Keyboard events cleared
177.5111 	EXP 	polygon: autoDraw = False
177.5111 	EXP 	polygon_2: autoDraw = True
180.1775 	EXP 	Device response: <KeyPress from None: t=180.17291260001366, value=3, duration=None>
180.1786 	DATA 	Keypress: 3
180.2608 	EXP 	Device response: <KeyPress from None: t=180.17291260001366, value=3, duration=0.0822768000070937>
180.4108 	EXP 	Device response: <KeyPress from None: t=180.39739060000284, value=2, duration=None>
180.4120 	DATA 	Keypress: 2
180.4772 	EXP 	Device response: <KeyPress from None: t=180.39739060000284, value=2, duration=0.07626030000392348>
180.6274 	EXP 	Device response: <KeyPress from None: t=180.6232096000167, value=1, duration=None>
180.6284 	DATA 	Keypress: 1
180.7107 	EXP 	Device response: <KeyPress from None: t=180.6232096000167, value=1, duration=0.08277959999395534>
181.4938 	EXP 	Device response: <KeyPress from None: t=181.48838470000192, value=space, duration=None>
181.4960 	DATA 	Keypress: space
181.5098 	EXP 	polygon: autoDraw = False
181.5098 	EXP 	polygon_2: autoDraw = False
181.6602 	EXP 	Device response: <KeyPress from None: t=177.37794720000238, value=space, duration=4.26600979999057>
181.8768 	EXP 	Sound sound_1 reached end of file
181.8931 	EXP 	Playing sound sound_1 on speaker Speaker (Realtek(R) Audio)
182.1927 	EXP 	Sound sound_1 stopped
182.2022 	EXP 	text: autoDraw = True
182.2022 	EXP 	textbox: autoDraw = True
182.7433 	DATA 	Keypress: 3
182.7441 	EXP 	Device response: <KeyPress from None: t=182.7378849000088, value=3, duration=None>
182.8605 	EXP 	Device response: <KeyPress from None: t=182.7378849000088, value=3, duration=0.11714479999500327>
182.9432 	DATA 	Keypress: 2
182.9440 	EXP 	Device response: <KeyPress from None: t=182.9411606999929, value=2, duration=None>
183.0608 	EXP 	Device response: <KeyPress from None: t=182.9411606999929, value=2, duration=0.11535610002465546>
183.1264 	DATA 	Keypress: 1
183.1276 	EXP 	Device response: <KeyPress from None: t=183.1172144000011, value=1, duration=None>
183.2770 	EXP 	Device response: <KeyPress from None: t=183.1172144000011, value=1, duration=0.15633510000770912>
184.3974 	DATA 	Mouse: Left button down, pos=(962,193)
184.4106 	EXP 	New trial (rep=3, index=1): <Trial 37 (1 in rep 3) data={'delay': 0.7, 'freq': 1000, 'condition': 'exp', 'thisN': 37, 'thisTrialN': 1, 'thisRepN': 3}>
184.4257 	EXP 	text: autoDraw = False
184.4257 	EXP 	textbox: autoDraw = False
184.4257 	EXP 	polygon: autoDraw = True
184.6274 	DATA 	Mouse:  Left button up, pos=(962,193)
185.4253 	INFO 	Keyboard events cleared
185.4252 	EXP 	polygon: autoDraw = False
185.4252 	EXP 	polygon_2: autoDraw = True
186.5081 	EXP 	Device response: <KeyPress from None: t=186.5075596999959, value=space, duration=None>
186.5091 	DATA 	Keypress: space
186.5247 	EXP 	polygon: autoDraw = False
186.5247 	EXP 	polygon_2: autoDraw = False
186.6915 	EXP 	Device response: <KeyPress from None: t=181.48838470000192, value=space, duration=5.18720129999565>
187.1916 	EXP 	Sound sound_1 reached end of file
187.2080 	EXP 	Playing sound sound_1 on speaker Speaker (Realtek(R) Audio)
187.5013 	EXP 	Sound sound_1 stopped
187.5097 	EXP 	text: autoDraw = True
187.5097 	EXP 	textbox: autoDraw = True
187.9413 	DATA 	Keypress: 6
187.9420 	EXP 	Device response: <KeyPress from None: t=187.93957270000828, value=6, duration=None>
188.0420 	EXP 	Device response: <KeyPress from None: t=187.93957270000828, value=6, duration=0.09972719999495894>
188.1082 	DATA 	Keypress: 6
188.1098 	EXP 	Device response: <KeyPress from None: t=188.10169219999807, value=6, duration=None>
188.2414 	EXP 	Device response: <KeyPress from None: t=188.10169219999807, value=6, duration=0.12670180000714026>
189.0412 	DATA 	Mouse: Left button down, pos=(962,193)
189.0419 	EXP 	New trial (rep=3, index=2): <Trial 38 (2 in rep 3) data={'delay': 0.1, 'freq': 1000, 'condition': 'exp', 'thisN': 38, 'thisTrialN': 2, 'thisRepN': 3}>
189.0575 	EXP 	text: autoDraw = False
189.0575 	EXP 	textbox: autoDraw = False
189.0575 	EXP 	polygon: autoDraw = True
189.2586 	DATA 	Mouse:  Left button up, pos=(962,193)
190.0572 	INFO 	Keyboard events cleared
190.0570 	EXP 	polygon: autoDraw = False
190.0570 	EXP 	polygon_2: autoDraw = True
190.6573 	EXP 	Device response: <KeyPress from None: t=190.64435770001728, value=space, duration=None>
190.6596 	DATA 	Keypress: space
190.6735 	EXP 	polygon: autoDraw = False
190.6735 	EXP 	polygon_2: autoDraw = False
190.7572 	EXP 	Sound sound_1 reached end of file
190.7735 	EXP 	Playing sound sound_1 on speaker Speaker (Realtek(R) Audio)
190.7906 	EXP 	Device response: <KeyPress from None: t=186.5075596999959, value=space, duration=4.281566200021189>
191.0724 	EXP 	Sound sound_1 stopped
191.0827 	EXP 	text: autoDraw = True
191.0827 	EXP 	textbox: autoDraw = True
191.8738 	DATA 	Keypress: 7
191.8745 	EXP 	Device response: <KeyPress from None: t=191.86980750001385, value=7, duration=None>
191.9909 	EXP 	Device response: <KeyPress from None: t=191.86980750001385, value=7, duration=0.11825820000376552>
192.0403 	DATA 	Keypress: 7
192.0420 	EXP 	Device response: <KeyPress from None: t=192.03386460000183, value=7, duration=None>
192.1904 	EXP 	Device response: <KeyPress from None: t=192.03386460000183, value=7, duration=0.14006330000120215>
193.4397 	DATA 	Mouse: Left button down, pos=(962,193)
193.4402 	EXP 	New trial (rep=3, index=3): <Trial 39 (3 in rep 3) data={'delay': 0.7, 'freq': 1000, 'condition': 'exp', 'thisN': 39, 'thisTrialN': 3, 'thisRepN': 3}>
193.4557 	EXP 	text: autoDraw = False
193.4557 	EXP 	textbox: autoDraw = False
193.4557 	EXP 	polygon: autoDraw = True
193.6741 	DATA 	Mouse:  Left button up, pos=(962,193)
194.4555 	INFO 	Keyboard events cleared
194.4554 	EXP 	polygon: autoDraw = False
194.4554 	EXP 	polygon_2: autoDraw = True
195.8726 	EXP 	Device response: <KeyPress from None: t=195.85877099999925, value=space, duration=None>
195.8742 	DATA 	Keypress: space
195.8886 	EXP 	polygon: autoDraw = False
195.8886 	EXP 	polygon_2: autoDraw = False
196.0055 	EXP 	Device response: <KeyPress from None: t=190.64435770001728, value=space, duration=5.347399399994174>
196.5716 	EXP 	Sound sound_1 reached end of file
196.5880 	EXP 	Playing sound sound_1 on speaker Speaker (Realtek(R) Audio)
196.8911 	EXP 	Sound sound_1 stopped
196.8988 	EXP 	text: autoDraw = True
196.8988 	EXP 	textbox: autoDraw = True
197.2224 	DATA 	Keypress: 2
197.2231 	EXP 	Device response: <KeyPress from None: t=197.21463659999426, value=2, duration=None>
197.3228 	EXP 	Device response: <KeyPress from None: t=197.21463659999426, value=2, duration=0.10032820000196807>
197.4050 	DATA 	Keypress: 1
197.4060 	EXP 	Device response: <KeyPress from None: t=197.39871179999318, value=1, duration=None>
197.5063 	EXP 	Device response: <KeyPress from None: t=197.39871179999318, value=1, duration=0.10029610001947731>
197.6052 	DATA 	Keypress: 3
197.6060 	EXP 	Device response: <KeyPress from None: t=197.60095079999883, value=3, duration=None>
197.7224 	EXP 	Device response: <KeyPress from None: t=197.60095079999883, value=3, duration=0.10543789999792352>
198.5547 	DATA 	Mouse: Left button down, pos=(962,193)
198.5557 	EXP 	New trial (rep=3, index=4): <Trial 40 (4 in rep 3) data={'delay': 0.4, 'freq': 400, 'condition': 'unexp', 'thisN': 40, 'thisTrialN': 4, 'thisRepN': 3}>
198.5709 	EXP 	text: autoDraw = False
198.5709 	EXP 	textbox: autoDraw = False
198.5709 	EXP 	polygon: autoDraw = True
198.7890 	DATA 	Mouse:  Left button up, pos=(962,193)
199.5707 	INFO 	Keyboard events cleared
199.5705 	EXP 	polygon: autoDraw = False
199.5705 	EXP 	polygon_2: autoDraw = True
199.7376 	EXP 	Device response: <KeyPress from None: t=199.72307550002006, value=space, duration=None>
199.7400 	DATA 	Keypress: space
199.7537 	EXP 	polygon: autoDraw = False
199.7537 	EXP 	polygon_2: autoDraw = False
199.9376 	EXP 	Device response: <KeyPress from None: t=195.85877099999925, value=space, duration=4.069151200004853>
200.1373 	EXP 	Sound sound_1 reached end of file
200.1536 	EXP 	Playing sound sound_1 on speaker Speaker (Realtek(R) Audio)
200.4513 	EXP 	Sound sound_1 stopped
200.4623 	EXP 	text: autoDraw = True
200.4623 	EXP 	textbox: autoDraw = True
201.3253 	DATA 	Keypress: 7
201.3375 	EXP 	Device response: <KeyPress from None: t=201.3205992000003, value=7, duration=None>
201.4051 	EXP 	Device response: <KeyPress from None: t=201.3205992000003, value=7, duration=0.07843250001315027>
201.5403 	DATA 	Keypress: 8
201.5536 	EXP 	Device response: <KeyPress from None: t=201.53871280001476, value=8, duration=None>
201.6536 	EXP 	Device response: <KeyPress from None: t=201.53871280001476, value=8, duration=0.09926459999405779>
201.7370 	DATA 	Keypress: 9
201.7384 	EXP 	Device response: <KeyPress from None: t=201.7337543000176, value=9, duration=None>
201.8373 	EXP 	Device response: <KeyPress from None: t=201.7337543000176, value=9, duration=0.0988686999771744>
204.0198 	DATA 	Mouse: Left button down, pos=(962,193)
204.0207 	EXP 	New trial (rep=3, index=5): <Trial 41 (5 in rep 3) data={'delay': 0.7, 'freq': 1000, 'condition': 'exp', 'thisN': 41, 'thisTrialN': 5, 'thisRepN': 3}>
204.0356 	EXP 	text: autoDraw = False
204.0356 	EXP 	textbox: autoDraw = False
204.0356 	EXP 	polygon: autoDraw = True
204.2546 	DATA 	Mouse:  Left button up, pos=(962,193)
205.0355 	INFO 	Keyboard events cleared
205.0354 	EXP 	polygon: autoDraw = False
205.0354 	EXP 	polygon_2: autoDraw = True
205.8354 	EXP 	Device response: <KeyPress from None: t=205.8202203999972, value=3, duration=None>
205.8365 	DATA 	Keypress: 3
205.9356 	EXP 	Device response: <KeyPress from None: t=205.8202203999972, value=3, duration=0.10150750001776032>
206.8683 	EXP 	Device response: <KeyPress from None: t=206.85540580001543, value=space, duration=None>
206.8704 	DATA 	Keypress: space
206.8848 	EXP 	polygon: autoDraw = False
206.8848 	EXP 	polygon_2: autoDraw = False
207.0185 	EXP 	Device response: <KeyPress from None: t=199.72307550002006, value=space, duration=7.2874454999982845>
207.5513 	EXP 	Sound sound_1 reached end of file
207.5676 	EXP 	Playing sound sound_1 on speaker Speaker (Realtek(R) Audio)
207.8621 	EXP 	Sound sound_1 stopped
207.8730 	EXP 	text: autoDraw = True
207.8730 	EXP 	textbox: autoDraw = True
208.3078 	DATA 	Keypress: 3
208.3191 	EXP 	Device response: <KeyPress from None: t=208.30603659999906, value=3, duration=None>
208.4848 	EXP 	Device response: <KeyPress from None: t=208.30603659999906, value=3, duration=0.17194240001845174>
208.5014 	DATA 	Keypress: 2
208.5032 	EXP 	Device response: <KeyPress from None: t=208.49837720001233, value=2, duration=None>
208.6186 	EXP 	Device response: <KeyPress from None: t=208.49837720001233, value=2, duration=0.1116279999841936>
208.6850 	DATA 	Keypress: 1
208.6857 	EXP 	Device response: <KeyPress from None: t=208.677468400012, value=1, duration=None>
208.8521 	EXP 	Device response: <KeyPress from None: t=208.677468400012, value=1, duration=0.17191669999738224>
210.0841 	DATA 	Mouse: Left button down, pos=(962,193)
210.0848 	EXP 	New trial (rep=3, index=6): <Trial 42 (6 in rep 3) data={'delay': 0.1, 'freq': 1000, 'condition': 'exp', 'thisN': 42, 'thisTrialN': 6, 'thisRepN': 3}>
210.1001 	EXP 	text: autoDraw = False
210.1001 	EXP 	textbox: autoDraw = False
210.1001 	EXP 	polygon: autoDraw = True
210.3191 	DATA 	Mouse:  Left button up, pos=(962,193)
210.9501 	EXP 	Device response: <KeyPress from None: t=210.9347272000159, value=space, duration=None>
210.9513 	DATA 	Keypress: space
211.0671 	EXP 	Device response: <KeyPress from None: t=206.85540580001543, value=space, duration=4.19604260000051>
211.1001 	INFO 	Keyboard events cleared
211.1000 	EXP 	polygon: autoDraw = False
211.1000 	EXP 	polygon_2: autoDraw = True
212.2000 	EXP 	Device response: <KeyPress from None: t=212.18976780000958, value=space, duration=None>
212.2010 	DATA 	Keypress: space
212.2166 	EXP 	polygon: autoDraw = False
212.2166 	EXP 	polygon_2: autoDraw = False
212.2833 	EXP 	Sound sound_1 reached end of file
212.2996 	EXP 	Playing sound sound_1 on speaker Speaker (Realtek(R) Audio)
212.3167 	EXP 	Device response: <KeyPress from None: t=210.9347272000159, value=space, duration=1.3720768000057433>
212.6025 	EXP 	Sound sound_1 stopped
212.6108 	EXP 	text: autoDraw = True
212.6108 	EXP 	textbox: autoDraw = True
213.1007 	DATA 	Keypress: 1
213.1013 	EXP 	Device response: <KeyPress from None: t=213.09829940000782, value=1, duration=None>
213.2338 	EXP 	Device response: <KeyPress from None: t=213.09829940000782, value=1, duration=0.12226239999290556>
213.2661 	DATA 	Keypress: 1
213.2670 	EXP 	Device response: <KeyPress from None: t=213.26176409999607, value=1, duration=None>
213.4329 	EXP 	Device response: <KeyPress from None: t=213.26176409999607, value=1, duration=0.16071300001931377>
213.4661 	DATA 	Keypress: 2
213.4670 	EXP 	Device response: <KeyPress from None: t=213.46390000000247, value=2, duration=None>
213.6170 	EXP 	Device response: <KeyPress from None: t=213.46390000000247, value=2, duration=0.1494261999905575>
214.3862 	DATA 	Mouse: Left button down, pos=(962,193)
214.4008 	EXP 	New trial (rep=3, index=7): <Trial 43 (7 in rep 3) data={'delay': 0.4, 'freq': 1000, 'condition': 'exp', 'thisN': 43, 'thisTrialN': 7, 'thisRepN': 3}>
214.4151 	EXP 	text: autoDraw = False
214.4151 	EXP 	textbox: autoDraw = False
214.4151 	EXP 	polygon: autoDraw = True
214.6182 	DATA 	Mouse:  Left button up, pos=(962,193)
215.4153 	INFO 	Keyboard events cleared
215.4151 	EXP 	polygon: autoDraw = False
215.4151 	EXP 	polygon_2: autoDraw = True
217.2649 	EXP 	Device response: <KeyPress from None: t=217.25538810002035, value=space, duration=None>
217.2663 	DATA 	Keypress: space
217.2812 	EXP 	polygon: autoDraw = False
217.2812 	EXP 	polygon_2: autoDraw = False
217.3646 	EXP 	Device response: <KeyPress from None: t=212.18976780000958, value=space, duration=5.166038800001843>
217.6478 	EXP 	Sound sound_1 reached end of file
217.6642 	EXP 	Playing sound sound_1 on speaker Speaker (Realtek(R) Audio)
217.9603 	EXP 	Sound sound_1 stopped
217.9708 	EXP 	text: autoDraw = True
217.9708 	EXP 	textbox: autoDraw = True
218.7849 	DATA 	Keypress: 7
218.7980 	EXP 	Device response: <KeyPress from None: t=218.78380760000437, value=7, duration=None>
218.8976 	EXP 	Device response: <KeyPress from None: t=218.78380760000437, value=7, duration=0.10056809999514371>
218.9982 	DATA 	Keypress: 6
218.9992 	EXP 	Device response: <KeyPress from None: t=218.9903481999936, value=6, duration=None>
219.0986 	EXP 	Device response: <KeyPress from None: t=218.9903481999936, value=6, duration=0.10575650000828318>
219.2141 	DATA 	Keypress: 5
219.2148 	EXP 	Device response: <KeyPress from None: t=219.20958140000585, value=5, duration=None>
219.3308 	EXP 	Device response: <KeyPress from None: t=219.20958140000585, value=5, duration=0.1052544999984093>
220.6472 	DATA 	Mouse: Left button down, pos=(962,193)
220.6479 	EXP 	New trial (rep=3, index=8): <Trial 44 (8 in rep 3) data={'delay': 0.1, 'freq': 1000, 'condition': 'exp', 'thisN': 44, 'thisTrialN': 8, 'thisRepN': 3}>
220.6635 	EXP 	text: autoDraw = False
220.6635 	EXP 	textbox: autoDraw = False
220.6635 	EXP 	polygon: autoDraw = True
220.8813 	DATA 	Mouse:  Left button up, pos=(962,193)
221.6633 	INFO 	Keyboard events cleared
221.6632 	EXP 	polygon: autoDraw = False
221.6632 	EXP 	polygon_2: autoDraw = True
222.4299 	EXP 	Device response: <KeyPress from None: t=222.41644210001687, value=space, duration=None>
222.4318 	DATA 	Keypress: space
222.4461 	EXP 	polygon: autoDraw = False
222.4461 	EXP 	polygon_2: autoDraw = False
222.5128 	EXP 	Sound sound_1 reached end of file
222.5292 	EXP 	Playing sound sound_1 on speaker Speaker (Realtek(R) Audio)
222.5130 	EXP 	Device response: <KeyPress from None: t=217.25538810002035, value=space, duration=5.25626879997435>
222.8308 	EXP 	Sound sound_1 stopped
222.8397 	EXP 	text: autoDraw = True
222.8397 	EXP 	textbox: autoDraw = True
223.7633 	DATA 	Keypress: 4
223.7641 	EXP 	Device response: <KeyPress from None: t=223.75534649999463, value=4, duration=None>
223.8816 	EXP 	Device response: <KeyPress from None: t=223.75534649999463, value=4, duration=0.11644520002300851>
223.9630 	DATA 	Keypress: 5
223.9646 	EXP 	Device response: <KeyPress from None: t=223.95543400000315, value=5, duration=None>
224.0626 	EXP 	Device response: <KeyPress from None: t=223.95543400000315, value=5, duration=0.10046230000443757>
224.1152 	DATA 	Keypress: 6
224.1293 	EXP 	Device response: <KeyPress from None: t=224.11290599999484, value=6, duration=None>
224.2468 	EXP 	Device response: <KeyPress from None: t=224.11290599999484, value=6, duration=0.12785489999805577>
225.4963 	DATA 	Mouse: Left button down, pos=(962,193)
225.4970 	EXP 	New trial (rep=3, index=9): <Trial 45 (9 in rep 3) data={'delay': 0.7, 'freq': 400, 'condition': 'unexp', 'thisN': 45, 'thisTrialN': 9, 'thisRepN': 3}>
225.5115 	EXP 	text: autoDraw = False
225.5115 	EXP 	textbox: autoDraw = False
225.5115 	EXP 	polygon: autoDraw = True
225.7306 	DATA 	Mouse:  Left button up, pos=(962,193)
226.5115 	INFO 	Keyboard events cleared
226.5113 	EXP 	polygon: autoDraw = False
226.5113 	EXP 	polygon_2: autoDraw = True
226.7946 	EXP 	Device response: <KeyPress from None: t=226.79183570001624, value=space, duration=None>
226.7956 	DATA 	Keypress: space
226.8110 	EXP 	polygon: autoDraw = False
226.8110 	EXP 	polygon_2: autoDraw = False
226.8616 	EXP 	Device response: <KeyPress from None: t=222.41644210001687, value=space, duration=4.437349199986784>
227.4780 	EXP 	Sound sound_1 reached end of file
227.4943 	EXP 	Playing sound sound_1 on speaker Speaker (Realtek(R) Audio)
227.7879 	EXP 	Sound sound_1 stopped
227.7956 	EXP 	text: autoDraw = True
227.7956 	EXP 	textbox: autoDraw = True
228.4454 	DATA 	Keypress: 7
228.4465 	EXP 	Device response: <KeyPress from None: t=228.44356330001028, value=7, duration=None>
228.5621 	EXP 	Device response: <KeyPress from None: t=228.44356330001028, value=7, duration=0.11490479999338277>
228.7110 	DATA 	Keypress: 8
228.7122 	EXP 	Device response: <KeyPress from None: t=228.70447100000456, value=8, duration=None>
228.8116 	EXP 	Device response: <KeyPress from None: t=228.70447100000456, value=8, duration=0.09408209999674>
228.9775 	DATA 	Keypress: 9
228.9784 	EXP 	Device response: <KeyPress from None: t=228.97423130000243, value=9, duration=None>
229.0624 	EXP 	Device response: <KeyPress from None: t=228.97423130000243, value=9, duration=0.0786831000004895>
230.0106 	DATA 	Mouse: Left button down, pos=(962,193)
230.0111 	EXP 	New trial (rep=3, index=10): <Trial 46 (10 in rep 3) data={'delay': 0.4, 'freq': 1000, 'condition': 'exp', 'thisN': 46, 'thisTrialN': 10, 'thisRepN': 3}>
230.0269 	EXP 	text: autoDraw = False
230.0269 	EXP 	textbox: autoDraw = False
230.0269 	EXP 	polygon: autoDraw = True
230.2283 	DATA 	Mouse:  Left button up, pos=(962,193)
230.9602 	EXP 	Device response: <KeyPress from None: t=230.94876890000887, value=space, duration=None>
230.9613 	DATA 	Keypress: space
231.0269 	INFO 	Keyboard events cleared
231.0266 	EXP 	polygon: autoDraw = False
231.0266 	EXP 	polygon_2: autoDraw = True
234.0772 	DATA 	Keypress: space
234.0927 	EXP 	Device response: <KeyPress from None: t=234.07645600000978, value=space, duration=None>
234.1090 	EXP 	polygon: autoDraw = False
234.1090 	EXP 	polygon_2: autoDraw = False
234.2258 	EXP 	Device response: <KeyPress from None: t=226.79183570001624, value=space, duration=7.429988699994283>
234.4923 	EXP 	Sound sound_1 reached end of file
234.5086 	EXP 	Playing sound sound_1 on speaker Speaker (Realtek(R) Audio)
234.8018 	EXP 	Sound sound_1 stopped
234.8088 	EXP 	text: autoDraw = True
234.8088 	EXP 	textbox: autoDraw = True
235.2620 	DATA 	Keypress: 1
235.2753 	EXP 	Device response: <KeyPress from None: t=235.26072200000635, value=1, duration=None>
235.3756 	EXP 	Device response: <KeyPress from None: t=235.26072200000635, value=1, duration=0.10565599999972619>
235.4255 	DATA 	Keypress: 1
235.4262 	EXP 	Device response: <KeyPress from None: t=235.41618630001904, value=1, duration=None>
235.5603 	EXP 	Device response: <KeyPress from None: t=235.41618630001904, value=1, duration=0.13388589999522083>
236.3946 	DATA 	Mouse: Left button down, pos=(962,195)
236.4089 	EXP 	New trial (rep=3, index=11): <Trial 47 (11 in rep 3) data={'delay': 0.1, 'freq': 400, 'condition': 'unexp', 'thisN': 47, 'thisTrialN': 11, 'thisRepN': 3}>
236.4248 	EXP 	text: autoDraw = False
236.4248 	EXP 	textbox: autoDraw = False
236.4248 	EXP 	polygon: autoDraw = True
236.6265 	DATA 	Mouse:  Left button up, pos=(962,195)
237.4244 	INFO 	Keyboard events cleared
237.4243 	EXP 	polygon: autoDraw = False
237.4243 	EXP 	polygon_2: autoDraw = True
239.3243 	EXP 	Device response: <KeyPress from None: t=239.31259489999502, value=space, duration=None>
239.3265 	DATA 	Keypress: space
239.3403 	EXP 	polygon: autoDraw = False
239.3403 	EXP 	polygon_2: autoDraw = False
239.3740 	EXP 	Device response: <KeyPress from None: t=230.94876890000887, value=space, duration=8.41980189998867>
239.4075 	EXP 	Sound sound_1 reached end of file
239.4238 	EXP 	Playing sound sound_1 on speaker Speaker (Realtek(R) Audio)
239.7187 	EXP 	Sound sound_1 stopped
239.7263 	EXP 	text: autoDraw = True
239.7263 	EXP 	textbox: autoDraw = True
240.4905 	DATA 	Keypress: 6
240.4911 	EXP 	Device response: <KeyPress from None: t=240.47972510001273, value=6, duration=None>
240.6068 	EXP 	Device response: <KeyPress from None: t=240.47972510001273, value=6, duration=0.11205269998754375>
240.6599 	DATA 	Keypress: 5
240.6738 	EXP 	Device response: <KeyPress from None: t=240.65730130000156, value=5, duration=None>
240.7910 	EXP 	Device response: <KeyPress from None: t=240.65730130000156, value=5, duration=0.12388820000342093>
240.8443 	DATA 	Keypress: 4
240.8568 	EXP 	Device response: <KeyPress from None: t=240.84304530001828, value=4, duration=None>
240.9743 	EXP 	Device response: <KeyPress from None: t=240.84304530001828, value=4, duration=0.12306640000315383>
241.7925 	DATA 	Mouse: Left button down, pos=(962,195)
241.8079 	EXP 	New trial (rep=4, index=0): <Trial 48 (0 in rep 4) data={'delay': 0.7, 'freq': 1000, 'condition': 'exp', 'thisN': 48, 'thisTrialN': 0, 'thisRepN': 4}>
241.8229 	EXP 	text: autoDraw = False
241.8229 	EXP 	textbox: autoDraw = False
241.8229 	EXP 	polygon: autoDraw = True
242.0233 	DATA 	Mouse:  Left button up, pos=(962,195)
242.8228 	INFO 	Keyboard events cleared
242.8227 	EXP 	polygon: autoDraw = False
242.8227 	EXP 	polygon_2: autoDraw = True
243.9559 	EXP 	Device response: <KeyPress from None: t=243.95348580001155, value=space, duration=None>
243.9580 	DATA 	Keypress: space
243.9722 	EXP 	polygon: autoDraw = False
243.9722 	EXP 	polygon_2: autoDraw = False
244.0723 	EXP 	Device response: <KeyPress from None: t=234.07645600000978, value=space, duration=9.993808400002308>
244.6391 	EXP 	Sound sound_1 reached end of file
244.6555 	EXP 	Playing sound sound_1 on speaker Speaker (Realtek(R) Audio)
244.9588 	EXP 	Sound sound_1 stopped
244.9684 	EXP 	text: autoDraw = True
244.9684 	EXP 	textbox: autoDraw = True
246.6058 	DATA 	Keypress: 3
246.6075 	EXP 	Device response: <KeyPress from None: t=246.5998918999976, value=3, duration=None>
246.7223 	EXP 	Device response: <KeyPress from None: t=246.5998918999976, value=3, duration=0.12082559999544173>
246.8050 	DATA 	Keypress: 4
246.8063 	EXP 	Device response: <KeyPress from None: t=246.79506590001984, value=4, duration=None>
246.9388 	EXP 	Device response: <KeyPress from None: t=246.79506590001984, value=4, duration=0.13945039999089204>
247.0217 	DATA 	Keypress: 5
247.0225 	EXP 	Device response: <KeyPress from None: t=247.01317180000478, value=5, duration=None>
247.1717 	EXP 	Device response: <KeyPress from None: t=247.01317180000478, value=5, duration=0.14505930000450462>
249.7740 	DATA 	Keypress: space
249.7871 	EXP 	Device response: <KeyPress from None: t=249.7715259999968, value=space, duration=None>
249.9217 	EXP 	Device response: <KeyPress from None: t=239.31259489999502, value=space, duration=10.607129500014707>
251.0908 	DATA 	Mouse: Left button down, pos=(962,195)
251.1041 	EXP 	New trial (rep=4, index=1): <Trial 49 (1 in rep 4) data={'delay': 0.7, 'freq': 1000, 'condition': 'exp', 'thisN': 49, 'thisTrialN': 1, 'thisRepN': 4}>
251.1195 	EXP 	text: autoDraw = False
251.1195 	EXP 	textbox: autoDraw = False
251.1195 	EXP 	polygon: autoDraw = True
251.3217 	DATA 	Mouse:  Left button up, pos=(962,195)
252.1194 	INFO 	Keyboard events cleared
252.1193 	EXP 	polygon: autoDraw = False
252.1193 	EXP 	polygon_2: autoDraw = True
253.5690 	EXP 	Device response: <KeyPress from None: t=253.55904180000653, value=space, duration=None>
253.5700 	DATA 	Keypress: space
253.5855 	EXP 	polygon: autoDraw = False
253.5855 	EXP 	polygon_2: autoDraw = False
253.6191 	EXP 	Device response: <KeyPress from None: t=243.95348580001155, value=space, duration=9.648843100003432>
254.2524 	EXP 	Sound sound_1 reached end of file
254.2688 	EXP 	Playing sound sound_1 on speaker Speaker (Realtek(R) Audio)
254.5717 	EXP 	Sound sound_1 stopped
254.5798 	EXP 	text: autoDraw = True
254.5798 	EXP 	textbox: autoDraw = True
255.2859 	DATA 	Keypress: 1
255.2866 	EXP 	Device response: <KeyPress from None: t=255.28459340002155, value=1, duration=None>
255.3872 	EXP 	Device response: <KeyPress from None: t=255.28459340002155, value=1, duration=0.09309849998680875>
255.4358 	DATA 	Keypress: 1
255.4365 	EXP 	Device response: <KeyPress from None: t=255.43286450000596, value=1, duration=None>
255.5526 	EXP 	Device response: <KeyPress from None: t=255.43286450000596, value=1, duration=0.11830900001223199>
255.6364 	DATA 	Keypress: 2
255.6370 	EXP 	Device response: <KeyPress from None: t=255.63458240000182, value=2, duration=None>
255.7355 	EXP 	Device response: <KeyPress from None: t=255.63458240000182, value=2, duration=0.08876700000837445>
255.7854 	DATA 	Keypress: 2
255.7862 	EXP 	Device response: <KeyPress from None: t=255.77995620001457, value=2, duration=None>
255.8851 	EXP 	Device response: <KeyPress from None: t=255.77995620001457, value=2, duration=0.09060229998431168>
256.8191 	DATA 	Keypress: backspace
256.8199 	EXP 	Device response: <KeyPress from None: t=256.8146270000143, value=backspace, duration=None>
256.9360 	EXP 	Device response: <KeyPress from None: t=256.8146270000143, value=backspace, duration=0.11724609998054802>
257.5714 	DATA 	Mouse: Left button down, pos=(962,195)
257.5853 	EXP 	New trial (rep=4, index=2): <Trial 50 (2 in rep 4) data={'delay': 0.7, 'freq': 1000, 'condition': 'exp', 'thisN': 50, 'thisTrialN': 2, 'thisRepN': 4}>
257.6010 	EXP 	text: autoDraw = False
257.6010 	EXP 	textbox: autoDraw = False
257.6010 	EXP 	polygon: autoDraw = True
257.8026 	DATA 	Mouse:  Left button up, pos=(962,195)
258.6007 	INFO 	Keyboard events cleared
258.6005 	EXP 	polygon: autoDraw = False
258.6005 	EXP 	polygon_2: autoDraw = True
260.9179 	DATA 	Mouse: Left button down, pos=(962,195)
261.1346 	DATA 	Mouse:  Left button up, pos=(962,195)
261.7999 	EXP 	Device response: <KeyPress from None: t=261.79055340000195, value=space, duration=None>
261.8021 	DATA 	Keypress: space
261.8161 	EXP 	polygon: autoDraw = False
261.8161 	EXP 	polygon_2: autoDraw = False
261.9166 	EXP 	Device response: <KeyPress from None: t=249.7715259999968, value=space, duration=12.136732200015103>
262.4830 	EXP 	Sound sound_1 reached end of file
262.4993 	EXP 	Playing sound sound_1 on speaker Speaker (Realtek(R) Audio)
262.7983 	EXP 	Sound sound_1 stopped
262.8094 	EXP 	text: autoDraw = True
262.8094 	EXP 	textbox: autoDraw = True
263.4888 	DATA 	Keypress: 7
263.5007 	EXP 	Device response: <KeyPress from None: t=263.48787780001294, value=7, duration=None>
263.5834 	EXP 	Device response: <KeyPress from None: t=263.48787780001294, value=7, duration=0.09377029997995123>
263.6493 	DATA 	Keypress: 7
263.6506 	EXP 	Device response: <KeyPress from None: t=263.64620479999576, value=7, duration=None>
263.7664 	EXP 	Device response: <KeyPress from None: t=263.64620479999576, value=7, duration=0.11583610001252964>
265.2489 	DATA 	Mouse: Left button down, pos=(962,195)
265.2496 	EXP 	New trial (rep=4, index=3): <Trial 51 (3 in rep 4) data={'delay': 0.1, 'freq': 400, 'condition': 'unexp', 'thisN': 51, 'thisTrialN': 3, 'thisRepN': 4}>
265.2651 	EXP 	text: autoDraw = False
265.2651 	EXP 	textbox: autoDraw = False
265.2651 	EXP 	polygon: autoDraw = True
265.4829 	DATA 	Mouse:  Left button up, pos=(962,195)
266.2650 	INFO 	Keyboard events cleared
266.2648 	EXP 	polygon: autoDraw = False
266.2648 	EXP 	polygon_2: autoDraw = True
267.7481 	EXP 	Device response: <KeyPress from None: t=267.7468868000142, value=space, duration=None>
267.7503 	DATA 	Keypress: space
267.7642 	EXP 	polygon: autoDraw = False
267.7642 	EXP 	polygon_2: autoDraw = False
267.8313 	EXP 	Sound sound_1 reached end of file
267.8476 	EXP 	Playing sound sound_1 on speaker Speaker (Realtek(R) Audio)
267.9646 	EXP 	Device response: <KeyPress from None: t=253.55904180000653, value=space, duration=14.393429699994158>
268.1406 	EXP 	Sound sound_1 stopped
268.1511 	EXP 	text: autoDraw = True
268.1511 	EXP 	textbox: autoDraw = True
269.3645 	DATA 	Keypress: 3
269.3652 	EXP 	Device response: <KeyPress from None: t=269.36348319999524, value=3, duration=None>
269.4828 	EXP 	Device response: <KeyPress from None: t=269.36348319999524, value=3, duration=0.11701270000776276>
269.5804 	DATA 	Keypress: 2
269.5818 	EXP 	Device response: <KeyPress from None: t=269.57207120000385, value=2, duration=None>
269.6982 	EXP 	Device response: <KeyPress from None: t=269.57207120000385, value=2, duration=0.12283179999212734>
269.8976 	DATA 	Keypress: 1
269.8997 	EXP 	Device response: <KeyPress from None: t=269.89101870000013, value=1, duration=None>
270.0987 	EXP 	Device response: <KeyPress from None: t=269.89101870000013, value=1, duration=0.20492049999302253>
271.1668 	DATA 	Mouse: Left button down, pos=(962,195)
271.1815 	EXP 	New trial (rep=4, index=4): <Trial 52 (4 in rep 4) data={'delay': 0.1, 'freq': 1000, 'condition': 'exp', 'thisN': 52, 'thisTrialN': 4, 'thisRepN': 4}>
271.1964 	EXP 	text: autoDraw = False
271.1964 	EXP 	textbox: autoDraw = False
271.1964 	EXP 	polygon: autoDraw = True
271.3982 	DATA 	Mouse:  Left button up, pos=(962,195)
272.1962 	INFO 	Keyboard events cleared
272.1961 	EXP 	polygon: autoDraw = False
272.1961 	EXP 	polygon_2: autoDraw = True
272.4630 	EXP 	Device response: <KeyPress from None: t=272.45345450000605, value=space, duration=None>
272.4651 	DATA 	Keypress: space
272.4791 	EXP 	polygon: autoDraw = False
272.4791 	EXP 	polygon_2: autoDraw = False
272.5462 	EXP 	Sound sound_1 reached end of file
272.5625 	EXP 	Playing sound sound_1 on speaker Speaker (Realtek(R) Audio)
272.6794 	EXP 	Device response: <KeyPress from None: t=261.79055340000195, value=space, duration=10.872676700004376>
272.8596 	EXP 	Sound sound_1 stopped
272.8666 	EXP 	text: autoDraw = True
272.8666 	EXP 	textbox: autoDraw = True
273.9006 	DATA 	Keypress: 7
273.9125 	EXP 	Device response: <KeyPress from None: t=273.8973496000108, value=7, duration=None>
274.0125 	EXP 	Device response: <KeyPress from None: t=273.8973496000108, value=7, duration=0.09972639998886734>
274.0797 	DATA 	Keypress: 7
274.0809 	EXP 	Device response: <KeyPress from None: t=274.0706352000125, value=7, duration=None>
274.1805 	EXP 	Device response: <KeyPress from None: t=274.0706352000125, value=7, duration=0.10719290000270121>
275.3141 	DATA 	Mouse: Left button down, pos=(962,195)
275.3298 	EXP 	New trial (rep=4, index=5): <Trial 53 (5 in rep 4) data={'delay': 0.7, 'freq': 400, 'condition': 'unexp', 'thisN': 53, 'thisTrialN': 5, 'thisRepN': 4}>
275.3447 	EXP 	text: autoDraw = False
275.3447 	EXP 	textbox: autoDraw = False
275.3447 	EXP 	polygon: autoDraw = True
275.5463 	DATA 	Mouse:  Left button up, pos=(962,195)
276.3449 	INFO 	Keyboard events cleared
276.3448 	EXP 	polygon: autoDraw = False
276.3448 	EXP 	polygon_2: autoDraw = True
278.0281 	EXP 	Device response: <KeyPress from None: t=278.0152049000026, value=space, duration=None>
278.0300 	DATA 	Keypress: space
278.0439 	EXP 	polygon: autoDraw = False
278.0439 	EXP 	polygon_2: autoDraw = False
278.2606 	EXP 	Device response: <KeyPress from None: t=267.7468868000142, value=space, duration=10.497229400003562>
278.7275 	EXP 	Sound sound_1 reached end of file
278.7439 	EXP 	Playing sound sound_1 on speaker Speaker (Realtek(R) Audio)
279.0404 	EXP 	Sound sound_1 stopped
279.0482 	EXP 	text: autoDraw = True
279.0482 	EXP 	textbox: autoDraw = True
280.1274 	DATA 	Keypress: 1
280.1280 	EXP 	Device response: <KeyPress from None: t=280.1247415000107, value=1, duration=None>
280.2277 	EXP 	Device response: <KeyPress from None: t=280.1247415000107, value=1, duration=0.09547480000765063>
280.2792 	DATA 	Keypress: 1
280.2936 	EXP 	Device response: <KeyPress from None: t=280.2785039000155, value=1, duration=None>
280.4270 	EXP 	Device response: <KeyPress from None: t=280.2785039000155, value=1, duration=0.1442166999913752>
281.6431 	DATA 	Mouse: Left button down, pos=(962,195)
281.6438 	EXP 	New trial (rep=4, index=6): <Trial 54 (6 in rep 4) data={'delay': 0.4, 'freq': 1000, 'condition': 'exp', 'thisN': 54, 'thisTrialN': 6, 'thisRepN': 4}>
281.6597 	EXP 	text: autoDraw = False
281.6597 	EXP 	textbox: autoDraw = False
281.6597 	EXP 	polygon: autoDraw = True
281.8610 	DATA 	Mouse:  Left button up, pos=(962,195)
282.3596 	EXP 	Device response: <KeyPress from None: t=282.35443760000635, value=space, duration=None>
282.3606 	DATA 	Keypress: space
282.4931 	EXP 	Device response: <KeyPress from None: t=272.45345450000605, value=space, duration=10.02844150000601>
282.6592 	INFO 	Keyboard events cleared
282.6590 	EXP 	polygon: autoDraw = False
282.6590 	EXP 	polygon_2: autoDraw = True
284.4758 	EXP 	Device response: <KeyPress from None: t=284.46195240001543, value=space, duration=None>
284.4780 	DATA 	Keypress: space
284.4919 	EXP 	polygon: autoDraw = False
284.4919 	EXP 	polygon_2: autoDraw = False
284.6089 	EXP 	Device response: <KeyPress from None: t=278.0152049000026, value=space, duration=6.587127900013002>
284.8752 	EXP 	Sound sound_1 reached end of file
284.8916 	EXP 	Playing sound sound_1 on speaker Speaker (Realtek(R) Audio)
285.1898 	EXP 	Sound sound_1 stopped
285.2005 	EXP 	text: autoDraw = True
285.2005 	EXP 	textbox: autoDraw = True
285.4985 	DATA 	Keypress: 4
285.5091 	EXP 	Device response: <KeyPress from None: t=285.49558160000015, value=4, duration=None>
285.5597 	EXP 	Device response: <KeyPress from None: t=285.49558160000015, value=4, duration=0.055267499992623925>
285.8151 	DATA 	Keypress: 4
285.8252 	EXP 	Device response: <KeyPress from None: t=285.8140775000211, value=4, duration=None>
285.8920 	EXP 	Device response: <KeyPress from None: t=285.8140775000211, value=4, duration=0.06812869998975657>
286.0582 	DATA 	Keypress: 4
286.0589 	EXP 	Device response: <KeyPress from None: t=286.0490056000126, value=4, duration=None>
286.1082 	EXP 	Device response: <KeyPress from None: t=286.0490056000126, value=4, duration=0.04547320000710897>
286.8916 	DATA 	Mouse: Left button down, pos=(962,195)
286.8923 	EXP 	New trial (rep=4, index=7): <Trial 55 (7 in rep 4) data={'delay': 0.4, 'freq': 1000, 'condition': 'exp', 'thisN': 55, 'thisTrialN': 7, 'thisRepN': 4}>
286.9076 	EXP 	text: autoDraw = False
286.9076 	EXP 	textbox: autoDraw = False
286.9076 	EXP 	polygon: autoDraw = True
287.1101 	DATA 	Mouse:  Left button up, pos=(962,195)
287.9077 	INFO 	Keyboard events cleared
287.9075 	EXP 	polygon: autoDraw = False
287.9075 	EXP 	polygon_2: autoDraw = True
288.0245 	EXP 	Device response: <KeyPress from None: t=288.01414320000913, value=space, duration=None>
288.0266 	DATA 	Keypress: space
288.0405 	EXP 	polygon: autoDraw = False
288.0405 	EXP 	polygon_2: autoDraw = False
288.1242 	EXP 	Device response: <KeyPress from None: t=282.35443760000635, value=space, duration=5.765142999996897>
288.4076 	EXP 	Sound sound_1 reached end of file
288.4239 	EXP 	Playing sound sound_1 on speaker Speaker (Realtek(R) Audio)
288.7230 	EXP 	Sound sound_1 stopped
288.7304 	EXP 	text: autoDraw = True
288.7304 	EXP 	textbox: autoDraw = True
289.3403 	DATA 	Keypress: 8
289.3409 	EXP 	Device response: <KeyPress from None: t=289.33626440001535, value=8, duration=None>
289.4573 	EXP 	Device response: <KeyPress from None: t=289.33626440001535, value=8, duration=0.10626549998414703>
289.4905 	DATA 	Keypress: 8
289.4917 	EXP 	Device response: <KeyPress from None: t=289.4836985000002, value=8, duration=None>
289.6079 	EXP 	Device response: <KeyPress from None: t=289.4836985000002, value=8, duration=0.1225830000184942>
290.3767 	DATA 	Mouse: Left button down, pos=(962,195)
290.3906 	EXP 	New trial (rep=4, index=8): <Trial 56 (8 in rep 4) data={'delay': 0.1, 'freq': 1000, 'condition': 'exp', 'thisN': 56, 'thisTrialN': 8, 'thisRepN': 4}>
290.4064 	EXP 	text: autoDraw = False
290.4064 	EXP 	textbox: autoDraw = False
290.4064 	EXP 	polygon: autoDraw = True
290.6077 	DATA 	Mouse:  Left button up, pos=(962,195)
291.3897 	INFO 	Keyboard events cleared
291.3895 	EXP 	polygon_2: autoDraw = True
291.4062 	EXP 	polygon: autoDraw = False
291.4917 	DATA 	Keypress: space
291.5068 	EXP 	Device response: <KeyPress from None: t=291.4904959000123, value=space, duration=None>
291.5227 	EXP 	polygon: autoDraw = False
291.5227 	EXP 	polygon_2: autoDraw = False
291.5895 	EXP 	Sound sound_1 reached end of file
291.6060 	EXP 	Playing sound sound_1 on speaker Speaker (Realtek(R) Audio)
291.6061 	EXP 	Device response: <KeyPress from None: t=284.46195240001543, value=space, duration=7.128700799978105>
291.9032 	EXP 	Sound sound_1 stopped
291.9144 	EXP 	text: autoDraw = True
291.9144 	EXP 	textbox: autoDraw = True
292.5073 	DATA 	Keypress: 9
292.5085 	EXP 	Device response: <KeyPress from None: t=292.50239720000536, value=9, duration=None>
292.6070 	EXP 	Device response: <KeyPress from None: t=292.50239720000536, value=9, duration=0.09988359999260865>
292.6563 	DATA 	Keypress: 9
292.6577 	EXP 	Device response: <KeyPress from None: t=292.65462889999617, value=9, duration=None>
292.7739 	EXP 	Device response: <KeyPress from None: t=292.65462889999617, value=9, duration=0.11169180000433698>
294.5889 	DATA 	Mouse: Left button down, pos=(962,195)
294.5897 	EXP 	New trial (rep=4, index=9): <Trial 57 (9 in rep 4) data={'delay': 0.4, 'freq': 400, 'condition': 'unexp', 'thisN': 57, 'thisTrialN': 9, 'thisRepN': 4}>
294.6051 	EXP 	text: autoDraw = False
294.6051 	EXP 	textbox: autoDraw = False
294.6051 	EXP 	polygon: autoDraw = True
294.8239 	DATA 	Mouse:  Left button up, pos=(962,195)
295.6051 	INFO 	Keyboard events cleared
295.6049 	EXP 	polygon: autoDraw = False
295.6049 	EXP 	polygon_2: autoDraw = True
296.4382 	EXP 	Device response: <KeyPress from None: t=296.43643860000884, value=1, duration=None>
296.4393 	DATA 	Keypress: 1
296.5382 	EXP 	Device response: <KeyPress from None: t=296.43643860000884, value=1, duration=0.09487989998888224>
296.6217 	EXP 	Device response: <KeyPress from None: t=296.6058969000005, value=1, duration=None>
296.6228 	DATA 	Keypress: 1
296.7549 	EXP 	Device response: <KeyPress from None: t=296.6058969000005, value=1, duration=0.1333648000145331>
297.2881 	EXP 	Device response: <KeyPress from None: t=297.2752371999959, value=space, duration=None>
297.2901 	DATA 	Keypress: space
297.3042 	EXP 	polygon: autoDraw = False
297.3042 	EXP 	polygon_2: autoDraw = False
297.4047 	EXP 	Device response: <KeyPress from None: t=288.01414320000913, value=space, duration=9.384386099991389>
297.6711 	EXP 	Sound sound_1 reached end of file
297.6874 	EXP 	Playing sound sound_1 on speaker Speaker (Realtek(R) Audio)
297.9823 	EXP 	Sound sound_1 stopped
297.9906 	EXP 	text: autoDraw = True
297.9906 	EXP 	textbox: autoDraw = True
298.3548 	DATA 	Keypress: 3
298.3554 	EXP 	Device response: <KeyPress from None: t=298.3416101000039, value=3, duration=None>
298.4549 	EXP 	Device response: <KeyPress from None: t=298.3416101000039, value=3, duration=0.10453410001355223>
298.5250 	DATA 	Keypress: 4
298.5375 	EXP 	Device response: <KeyPress from None: t=298.52306300000055, value=4, duration=None>
298.6385 	EXP 	Device response: <KeyPress from None: t=298.52306300000055, value=4, duration=0.11115630000131205>
298.7252 	DATA 	Keypress: 5
298.7378 	EXP 	Device response: <KeyPress from None: t=298.7236948000209, value=5, duration=None>
298.8376 	EXP 	Device response: <KeyPress from None: t=298.7236948000209, value=5, duration=0.10121949997846968>
299.7704 	DATA 	Mouse: Left button down, pos=(962,195)
299.7713 	EXP 	New trial (rep=4, index=10): <Trial 58 (10 in rep 4) data={'delay': 0.4, 'freq': 1000, 'condition': 'exp', 'thisN': 58, 'thisTrialN': 10, 'thisRepN': 4}>
299.7866 	EXP 	text: autoDraw = False
299.7866 	EXP 	textbox: autoDraw = False
299.7866 	EXP 	polygon: autoDraw = True
299.9887 	DATA 	Mouse:  Left button up, pos=(962,195)
300.7865 	INFO 	Keyboard events cleared
300.7863 	EXP 	polygon: autoDraw = False
300.7863 	EXP 	polygon_2: autoDraw = True
300.9368 	EXP 	Device response: <KeyPress from None: t=300.9324667000037, value=space, duration=None>
300.9388 	DATA 	Keypress: space
300.9529 	EXP 	polygon: autoDraw = False
300.9529 	EXP 	polygon_2: autoDraw = False
301.0367 	EXP 	Device response: <KeyPress from None: t=291.4904959000123, value=space, duration=9.543262399995001>
301.3197 	EXP 	Sound sound_1 reached end of file
301.3360 	EXP 	Playing sound sound_1 on speaker Speaker (Realtek(R) Audio)
301.6292 	EXP 	Sound sound_1 stopped
301.6360 	EXP 	text: autoDraw = True
301.6360 	EXP 	textbox: autoDraw = True
302.8220 	DATA 	Keypress: 4
302.8361 	EXP 	Device response: <KeyPress from None: t=302.81983630001196, value=4, duration=None>
302.9534 	EXP 	Device response: <KeyPress from None: t=302.81983630001196, value=4, duration=0.12100139999529347>
303.1359 	DATA 	Keypress: 7
303.1370 	EXP 	Device response: <KeyPress from None: t=303.13403119999566, value=7, duration=None>
303.2861 	EXP 	Device response: <KeyPress from None: t=303.13403119999566, value=7, duration=0.1387702000210993>
303.3864 	DATA 	Keypress: 8
303.3878 	EXP 	Device response: <KeyPress from None: t=303.38520449999487, value=8, duration=None>
303.4544 	EXP 	Device response: <KeyPress from None: t=303.38520449999487, value=8, duration=0.06660320001537912>
304.7021 	DATA 	Mouse: Left button down, pos=(962,195)
304.7027 	EXP 	New trial (rep=4, index=11): <Trial 59 (11 in rep 4) data={'delay': 0.1, 'freq': 1000, 'condition': 'exp', 'thisN': 59, 'thisTrialN': 11, 'thisRepN': 4}>
304.7183 	EXP 	text: autoDraw = False
304.7183 	EXP 	textbox: autoDraw = False
304.7183 	EXP 	polygon: autoDraw = True
304.9355 	DATA 	Mouse:  Left button up, pos=(962,195)
305.7183 	INFO 	Keyboard events cleared
305.7181 	EXP 	polygon: autoDraw = False
305.7181 	EXP 	polygon_2: autoDraw = True
308.6508 	EXP 	Device response: <KeyPress from None: t=308.63716209999984, value=space, duration=None>
308.6528 	DATA 	Keypress: space
308.6672 	EXP 	polygon: autoDraw = False
308.6672 	EXP 	polygon_2: autoDraw = False
308.7341 	EXP 	Sound sound_1 reached end of file
308.7505 	EXP 	Playing sound sound_1 on speaker Speaker (Realtek(R) Audio)
308.7675 	EXP 	Device response: <KeyPress from None: t=297.2752371999959, value=space, duration=11.483666700019967>
309.0535 	EXP 	Sound sound_1 stopped
309.0614 	EXP 	text: autoDraw = True
309.0614 	EXP 	textbox: autoDraw = True
310.0397 	DATA 	Keypress: 2
310.0501 	EXP 	Device response: <KeyPress from None: t=310.0379032000201, value=2, duration=None>
310.1685 	EXP 	Device response: <KeyPress from None: t=310.0379032000201, value=2, duration=0.11880239998572506>
310.2694 	DATA 	Keypress: 3
310.2836 	EXP 	Device response: <KeyPress from None: t=310.2686053000216, value=3, duration=None>
310.4334 	EXP 	Device response: <KeyPress from None: t=310.2686053000216, value=3, duration=0.15072969999164343>
312.5669 	DATA 	Keypress: 6
312.5681 	EXP 	Device response: <KeyPress from None: t=312.55713490000926, value=6, duration=None>
312.6843 	EXP 	Device response: <KeyPress from None: t=312.55713490000926, value=6, duration=0.1177245999861043>
313.5663 	DATA 	Mouse: Left button down, pos=(962,195)
313.5669 	EXP 	New trial (rep=5, index=0): <Trial 60 (0 in rep 5) data={'delay': 0.4, 'freq': 1000, 'condition': 'exp', 'thisN': 60, 'thisTrialN': 0, 'thisRepN': 5}>
313.5821 	EXP 	text: autoDraw = False
313.5821 	EXP 	textbox: autoDraw = False
313.5821 	EXP 	polygon: autoDraw = True
313.8005 	DATA 	Mouse:  Left button up, pos=(962,195)
314.5820 	INFO 	Keyboard events cleared
314.5818 	EXP 	polygon: autoDraw = False
314.5818 	EXP 	polygon_2: autoDraw = True
316.5316 	EXP 	Device response: <KeyPress from None: t=316.53032099999837, value=space, duration=None>
316.5337 	DATA 	Keypress: space
316.5484 	EXP 	polygon: autoDraw = False
316.5484 	EXP 	polygon_2: autoDraw = False
316.6481 	EXP 	Device response: <KeyPress from None: t=300.9324667000037, value=space, duration=15.703915399994003>
316.9146 	EXP 	Sound sound_1 reached end of file
316.9309 	EXP 	Playing sound sound_1 on speaker Speaker (Realtek(R) Audio)
317.2292 	EXP 	Sound sound_1 stopped
317.2357 	EXP 	text: autoDraw = True
317.2357 	EXP 	textbox: autoDraw = True
319.1011 	DATA 	Keypress: 8
319.1139 	EXP 	Device response: <KeyPress from None: t=319.09946540000965, value=8, duration=None>
319.2141 	EXP 	Device response: <KeyPress from None: t=319.09946540000965, value=8, duration=0.10616259998641908>
319.2974 	DATA 	Keypress: 6
319.2996 	EXP 	Device response: <KeyPress from None: t=319.2899610000022, value=6, duration=None>
319.4311 	EXP 	Device response: <KeyPress from None: t=319.2899610000022, value=6, duration=0.13363520000712015>
319.9504 	DATA 	Keypress: 4
319.9635 	EXP 	Device response: <KeyPress from None: t=319.9486933000153, value=4, duration=None>
320.0663 	EXP 	Device response: <KeyPress from None: t=319.9486933000153, value=4, duration=0.10261919998447411>
320.9176 	DATA 	Mouse: Left button down, pos=(962,195)
320.9302 	EXP 	New trial (rep=5, index=1): <Trial 61 (1 in rep 5) data={'delay': 0.1, 'freq': 1000, 'condition': 'exp', 'thisN': 61, 'thisTrialN': 1, 'thisRepN': 5}>
320.9464 	EXP 	text: autoDraw = False
320.9464 	EXP 	textbox: autoDraw = False
320.9464 	EXP 	polygon: autoDraw = True
321.1475 	DATA 	Mouse:  Left button up, pos=(962,195)
321.9296 	INFO 	Keyboard events cleared
321.9295 	EXP 	polygon_2: autoDraw = True
321.9461 	EXP 	polygon: autoDraw = False
323.4967 	DATA 	Mouse: Left button down, pos=(962,195)
323.7139 	DATA 	Mouse:  Left button up, pos=(962,195)
323.9788 	EXP 	Device response: <KeyPress from None: t=323.96431060001487, value=space, duration=None>
323.9805 	DATA 	Keypress: space
323.9950 	EXP 	polygon: autoDraw = False
323.9950 	EXP 	polygon_2: autoDraw = False
324.0622 	EXP 	Sound sound_1 reached end of file
324.0786 	EXP 	Playing sound sound_1 on speaker Speaker (Realtek(R) Audio)
324.2290 	EXP 	Device response: <KeyPress from None: t=308.63716209999984, value=space, duration=15.58084229999804>
324.3814 	EXP 	Sound sound_1 stopped
324.3895 	EXP 	text: autoDraw = True
324.3895 	EXP 	textbox: autoDraw = True
325.3963 	DATA 	Keypress: 1
325.3970 	EXP 	Device response: <KeyPress from None: t=325.3948895999929, value=1, duration=None>
325.5125 	EXP 	Device response: <KeyPress from None: t=325.3948895999929, value=1, duration=0.11141710000811145>
325.5952 	DATA 	Keypress: 1
325.5958 	EXP 	Device response: <KeyPress from None: t=325.59366760001285, value=1, duration=None>
325.7615 	EXP 	Device response: <KeyPress from None: t=325.59366760001285, value=1, duration=0.15771929998300038>
326.9308 	DATA 	Mouse: Left button down, pos=(962,195)
326.9456 	EXP 	New trial (rep=5, index=2): <Trial 62 (2 in rep 5) data={'delay': 0.1, 'freq': 1000, 'condition': 'exp', 'thisN': 62, 'thisTrialN': 2, 'thisRepN': 5}>
326.9610 	EXP 	text: autoDraw = False
326.9610 	EXP 	textbox: autoDraw = False
326.9610 	EXP 	polygon: autoDraw = True
327.1629 	DATA 	Mouse:  Left button up, pos=(962,195)
327.9607 	INFO 	Keyboard events cleared
327.9606 	EXP 	polygon: autoDraw = False
327.9606 	EXP 	polygon_2: autoDraw = True
328.7108 	EXP 	Device response: <KeyPress from None: t=328.70174640000914, value=space, duration=None>
328.7129 	DATA 	Keypress: space
328.7269 	EXP 	polygon: autoDraw = False
328.7269 	EXP 	polygon_2: autoDraw = False
328.7941 	EXP 	Sound sound_1 reached end of file
328.8104 	EXP 	Playing sound sound_1 on speaker Speaker (Realtek(R) Audio)
328.9105 	EXP 	Device response: <KeyPress from None: t=316.53032099999837, value=space, duration=12.378410800010897>
329.1096 	EXP 	Sound sound_1 stopped
329.1153 	EXP 	text: autoDraw = True
329.1153 	EXP 	textbox: autoDraw = True
330.1658 	DATA 	Keypress: 7
330.1774 	EXP 	Device response: <KeyPress from None: t=330.1620219000033, value=7, duration=None>
330.2767 	EXP 	Device response: <KeyPress from None: t=330.1620219000033, value=7, duration=0.10089739999966696>
330.3270 	DATA 	Keypress: 7
330.3289 	EXP 	Device response: <KeyPress from None: t=330.3213902999996, value=7, duration=None>
330.4597 	EXP 	Device response: <KeyPress from None: t=330.3213902999996, value=7, duration=0.12743930000578985>
332.8286 	DATA 	Mouse: Left button down, pos=(962,195)
332.8429 	EXP 	New trial (rep=5, index=3): <Trial 63 (3 in rep 5) data={'delay': 0.7, 'freq': 1000, 'condition': 'exp', 'thisN': 63, 'thisTrialN': 3, 'thisRepN': 5}>
332.8588 	EXP 	text: autoDraw = False
332.8588 	EXP 	textbox: autoDraw = False
332.8588 	EXP 	polygon: autoDraw = True
333.0610 	DATA 	Mouse:  Left button up, pos=(962,195)
333.8423 	INFO 	Keyboard events cleared
333.8421 	EXP 	polygon_2: autoDraw = True
333.8587 	EXP 	polygon: autoDraw = False
335.4418 	EXP 	Device response: <KeyPress from None: t=335.4374912000203, value=space, duration=None>
335.4438 	DATA 	Keypress: space
335.4580 	EXP 	polygon: autoDraw = False
335.4580 	EXP 	polygon_2: autoDraw = False
335.5579 	EXP 	Device response: <KeyPress from None: t=323.96431060001487, value=space, duration=11.590194999997038>
336.1412 	EXP 	Sound sound_1 reached end of file
336.1576 	EXP 	Playing sound sound_1 on speaker Speaker (Realtek(R) Audio)
336.4610 	EXP 	Sound sound_1 stopped
336.4710 	EXP 	text: autoDraw = True
336.4710 	EXP 	textbox: autoDraw = True
336.8583 	DATA 	Keypress: 1
336.8590 	EXP 	Device response: <KeyPress from None: t=336.85211810001056, value=1, duration=None>
336.9420 	EXP 	Device response: <KeyPress from None: t=336.85211810001056, value=1, duration=0.08371099998475984>
336.9933 	DATA 	Keypress: 1
337.0083 	EXP 	Device response: <KeyPress from None: t=336.99186840001494, value=1, duration=None>
337.1419 	EXP 	Device response: <KeyPress from None: t=336.99186840001494, value=1, duration=0.1457677999860607>
338.1245 	DATA 	Mouse: Left button down, pos=(962,195)
338.1252 	EXP 	New trial (rep=5, index=4): <Trial 64 (4 in rep 5) data={'delay': 0.4, 'freq': 1000, 'condition': 'exp', 'thisN': 64, 'thisTrialN': 4, 'thisRepN': 5}>
338.1404 	EXP 	text: autoDraw = False
338.1404 	EXP 	textbox: autoDraw = False
338.1404 	EXP 	polygon: autoDraw = True
338.3589 	DATA 	Mouse:  Left button up, pos=(962,195)
339.0405 	EXP 	Device response: <KeyPress from None: t=339.0287160000007, value=space, duration=None>
339.0415 	DATA 	Keypress: space
339.1403 	INFO 	Keyboard events cleared
339.1401 	EXP 	polygon: autoDraw = False
339.1401 	EXP 	polygon_2: autoDraw = True
344.4221 	EXP 	Device response: <KeyPress from None: t=344.41009020002093, value=space, duration=None>
344.4241 	DATA 	Keypress: space
344.4383 	EXP 	polygon: autoDraw = False
344.4383 	EXP 	polygon_2: autoDraw = False
344.5887 	EXP 	Device response: <KeyPress from None: t=328.70174640000914, value=space, duration=15.886143499985337>
344.8051 	EXP 	Sound sound_1 reached end of file
344.8214 	EXP 	Playing sound sound_1 on speaker Speaker (Realtek(R) Audio)
345.1189 	EXP 	Sound sound_1 stopped
345.1267 	EXP 	text: autoDraw = True
345.1267 	EXP 	textbox: autoDraw = True
346.2215 	DATA 	Keypress: 8
346.2230 	EXP 	Device response: <KeyPress from None: t=346.2199637000158, value=8, duration=None>
346.3389 	EXP 	Device response: <KeyPress from None: t=346.2199637000158, value=8, duration=0.11733229999663308>
346.3713 	DATA 	Keypress: 8
346.3726 	EXP 	Device response: <KeyPress from None: t=346.365606700012, value=8, duration=None>
346.5047 	EXP 	Device response: <KeyPress from None: t=346.365606700012, value=8, duration=0.12846199999330565>
347.6759 	DATA 	Mouse: Left button down, pos=(962,195)
347.6881 	EXP 	New trial (rep=5, index=5): <Trial 65 (5 in rep 5) data={'delay': 0.7, 'freq': 1000, 'condition': 'exp', 'thisN': 65, 'thisTrialN': 5, 'thisRepN': 5}>
347.7040 	EXP 	text: autoDraw = False
347.7040 	EXP 	textbox: autoDraw = False
347.7040 	EXP 	polygon: autoDraw = True
347.9052 	DATA 	Mouse:  Left button up, pos=(962,195)
348.7037 	INFO 	Keyboard events cleared
348.7036 	EXP 	polygon: autoDraw = False
348.7036 	EXP 	polygon_2: autoDraw = True
350.2200 	EXP 	Device response: <KeyPress from None: t=350.21874440001557, value=2, duration=None>
350.2210 	DATA 	Keypress: 2
350.3035 	EXP 	Device response: <KeyPress from None: t=350.21874440001557, value=2, duration=0.07821609999518842>
350.3868 	EXP 	Device response: <KeyPress from None: t=350.3767660000012, value=2, duration=None>
350.3879 	DATA 	Keypress: 2
350.5034 	EXP 	Device response: <KeyPress from None: t=350.3767660000012, value=2, duration=0.11557230001199059>
350.6548 	DATA 	Keypress: space
350.6697 	EXP 	Device response: <KeyPress from None: t=350.6537742000073, value=space, duration=None>
350.6860 	EXP 	polygon: autoDraw = False
350.6860 	EXP 	polygon_2: autoDraw = False
350.8200 	EXP 	Device response: <KeyPress from None: t=335.4374912000203, value=space, duration=15.372313899977598>
351.3530 	EXP 	Sound sound_1 reached end of file
351.3693 	EXP 	Playing sound sound_1 on speaker Speaker (Realtek(R) Audio)
351.4030 	EXP 	Device response: <KeyPress from None: t=351.3931616000191, value=2, duration=None>
351.4038 	DATA 	Keypress: 2
351.4863 	EXP 	Device response: <KeyPress from None: t=351.3931616000191, value=2, duration=0.08344009998836555>
351.5865 	EXP 	Device response: <KeyPress from None: t=351.5816186000011, value=2, duration=None>
351.5874 	DATA 	Keypress: 2
351.6695 	EXP 	Sound sound_1 stopped
351.6723 	EXP 	Device response: <KeyPress from None: t=351.5816186000011, value=2, duration=0.08893349999561906>
351.6798 	EXP 	text: autoDraw = True
351.6798 	EXP 	textbox: autoDraw = True
352.0416 	DATA 	Keypress: 2
352.0527 	EXP 	Device response: <KeyPress from None: t=352.03919250000035, value=2, duration=None>
352.1044 	EXP 	Device response: <KeyPress from None: t=352.03919250000035, value=2, duration=0.0560682000068482>
352.2038 	DATA 	Keypress: 2
352.2052 	EXP 	Device response: <KeyPress from None: t=352.2030705999932, value=2, duration=None>
352.3036 	EXP 	Device response: <KeyPress from None: t=352.2030705999932, value=2, duration=0.09074850002070889>
352.4537 	DATA 	Keypress: 3
352.4553 	EXP 	Device response: <KeyPress from None: t=352.45285940001486, value=3, duration=None>
352.5546 	EXP 	Device response: <KeyPress from None: t=352.45285940001486, value=3, duration=0.09992700000293553>
353.3193 	DATA 	Mouse: Left button down, pos=(962,195)
353.3201 	EXP 	New trial (rep=5, index=6): <Trial 66 (6 in rep 5) data={'delay': 0.1, 'freq': 400, 'condition': 'unexp', 'thisN': 66, 'thisTrialN': 6, 'thisRepN': 5}>
353.3354 	EXP 	text: autoDraw = False
353.3354 	EXP 	textbox: autoDraw = False
353.3354 	EXP 	polygon: autoDraw = True
353.5535 	DATA 	Mouse:  Left button up, pos=(962,195)
354.3354 	INFO 	Keyboard events cleared
354.3352 	EXP 	polygon: autoDraw = False
354.3352 	EXP 	polygon_2: autoDraw = True
356.5848 	EXP 	Device response: <KeyPress from None: t=356.5721766000206, value=space, duration=None>
356.5867 	DATA 	Keypress: space
356.6010 	EXP 	polygon: autoDraw = False
356.6010 	EXP 	polygon_2: autoDraw = False
356.6679 	EXP 	Sound sound_1 reached end of file
356.6842 	EXP 	Playing sound sound_1 on speaker Speaker (Realtek(R) Audio)
356.6682 	EXP 	Device response: <KeyPress from None: t=339.0287160000007, value=space, duration=17.63382700001239>
356.9809 	EXP 	Sound sound_1 stopped
356.9873 	EXP 	text: autoDraw = True
356.9873 	EXP 	textbox: autoDraw = True
359.5340 	DATA 	Keypress: 5
359.5347 	EXP 	Device response: <KeyPress from None: t=359.52929960002075, value=5, duration=None>
359.6682 	EXP 	Device response: <KeyPress from None: t=359.52929960002075, value=5, duration=0.13767999998526648>
359.7526 	DATA 	Keypress: 6
359.7667 	EXP 	Device response: <KeyPress from None: t=359.7513210000179, value=6, duration=None>
359.9001 	EXP 	Device response: <KeyPress from None: t=359.7513210000179, value=6, duration=0.1343079999787733>
359.9671 	DATA 	Keypress: 7
359.9688 	EXP 	Device response: <KeyPress from None: t=359.9622951000056, value=7, duration=None>
360.0846 	EXP 	Device response: <KeyPress from None: t=359.9622951000056, value=7, duration=0.11581310001201928>
362.1570 	DATA 	Mouse: Left button down, pos=(962,195)
362.1664 	EXP 	New trial (rep=5, index=7): <Trial 67 (7 in rep 5) data={'delay': 0.4, 'freq': 1000, 'condition': 'exp', 'thisN': 67, 'thisTrialN': 7, 'thisRepN': 5}>
362.1824 	EXP 	text: autoDraw = False
362.1824 	EXP 	textbox: autoDraw = False
362.1824 	EXP 	polygon: autoDraw = True
362.3837 	DATA 	Mouse:  Left button up, pos=(962,195)
362.8990 	EXP 	Device response: <KeyPress from None: t=362.8968523000076, value=space, duration=None>
362.9000 	DATA 	Keypress: space
362.9993 	EXP 	Device response: <KeyPress from None: t=344.41009020002093, value=space, duration=18.575960299989674>
363.1823 	INFO 	Keyboard events cleared
363.1822 	EXP 	polygon: autoDraw = False
363.1822 	EXP 	polygon_2: autoDraw = True
363.7821 	EXP 	Device response: <KeyPress from None: t=363.77100920001976, value=space, duration=None>
363.7841 	DATA 	Keypress: space
363.7984 	EXP 	polygon: autoDraw = False
363.7984 	EXP 	polygon_2: autoDraw = False
363.8656 	EXP 	Device response: <KeyPress from None: t=350.6537742000073, value=space, duration=13.206566800014116>
364.1656 	EXP 	Sound sound_1 reached end of file
364.1819 	EXP 	Playing sound sound_1 on speaker Speaker (Realtek(R) Audio)
364.4795 	EXP 	Sound sound_1 stopped
364.4906 	EXP 	text: autoDraw = True
364.4906 	EXP 	textbox: autoDraw = True
366.0149 	DATA 	Keypress: 1
366.0168 	EXP 	Device response: <KeyPress from None: t=366.0042873000202, value=1, duration=None>
366.1161 	EXP 	Device response: <KeyPress from None: t=366.0042873000202, value=1, duration=0.1056506999884732>
366.1821 	DATA 	Keypress: 1
366.1829 	EXP 	Device response: <KeyPress from None: t=366.1800329000107, value=1, duration=None>
366.3145 	EXP 	Device response: <KeyPress from None: t=366.1800329000107, value=1, duration=0.12249079998582602>
367.4500 	DATA 	Mouse: Left button down, pos=(962,195)
367.4651 	EXP 	New trial (rep=5, index=8): <Trial 68 (8 in rep 5) data={'delay': 0.4, 'freq': 400, 'condition': 'unexp', 'thisN': 68, 'thisTrialN': 8, 'thisRepN': 5}>
367.4806 	EXP 	text: autoDraw = False
367.4806 	EXP 	textbox: autoDraw = False
367.4806 	EXP 	polygon: autoDraw = True
367.6821 	DATA 	Mouse:  Left button up, pos=(962,195)
368.4807 	INFO 	Keyboard events cleared
368.4805 	EXP 	polygon: autoDraw = False
368.4805 	EXP 	polygon_2: autoDraw = True
369.4304 	EXP 	Device response: <KeyPress from None: t=369.4153597000113, value=space, duration=None>
369.4325 	DATA 	Keypress: space
369.4466 	EXP 	polygon: autoDraw = False
369.4466 	EXP 	polygon_2: autoDraw = False
369.4802 	EXP 	Device response: <KeyPress from None: t=356.5721766000206, value=space, duration=12.905302499973914>
369.8298 	EXP 	Sound sound_1 reached end of file
369.8462 	EXP 	Playing sound sound_1 on speaker Speaker (Realtek(R) Audio)
370.1481 	EXP 	Sound sound_1 stopped
370.1555 	EXP 	text: autoDraw = True
370.1555 	EXP 	textbox: autoDraw = True
371.2801 	DATA 	Keypress: 8
371.2811 	EXP 	Device response: <KeyPress from None: t=371.2739448000211, value=8, duration=None>
371.3801 	EXP 	Device response: <KeyPress from None: t=371.2739448000211, value=8, duration=0.09432839998044074>
371.5135 	DATA 	Keypress: 9
371.5141 	EXP 	Device response: <KeyPress from None: t=371.50540779999574, value=9, duration=None>
371.6302 	EXP 	Device response: <KeyPress from None: t=371.50540779999574, value=9, duration=0.11880600001313724>
371.6960 	DATA 	Keypress: 0
371.6969 	EXP 	Device response: <KeyPress from None: t=371.69526090001455, value=0, duration=None>
371.8296 	EXP 	Device response: <KeyPress from None: t=371.69526090001455, value=0, duration=0.12061359998187982>
373.0125 	DATA 	Mouse: Left button down, pos=(962,195)
373.0130 	EXP 	New trial (rep=5, index=9): <Trial 69 (9 in rep 5) data={'delay': 0.1, 'freq': 1000, 'condition': 'exp', 'thisN': 69, 'thisTrialN': 9, 'thisRepN': 5}>
373.0289 	EXP 	text: autoDraw = False
373.0289 	EXP 	textbox: autoDraw = False
373.0289 	EXP 	polygon: autoDraw = True
373.2467 	DATA 	Mouse:  Left button up, pos=(962,195)
374.0282 	INFO 	Keyboard events cleared
374.0281 	EXP 	polygon: autoDraw = False
374.0281 	EXP 	polygon_2: autoDraw = True
374.5615 	EXP 	Device response: <KeyPress from None: t=374.5582357000094, value=space, duration=None>
374.5630 	DATA 	Keypress: space
374.5779 	EXP 	polygon: autoDraw = False
374.5779 	EXP 	polygon_2: autoDraw = False
374.6449 	EXP 	Sound sound_1 reached end of file
374.6612 	EXP 	Playing sound sound_1 on speaker Speaker (Realtek(R) Audio)
374.6780 	EXP 	Device response: <KeyPress from None: t=362.8968523000076, value=space, duration=11.779011800012086>
374.9585 	EXP 	Sound sound_1 stopped
374.9689 	EXP 	text: autoDraw = True
374.9689 	EXP 	textbox: autoDraw = True
375.6992 	DATA 	Keypress: 3
375.7119 	EXP 	Device response: <KeyPress from None: t=375.698735700018, value=3, duration=None>
375.7960 	EXP 	Device response: <KeyPress from None: t=375.698735700018, value=3, duration=0.09429310000268742>
375.9284 	DATA 	Keypress: 4
375.9291 	EXP 	Device response: <KeyPress from None: t=375.9255356999929, value=4, duration=None>
376.0297 	EXP 	Device response: <KeyPress from None: t=375.9255356999929, value=4, duration=0.10003060000599362>
376.5945 	DATA 	Keypress: 7
376.5957 	EXP 	Device response: <KeyPress from None: t=376.5883082000073, value=7, duration=None>
376.6780 	EXP 	Device response: <KeyPress from None: t=376.5883082000073, value=7, duration=0.07760300001245923>
377.8112 	DATA 	Mouse: Left button down, pos=(962,195)
377.8121 	EXP 	New trial (rep=5, index=10): <Trial 70 (10 in rep 5) data={'delay': 0.7, 'freq': 1000, 'condition': 'exp', 'thisN': 70, 'thisTrialN': 10, 'thisRepN': 5}>
377.8270 	EXP 	text: autoDraw = False
377.8270 	EXP 	textbox: autoDraw = False
377.8270 	EXP 	polygon: autoDraw = True
378.0284 	DATA 	Mouse:  Left button up, pos=(962,195)
378.8270 	INFO 	Keyboard events cleared
378.8268 	EXP 	polygon: autoDraw = False
378.8268 	EXP 	polygon_2: autoDraw = True
380.0110 	DATA 	Keypress: space
380.0268 	EXP 	Device response: <KeyPress from None: t=380.00999760002014, value=space, duration=None>
380.0430 	EXP 	polygon: autoDraw = False
380.0430 	EXP 	polygon_2: autoDraw = False
380.1099 	EXP 	Device response: <KeyPress from None: t=363.77100920001976, value=space, duration=16.323233599978266>
380.7099 	EXP 	Sound sound_1 reached end of file
380.7262 	EXP 	Playing sound sound_1 on speaker Speaker (Realtek(R) Audio)
381.0253 	EXP 	Sound sound_1 stopped
381.0355 	EXP 	text: autoDraw = True
381.0355 	EXP 	textbox: autoDraw = True
381.6371 	DATA 	Keypress: 1
381.6428 	EXP 	Device response: <KeyPress from None: t=381.6358856000006, value=1, duration=None>
381.7274 	EXP 	Device response: <KeyPress from None: t=381.6358856000006, value=1, duration=0.08422849999624304>
381.8927 	DATA 	Keypress: 3
381.8940 	EXP 	Device response: <KeyPress from None: t=381.88809870000114, value=3, duration=None>
381.9770 	EXP 	Device response: <KeyPress from None: t=381.88809870000114, value=3, duration=0.08436090001487173>
382.1928 	DATA 	Keypress: 4
382.1948 	EXP 	Device response: <KeyPress from None: t=382.187107500009, value=4, duration=None>
382.2928 	EXP 	Device response: <KeyPress from None: t=382.187107500009, value=4, duration=0.09311879999586381>
383.2258 	DATA 	Mouse: Left button down, pos=(962,195)
383.2266 	EXP 	New trial (rep=5, index=11): <Trial 71 (11 in rep 5) data={'delay': 0.7, 'freq': 400, 'condition': 'unexp', 'thisN': 71, 'thisTrialN': 11, 'thisRepN': 5}>
383.2418 	EXP 	text: autoDraw = False
383.2418 	EXP 	textbox: autoDraw = False
383.2418 	EXP 	polygon: autoDraw = True
383.4431 	DATA 	Mouse:  Left button up, pos=(962,195)
384.1594 	DATA 	Keypress: space
384.1749 	EXP 	Device response: <KeyPress from None: t=384.1583147000056, value=space, duration=None>
384.2250 	EXP 	Device response: <KeyPress from None: t=369.4153597000113, value=space, duration=14.804075699998066>
384.2416 	INFO 	Keyboard events cleared
384.2415 	EXP 	polygon: autoDraw = False
384.2415 	EXP 	polygon_2: autoDraw = True
384.7918 	EXP 	Device response: <KeyPress from None: t=384.77852389999316, value=space, duration=None>
384.7937 	DATA 	Keypress: space
384.8079 	EXP 	polygon: autoDraw = False
384.8079 	EXP 	polygon_2: autoDraw = False
384.8417 	EXP 	Device response: <KeyPress from None: t=374.5582357000094, value=space, duration=10.275819100002991>
385.4912 	EXP 	Sound sound_1 reached end of file
385.5076 	EXP 	Playing sound sound_1 on speaker Speaker (Realtek(R) Audio)
385.8084 	EXP 	Sound sound_1 stopped
385.8164 	EXP 	text: autoDraw = True
385.8164 	EXP 	textbox: autoDraw = True
386.2079 	DATA 	Keypress: 7
386.2088 	EXP 	Device response: <KeyPress from None: t=386.2061515999958, value=7, duration=None>
386.3090 	EXP 	Device response: <KeyPress from None: t=386.2061515999958, value=7, duration=0.10011840000515804>
386.4077 	DATA 	Keypress: 6
386.4089 	EXP 	Device response: <KeyPress from None: t=386.4057038000028, value=6, duration=None>
386.5256 	EXP 	Device response: <KeyPress from None: t=386.4057038000028, value=6, duration=0.10570179999922402>
386.9078 	DATA 	Keypress: 4
386.9085 	EXP 	Device response: <KeyPress from None: t=386.9062348000007, value=4, duration=None>
387.0081 	EXP 	Device response: <KeyPress from None: t=386.9062348000007, value=4, duration=0.09398000000510365>
387.9247 	DATA 	Mouse: Left button down, pos=(962,195)
387.9255 	EXP 	New trial (rep=6, index=0): <Trial 72 (0 in rep 6) data={'delay': 0.4, 'freq': 1000, 'condition': 'exp', 'thisN': 72, 'thisTrialN': 0, 'thisRepN': 6}>
387.9402 	EXP 	text: autoDraw = False
387.9402 	EXP 	textbox: autoDraw = False
387.9402 	EXP 	polygon: autoDraw = True
388.1585 	DATA 	Mouse:  Left button up, pos=(962,195)
388.9401 	INFO 	Keyboard events cleared
388.9400 	EXP 	polygon: autoDraw = False
388.9400 	EXP 	polygon_2: autoDraw = True
389.7733 	EXP 	Device response: <KeyPress from None: t=389.76013619999867, value=space, duration=None>
389.7746 	DATA 	Keypress: space
389.7894 	EXP 	polygon: autoDraw = False
389.7894 	EXP 	polygon_2: autoDraw = False
389.8399 	EXP 	Device response: <KeyPress from None: t=380.00999760002014, value=space, duration=9.81271719999495>
390.1565 	EXP 	Sound sound_1 reached end of file
390.1729 	EXP 	Playing sound sound_1 on speaker Speaker (Realtek(R) Audio)
390.4727 	EXP 	Sound sound_1 stopped
390.4799 	EXP 	text: autoDraw = True
390.4799 	EXP 	textbox: autoDraw = True
390.5274 	DATA 	Keypress: space
390.5410 	EXP 	Device response: <KeyPress from None: t=390.52440530000604, value=space, duration=None>
390.6077 	EXP 	Device response: <KeyPress from None: t=384.1583147000056, value=space, duration=6.4439592999988236>
391.4063 	DATA 	Keypress: 1
391.4071 	EXP 	Device response: <KeyPress from None: t=391.3984018000192, value=1, duration=None>
391.5078 	EXP 	Device response: <KeyPress from None: t=391.3984018000192, value=1, duration=0.10669259997666813>
391.5564 	DATA 	Keypress: 1
391.5573 	EXP 	Device response: <KeyPress from None: t=391.54562940000324, value=1, duration=None>
391.6903 	EXP 	Device response: <KeyPress from None: t=391.54562940000324, value=1, duration=0.1398326999915298>
392.9893 	DATA 	Keypress: 9
392.9913 	EXP 	Device response: <KeyPress from None: t=392.980933200015, value=9, duration=None>
393.0897 	EXP 	Device response: <KeyPress from None: t=392.980933200015, value=9, duration=0.09970019999309443>
394.8577 	DATA 	Mouse: Left button down, pos=(962,195)
394.8731 	EXP 	New trial (rep=6, index=1): <Trial 73 (1 in rep 6) data={'delay': 0.1, 'freq': 1000, 'condition': 'exp', 'thisN': 73, 'thisTrialN': 1, 'thisRepN': 6}>
394.8879 	EXP 	text: autoDraw = False
394.8879 	EXP 	textbox: autoDraw = False
394.8879 	EXP 	polygon: autoDraw = True
395.0897 	DATA 	Mouse:  Left button up, pos=(962,195)
395.8879 	INFO 	Keyboard events cleared
395.8878 	EXP 	polygon: autoDraw = False
395.8878 	EXP 	polygon_2: autoDraw = True
396.7713 	EXP 	Device response: <KeyPress from None: t=396.75604450001265, value=space, duration=None>
396.7734 	DATA 	Keypress: space
396.7873 	EXP 	polygon: autoDraw = False
396.7873 	EXP 	polygon_2: autoDraw = False
396.8542 	EXP 	Sound sound_1 reached end of file
396.8705 	EXP 	Playing sound sound_1 on speaker Speaker (Realtek(R) Audio)
396.8710 	EXP 	Device response: <KeyPress from None: t=384.77852389999316, value=space, duration=12.088759600010235>
397.1709 	EXP 	Sound sound_1 stopped
397.1786 	EXP 	text: autoDraw = True
397.1786 	EXP 	textbox: autoDraw = True
398.7202 	DATA 	Keypress: 6
398.7208 	EXP 	Device response: <KeyPress from None: t=398.71461720002117, value=6, duration=None>
398.8381 	EXP 	Device response: <KeyPress from None: t=398.71461720002117, value=6, duration=0.11086729998351075>
398.9371 	DATA 	Keypress: 7
398.9390 	EXP 	Device response: <KeyPress from None: t=398.9274219000072, value=7, duration=None>
399.0535 	EXP 	Device response: <KeyPress from None: t=398.9274219000072, value=7, duration=0.11229859999730252>
399.1371 	DATA 	Keypress: 8
399.1384 	EXP 	Device response: <KeyPress from None: t=399.1327317999967, value=8, duration=None>
399.2534 	EXP 	Device response: <KeyPress from None: t=399.1327317999967, value=8, duration=0.1070305000175722>
400.1906 	DATA 	Mouse: Left button down, pos=(962,195)
400.2036 	EXP 	New trial (rep=6, index=2): <Trial 74 (2 in rep 6) data={'delay': 0.7, 'freq': 400, 'condition': 'unexp', 'thisN': 74, 'thisTrialN': 2, 'thisRepN': 6}>
400.2195 	EXP 	text: autoDraw = False
400.2195 	EXP 	textbox: autoDraw = False
400.2195 	EXP 	polygon: autoDraw = True
400.4206 	DATA 	Mouse:  Left button up, pos=(962,195)
401.2026 	INFO 	Keyboard events cleared
401.2024 	EXP 	polygon_2: autoDraw = True
401.2191 	EXP 	polygon: autoDraw = False
401.3715 	DATA 	Keypress: space
401.3863 	EXP 	Device response: <KeyPress from None: t=401.37046180001926, value=space, duration=None>
401.4024 	EXP 	polygon: autoDraw = False
401.4024 	EXP 	polygon_2: autoDraw = False
401.4695 	EXP 	Device response: <KeyPress from None: t=389.76013619999867, value=space, duration=11.700316900009057>
402.0857 	EXP 	Sound sound_1 reached end of file
402.1021 	EXP 	Playing sound sound_1 on speaker Speaker (Realtek(R) Audio)
402.4009 	EXP 	Sound sound_1 stopped
402.4088 	EXP 	text: autoDraw = True
402.4088 	EXP 	textbox: autoDraw = True
402.4914 	DATA 	Keypress: 3
402.5028 	EXP 	Device response: <KeyPress from None: t=402.49045159999514, value=3, duration=None>
402.5871 	EXP 	Device response: <KeyPress from None: t=402.49045159999514, value=3, duration=0.09389320001355372>
402.7220 	DATA 	Keypress: 2
402.7358 	EXP 	Device response: <KeyPress from None: t=402.72028540002066, value=2, duration=None>
402.8357 	EXP 	Device response: <KeyPress from None: t=402.72028540002066, value=2, duration=0.10033479999401607>
402.9231 	DATA 	Keypress: 1
402.9358 	EXP 	Device response: <KeyPress from None: t=402.92037219999474, value=1, duration=None>
403.0533 	EXP 	Device response: <KeyPress from None: t=402.92037219999474, value=1, duration=0.12274260001140647>
404.2685 	DATA 	Mouse: Left button down, pos=(962,195)
404.2692 	EXP 	New trial (rep=6, index=3): <Trial 75 (3 in rep 6) data={'delay': 0.1, 'freq': 1000, 'condition': 'exp', 'thisN': 75, 'thisTrialN': 3, 'thisRepN': 6}>
404.2847 	EXP 	text: autoDraw = False
404.2847 	EXP 	textbox: autoDraw = False
404.2847 	EXP 	polygon: autoDraw = True
404.4866 	DATA 	Mouse:  Left button up, pos=(962,195)
405.2848 	INFO 	Keyboard events cleared
405.2846 	EXP 	polygon: autoDraw = False
405.2846 	EXP 	polygon_2: autoDraw = True
413.4156 	EXP 	Device response: <KeyPress from None: t=413.4001373999927, value=space, duration=None>
413.4178 	DATA 	Keypress: space
413.4317 	EXP 	polygon: autoDraw = False
413.4317 	EXP 	polygon_2: autoDraw = False
413.4986 	EXP 	Sound sound_1 reached end of file
413.5149 	EXP 	Playing sound sound_1 on speaker Speaker (Realtek(R) Audio)
413.5822 	EXP 	Device response: <KeyPress from None: t=390.52440530000604, value=space, duration=23.052278399991337>
413.8093 	EXP 	Sound sound_1 stopped
413.8168 	EXP 	text: autoDraw = True
413.8168 	EXP 	textbox: autoDraw = True
414.6318 	DATA 	Keypress: 1
414.6329 	EXP 	Device response: <KeyPress from None: t=414.62928260001354, value=1, duration=None>
414.7329 	EXP 	Device response: <KeyPress from None: t=414.62928260001354, value=1, duration=0.0960518000065349>
414.9150 	DATA 	Keypress: 1
414.9165 	EXP 	Device response: <KeyPress from None: t=414.9101767000102, value=1, duration=None>
415.0325 	EXP 	Device response: <KeyPress from None: t=414.9101767000102, value=1, duration=0.1131757999828551>
415.6496 	DATA 	Keypress: 7
415.6511 	EXP 	Device response: <KeyPress from None: t=415.64823839999735, value=7, duration=None>
415.7653 	EXP 	Device response: <KeyPress from None: t=415.64823839999735, value=7, duration=0.1055812000122387>
425.8613 	DATA 	Mouse: Left button down, pos=(962,195)
425.8620 	EXP 	New trial (rep=6, index=4): <Trial 76 (4 in rep 6) data={'delay': 0.4, 'freq': 1000, 'condition': 'exp', 'thisN': 76, 'thisTrialN': 4, 'thisRepN': 6}>
425.8774 	EXP 	text: autoDraw = False
425.8774 	EXP 	textbox: autoDraw = False
425.8774 	EXP 	polygon: autoDraw = True
426.0958 	DATA 	Mouse:  Left button up, pos=(962,195)
426.8774 	INFO 	Keyboard events cleared
426.8772 	EXP 	polygon: autoDraw = False
426.8772 	EXP 	polygon_2: autoDraw = True
428.3105 	EXP 	Device response: <KeyPress from None: t=428.30462370000896, value=6, duration=None>
428.3115 	DATA 	Keypress: 6
428.4271 	EXP 	Device response: <KeyPress from None: t=428.30462370000896, value=6, duration=0.11797930000466295>
428.7270 	EXP 	Device response: <KeyPress from None: t=428.72238320001634, value=8, duration=None>
428.7281 	DATA 	Keypress: 8
428.8602 	EXP 	Device response: <KeyPress from None: t=428.72238320001634, value=8, duration=0.13323839998338372>
428.9437 	EXP 	Device response: <KeyPress from None: t=428.93812810000964, value=9, duration=None>
428.9448 	DATA 	Keypress: 9
429.0600 	EXP 	Device response: <KeyPress from None: t=428.93812810000964, value=9, duration=0.11539210000773892>
430.2773 	DATA 	Mouse: Left button down, pos=(962,195)
430.4939 	DATA 	Mouse:  Left button up, pos=(962,195)
430.5799 	DATA 	Keypress: space
430.5931 	EXP 	Device response: <KeyPress from None: t=430.5776775999984, value=space, duration=None>
430.6092 	EXP 	polygon: autoDraw = False
430.6092 	EXP 	polygon_2: autoDraw = False
430.7595 	EXP 	Device response: <KeyPress from None: t=396.75604450001265, value=space, duration=33.98798710000119>
430.9761 	EXP 	Sound sound_1 reached end of file
430.9924 	EXP 	Playing sound sound_1 on speaker Speaker (Realtek(R) Audio)
431.2901 	EXP 	Sound sound_1 stopped
431.3004 	EXP 	text: autoDraw = True
431.3004 	EXP 	textbox: autoDraw = True
432.1264 	DATA 	Keypress: 5
432.1272 	EXP 	Device response: <KeyPress from None: t=432.1155049999943, value=5, duration=None>
432.2424 	EXP 	Device response: <KeyPress from None: t=432.1155049999943, value=5, duration=0.11178810001001693>
432.2923 	DATA 	Keypress: 5
432.2929 	EXP 	Device response: <KeyPress from None: t=432.289088599995, value=5, duration=None>
432.4256 	EXP 	Device response: <KeyPress from None: t=432.289088599995, value=5, duration=0.12283110001590103>
434.1420 	DATA 	Mouse: Left button down, pos=(950,203)
434.1428 	EXP 	New trial (rep=6, index=5): <Trial 77 (5 in rep 6) data={'delay': 0.4, 'freq': 1000, 'condition': 'exp', 'thisN': 77, 'thisTrialN': 5, 'thisRepN': 6}>
434.1579 	EXP 	text: autoDraw = False
434.1579 	EXP 	textbox: autoDraw = False
434.1579 	EXP 	polygon: autoDraw = True
434.3602 	DATA 	Mouse:  Left button up, pos=(950,203)
435.1577 	INFO 	Keyboard events cleared
435.1575 	EXP 	polygon: autoDraw = False
435.1575 	EXP 	polygon_2: autoDraw = True
435.8578 	EXP 	Device response: <KeyPress from None: t=435.8510462999984, value=space, duration=None>
435.8594 	DATA 	Keypress: space
435.8743 	EXP 	polygon: autoDraw = False
435.8743 	EXP 	polygon_2: autoDraw = False
435.9412 	EXP 	Device response: <KeyPress from None: t=401.37046180001926, value=space, duration=34.55913889998919>
436.2413 	EXP 	Sound sound_1 reached end of file
436.2577 	EXP 	Playing sound sound_1 on speaker Speaker (Realtek(R) Audio)
436.5506 	EXP 	Sound sound_1 stopped
436.5583 	EXP 	text: autoDraw = True
436.5583 	EXP 	textbox: autoDraw = True
438.8241 	DATA 	Keypress: 1
438.8260 	EXP 	Device response: <KeyPress from None: t=438.8142523000133, value=1, duration=None>
438.8912 	EXP 	Device response: <KeyPress from None: t=438.8142523000133, value=1, duration=0.07251199998427182>
439.0401 	DATA 	Keypress: 1
439.0412 	EXP 	Device response: <KeyPress from None: t=439.0309538000147, value=1, duration=None>
439.1413 	EXP 	Device response: <KeyPress from None: t=439.0309538000147, value=1, duration=0.10223499999847263>
439.5401 	DATA 	Keypress: 0
439.5414 	EXP 	Device response: <KeyPress from None: t=439.53705909999553, value=0, duration=None>
439.6405 	EXP 	Device response: <KeyPress from None: t=439.53705909999553, value=0, duration=0.09951460000593215>
440.6901 	DATA 	Mouse: Left button down, pos=(950,203)
440.6907 	EXP 	New trial (rep=6, index=6): <Trial 78 (6 in rep 6) data={'delay': 0.4, 'freq': 400, 'condition': 'unexp', 'thisN': 78, 'thisTrialN': 6, 'thisRepN': 6}>
440.7058 	EXP 	text: autoDraw = False
440.7058 	EXP 	textbox: autoDraw = False
440.7058 	EXP 	polygon: autoDraw = True
440.9247 	DATA 	Mouse:  Left button up, pos=(950,203)
441.7057 	INFO 	Keyboard events cleared
441.7055 	EXP 	polygon: autoDraw = False
441.7055 	EXP 	polygon_2: autoDraw = True
442.5057 	EXP 	Device response: <KeyPress from None: t=442.49753710001823, value=space, duration=None>
442.5081 	DATA 	Keypress: space
442.5220 	EXP 	polygon: autoDraw = False
442.5220 	EXP 	polygon_2: autoDraw = False
442.6728 	EXP 	Device response: <KeyPress from None: t=413.4001373999927, value=space, duration=29.271451800013892>
442.8887 	EXP 	Sound sound_1 reached end of file
442.9051 	EXP 	Playing sound sound_1 on speaker Speaker (Realtek(R) Audio)
443.1981 	EXP 	Sound sound_1 stopped
443.2056 	EXP 	text: autoDraw = True
443.2056 	EXP 	textbox: autoDraw = True
443.9285 	DATA 	Keypress: 5
443.9394 	EXP 	Device response: <KeyPress from None: t=443.92735750001157, value=5, duration=None>
444.0385 	EXP 	Device response: <KeyPress from None: t=443.92735750001157, value=5, duration=0.0949382999970112>
444.6387 	DATA 	Keypress: 3
444.6397 	EXP 	Device response: <KeyPress from None: t=444.6343344000052, value=3, duration=None>
444.7226 	EXP 	Device response: <KeyPress from None: t=444.6343344000052, value=3, duration=0.08317389999865554>
444.8442 	DATA 	Keypress: 2
444.8548 	EXP 	Device response: <KeyPress from None: t=444.84290380001767, value=2, duration=None>
444.9395 	EXP 	Device response: <KeyPress from None: t=444.84290380001767, value=2, duration=0.09501550000277348>
445.9712 	DATA 	Mouse: Left button down, pos=(950,203)
445.9718 	EXP 	New trial (rep=6, index=7): <Trial 79 (7 in rep 6) data={'delay': 0.1, 'freq': 400, 'condition': 'unexp', 'thisN': 79, 'thisTrialN': 7, 'thisRepN': 6}>
445.9874 	EXP 	text: autoDraw = False
445.9874 	EXP 	textbox: autoDraw = False
445.9874 	EXP 	polygon: autoDraw = True
446.2053 	DATA 	Mouse:  Left button up, pos=(950,203)
446.9871 	INFO 	Keyboard events cleared
446.9869 	EXP 	polygon: autoDraw = False
446.9869 	EXP 	polygon_2: autoDraw = True
447.1211 	EXP 	Device response: <KeyPress from None: t=447.1138624000014, value=space, duration=None>
447.1231 	DATA 	Keypress: space
447.1369 	EXP 	polygon: autoDraw = False
447.1369 	EXP 	polygon_2: autoDraw = False
447.2045 	EXP 	Sound sound_1 reached end of file
447.2207 	EXP 	Playing sound sound_1 on speaker Speaker (Realtek(R) Audio)
447.3374 	EXP 	Device response: <KeyPress from None: t=430.5776775999984, value=space, duration=16.752368600020418>
447.5196 	EXP 	Sound sound_1 stopped
447.5299 	EXP 	text: autoDraw = True
447.5299 	EXP 	textbox: autoDraw = True
448.5235 	DATA 	Keypress: 8
448.5370 	EXP 	Device response: <KeyPress from None: t=448.52144390001195, value=8, duration=None>
448.6379 	EXP 	Device response: <KeyPress from None: t=448.52144390001195, value=8, duration=0.10706629999913275>
448.7035 	DATA 	Keypress: 7
448.7045 	EXP 	Device response: <KeyPress from None: t=448.70183619999443, value=7, duration=None>
448.8384 	EXP 	Device response: <KeyPress from None: t=448.70183619999443, value=7, duration=0.12835460001952015>
449.5368 	DATA 	Keypress: 5
449.5379 	EXP 	Device response: <KeyPress from None: t=449.53512790001696, value=5, duration=None>
449.6551 	EXP 	Device response: <KeyPress from None: t=449.53512790001696, value=5, duration=0.11114890000317246>
450.9361 	DATA 	Mouse: Left button down, pos=(950,203)
450.9367 	EXP 	New trial (rep=6, index=8): <Trial 80 (8 in rep 6) data={'delay': 0.7, 'freq': 1000, 'condition': 'exp', 'thisN': 80, 'thisTrialN': 8, 'thisRepN': 6}>
450.9522 	EXP 	text: autoDraw = False
450.9522 	EXP 	textbox: autoDraw = False
450.9522 	EXP 	polygon: autoDraw = True
451.1537 	DATA 	Mouse:  Left button up, pos=(950,203)
451.9523 	INFO 	Keyboard events cleared
451.9521 	EXP 	polygon: autoDraw = False
451.9521 	EXP 	polygon_2: autoDraw = True
452.0525 	EXP 	Device response: <KeyPress from None: t=452.04031670000404, value=space, duration=None>
452.0545 	DATA 	Keypress: space
452.0684 	EXP 	polygon: autoDraw = False
452.0684 	EXP 	polygon_2: autoDraw = False
452.1189 	EXP 	Device response: <KeyPress from None: t=435.8510462999984, value=space, duration=16.251424300018698>
452.7355 	EXP 	Sound sound_1 reached end of file
452.7518 	EXP 	Playing sound sound_1 on speaker Speaker (Realtek(R) Audio)
453.0522 	EXP 	Sound sound_1 stopped
453.0630 	EXP 	text: autoDraw = True
453.0630 	EXP 	textbox: autoDraw = True
453.4198 	DATA 	Keypress: 9
453.4204 	EXP 	Device response: <KeyPress from None: t=453.4145694000181, value=9, duration=None>
453.5195 	EXP 	Device response: <KeyPress from None: t=453.4145694000181, value=9, duration=0.10381739999866113>
453.6051 	DATA 	Keypress: 8
453.6186 	EXP 	Device response: <KeyPress from None: t=453.60413079999853, value=8, duration=None>
453.7360 	EXP 	Device response: <KeyPress from None: t=453.60413079999853, value=8, duration=0.1229544999951031>
454.3026 	DATA 	Keypress: 2
454.3034 	EXP 	Device response: <KeyPress from None: t=454.30041789999814, value=2, duration=None>
454.4358 	EXP 	Device response: <KeyPress from None: t=454.30041789999814, value=2, duration=0.12243529999977909>
455.3367 	DATA 	Mouse: Left button down, pos=(950,203)
455.3515 	EXP 	New trial (rep=6, index=9): <Trial 81 (9 in rep 6) data={'delay': 0.1, 'freq': 1000, 'condition': 'exp', 'thisN': 81, 'thisTrialN': 9, 'thisRepN': 6}>
455.3675 	EXP 	text: autoDraw = False
455.3675 	EXP 	textbox: autoDraw = False
455.3675 	EXP 	polygon: autoDraw = True
455.5694 	DATA 	Mouse:  Left button up, pos=(950,203)
456.0678 	EXP 	Device response: <KeyPress from None: t=456.0590471000178, value=space, duration=None>
456.0688 	DATA 	Keypress: space
456.1346 	EXP 	Device response: <KeyPress from None: t=442.49753710001823, value=space, duration=13.62260659999447>
456.3512 	INFO 	Keyboard events cleared
456.3510 	EXP 	polygon_2: autoDraw = True
456.3673 	EXP 	polygon: autoDraw = False
457.3007 	EXP 	Device response: <KeyPress from None: t=457.2993057999993, value=space, duration=None>
457.3027 	DATA 	Keypress: space
457.3173 	EXP 	polygon: autoDraw = False
457.3173 	EXP 	polygon_2: autoDraw = False
457.3838 	EXP 	Sound sound_1 reached end of file
457.4002 	EXP 	Playing sound sound_1 on speaker Speaker (Realtek(R) Audio)
457.4342 	EXP 	Device response: <KeyPress from None: t=447.1138624000014, value=space, duration=10.302496699994663>
457.7009 	EXP 	Sound sound_1 stopped
457.7114 	EXP 	text: autoDraw = True
457.7114 	EXP 	textbox: autoDraw = True
458.0017 	DATA 	Keypress: 1
458.0030 	EXP 	Device response: <KeyPress from None: t=458.0000438000134, value=1, duration=None>
458.2678 	EXP 	Device response: <KeyPress from None: t=458.0000438000134, value=1, duration=0.26211229999898933>
458.5501 	DATA 	Keypress: 0
458.5509 	EXP 	Device response: <KeyPress from None: t=458.54428870000993, value=0, duration=None>
458.6842 	EXP 	Device response: <KeyPress from None: t=458.54428870000993, value=0, duration=0.13374520000070333>
458.8003 	DATA 	Keypress: 9
458.8023 	EXP 	Device response: <KeyPress from None: t=458.7940283000062, value=9, duration=None>
458.9857 	EXP 	Device response: <KeyPress from None: t=458.7940283000062, value=9, duration=0.18923389998963103>
459.7839 	DATA 	Mouse: Left button down, pos=(950,203)
459.7845 	EXP 	New trial (rep=6, index=10): <Trial 82 (10 in rep 6) data={'delay': 0.7, 'freq': 1000, 'condition': 'exp', 'thisN': 82, 'thisTrialN': 10, 'thisRepN': 6}>
459.7992 	EXP 	text: autoDraw = False
459.7992 	EXP 	textbox: autoDraw = False
459.7992 	EXP 	polygon: autoDraw = True
460.0003 	DATA 	Mouse:  Left button up, pos=(950,203)
460.7992 	INFO 	Keyboard events cleared
460.7991 	EXP 	polygon: autoDraw = False
460.7991 	EXP 	polygon_2: autoDraw = True
461.0996 	EXP 	Device response: <KeyPress from None: t=461.0893442000088, value=space, duration=None>
461.1015 	DATA 	Keypress: space
461.1157 	EXP 	polygon: autoDraw = False
461.1157 	EXP 	polygon_2: autoDraw = False
461.1993 	EXP 	Device response: <KeyPress from None: t=452.04031670000404, value=space, duration=9.149511099996744>
461.7989 	EXP 	Sound sound_1 reached end of file
461.8153 	EXP 	Playing sound sound_1 on speaker Speaker (Realtek(R) Audio)
462.1179 	EXP 	Sound sound_1 stopped
462.1264 	EXP 	text: autoDraw = True
462.1264 	EXP 	textbox: autoDraw = True
463.2030 	DATA 	Keypress: 6
463.2153 	EXP 	Device response: <KeyPress from None: t=463.201962000021, value=6, duration=None>
463.3485 	EXP 	Device response: <KeyPress from None: t=463.201962000021, value=6, duration=0.13346529999398626>
463.4161 	DATA 	Keypress: 7
463.4170 	EXP 	Device response: <KeyPress from None: t=463.41537490001065, value=7, duration=None>
463.5651 	EXP 	Device response: <KeyPress from None: t=463.41537490001065, value=7, duration=0.1384546000044793>
463.6326 	DATA 	Keypress: 8
463.6338 	EXP 	Device response: <KeyPress from None: t=463.6311929000076, value=8, duration=None>
463.7993 	EXP 	Device response: <KeyPress from None: t=463.6311929000076, value=8, duration=0.1553565000067465>
463.8871 	DATA 	Keypress: 9
463.8987 	EXP 	Device response: <KeyPress from None: t=463.8863105000055, value=9, duration=None>
464.0163 	EXP 	Device response: <KeyPress from None: t=463.8863105000055, value=9, duration=0.12820300000021234>
465.6314 	DATA 	Keypress: backspace
465.6325 	EXP 	Device response: <KeyPress from None: t=465.62240330001805, value=backspace, duration=None>
465.7814 	EXP 	Device response: <KeyPress from None: t=465.62240330001805, value=backspace, duration=0.1447158999799285>
466.2479 	DATA 	Mouse: Left button down, pos=(950,203)
466.2488 	EXP 	New trial (rep=6, index=11): <Trial 83 (11 in rep 6) data={'delay': 0.7, 'freq': 1000, 'condition': 'exp', 'thisN': 83, 'thisTrialN': 11, 'thisRepN': 6}>
466.2641 	EXP 	text: autoDraw = False
466.2641 	EXP 	textbox: autoDraw = False
466.2641 	EXP 	polygon: autoDraw = True
466.4821 	DATA 	Mouse:  Left button up, pos=(950,203)
467.2638 	INFO 	Keyboard events cleared
467.2636 	EXP 	polygon: autoDraw = False
467.2636 	EXP 	polygon_2: autoDraw = True
467.7803 	EXP 	Device response: <KeyPress from None: t=467.7745974000136, value=space, duration=None>
467.7823 	DATA 	Keypress: space
467.7967 	EXP 	polygon: autoDraw = False
467.7967 	EXP 	polygon_2: autoDraw = False
467.9803 	EXP 	Device response: <KeyPress from None: t=456.0590471000178, value=space, duration=11.905079299991485>
468.0803 	EXP 	Device response: <KeyPress from None: t=468.06758130001253, value=space, duration=None>
468.0810 	DATA 	Keypress: space
468.2635 	EXP 	Device response: <KeyPress from None: t=457.2993057999993, value=space, duration=10.962787900003605>
468.4633 	EXP 	Sound sound_1 reached end of file
468.4796 	EXP 	Playing sound sound_1 on speaker Speaker (Realtek(R) Audio)
468.7740 	EXP 	Sound sound_1 stopped
468.7818 	EXP 	text: autoDraw = True
468.7818 	EXP 	textbox: autoDraw = True
469.9801 	DATA 	Keypress: 3
469.9814 	EXP 	Device response: <KeyPress from None: t=469.9780967000115, value=3, duration=None>
470.1144 	EXP 	Device response: <KeyPress from None: t=469.9780967000115, value=3, duration=0.1272492999851238>
470.2021 	DATA 	Keypress: 4
470.2129 	EXP 	Device response: <KeyPress from None: t=470.20020819999627, value=4, duration=None>
470.3303 	EXP 	Device response: <KeyPress from None: t=470.20020819999627, value=4, duration=0.11690490000182763>
470.4132 	DATA 	Keypress: 5
470.4155 	EXP 	Device response: <KeyPress from None: t=470.40596239999286, value=5, duration=None>
470.5472 	EXP 	Device response: <KeyPress from None: t=470.40596239999286, value=5, duration=0.13335910000023432>
471.4798 	DATA 	Mouse: Left button down, pos=(950,203)
471.4809 	EXP 	New trial (rep=7, index=0): <Trial 84 (0 in rep 7) data={'delay': 0.7, 'freq': 1000, 'condition': 'exp', 'thisN': 84, 'thisTrialN': 0, 'thisRepN': 7}>
471.4955 	EXP 	text: autoDraw = False
471.4955 	EXP 	textbox: autoDraw = False
471.4955 	EXP 	polygon: autoDraw = True
471.7136 	DATA 	Mouse:  Left button up, pos=(950,203)
472.4953 	INFO 	Keyboard events cleared
472.4951 	EXP 	polygon: autoDraw = False
472.4951 	EXP 	polygon_2: autoDraw = True
473.2115 	EXP 	Device response: <KeyPress from None: t=473.1981427000137, value=space, duration=None>
473.2129 	DATA 	Keypress: space
473.2280 	EXP 	polygon: autoDraw = False
473.2280 	EXP 	polygon_2: autoDraw = False
473.3617 	EXP 	Device response: <KeyPress from None: t=461.0893442000088, value=space, duration=12.27095219999319>
473.8951 	EXP 	Sound sound_1 reached end of file
473.9114 	EXP 	Playing sound sound_1 on speaker Speaker (Realtek(R) Audio)
474.2118 	EXP 	Sound sound_1 stopped
474.2189 	EXP 	text: autoDraw = True
474.2189 	EXP 	textbox: autoDraw = True
474.2954 	DATA 	Keypress: space
474.2961 	EXP 	Device response: <KeyPress from None: t=474.29509610001696, value=space, duration=None>
474.9949 	DATA 	Keypress: 9
474.9958 	EXP 	Device response: <KeyPress from None: t=474.9871017000114, value=9, duration=None>
475.1461 	EXP 	Device response: <KeyPress from None: t=474.9871017000114, value=9, duration=0.1572472999978345>
475.2112 	EXP 	Device response: <KeyPress from None: t=467.7745974000136, value=space, duration=7.42327810000279>
475.2500 	DATA 	Keypress: 8
475.2612 	EXP 	Device response: <KeyPress from None: t=475.2483157000097, value=8, duration=None>
475.3950 	EXP 	Device response: <KeyPress from None: t=475.2483157000097, value=8, duration=0.13900619998457842>
475.4784 	DATA 	Keypress: 7
475.4802 	EXP 	Device response: <KeyPress from None: t=475.47487320000073, value=7, duration=None>
475.5954 	EXP 	Device response: <KeyPress from None: t=475.47487320000073, value=7, duration=0.1169272999977693>
477.2776 	DATA 	Mouse: Left button down, pos=(950,203)
477.2787 	EXP 	New trial (rep=7, index=1): <Trial 85 (1 in rep 7) data={'delay': 0.7, 'freq': 400, 'condition': 'unexp', 'thisN': 85, 'thisTrialN': 1, 'thisRepN': 7}>
477.2933 	EXP 	text: autoDraw = False
477.2933 	EXP 	textbox: autoDraw = False
477.2933 	EXP 	polygon: autoDraw = True
477.5124 	DATA 	Mouse:  Left button up, pos=(950,203)
478.2933 	INFO 	Keyboard events cleared
478.2931 	EXP 	polygon: autoDraw = False
478.2931 	EXP 	polygon_2: autoDraw = True
482.9419 	EXP 	Device response: <KeyPress from None: t=482.9355187000183, value=space, duration=None>
482.9437 	DATA 	Keypress: space
482.9581 	EXP 	polygon: autoDraw = False
482.9581 	EXP 	polygon_2: autoDraw = False
483.1251 	EXP 	Device response: <KeyPress from None: t=468.06758130001253, value=space, duration=15.051830299984431>
483.6250 	EXP 	Sound sound_1 reached end of file
483.6413 	EXP 	Playing sound sound_1 on speaker Speaker (Realtek(R) Audio)
483.9407 	EXP 	Sound sound_1 stopped
483.9476 	EXP 	text: autoDraw = True
483.9476 	EXP 	textbox: autoDraw = True
485.7915 	DATA 	Keypress: 4
485.7923 	EXP 	Device response: <KeyPress from None: t=485.78587750002043, value=4, duration=None>
485.8745 	EXP 	Device response: <KeyPress from None: t=485.78587750002043, value=4, duration=0.07606209997902624>
485.9783 	DATA 	Keypress: 5
485.9911 	EXP 	Device response: <KeyPress from None: t=485.97748339999816, value=5, duration=None>
486.0918 	EXP 	Device response: <KeyPress from None: t=485.97748339999816, value=5, duration=0.1115713000181131>
486.5410 	DATA 	Keypress: 9
486.5417 	EXP 	Device response: <KeyPress from None: t=486.5355671000143, value=9, duration=None>
486.6413 	EXP 	Device response: <KeyPress from None: t=486.5355671000143, value=9, duration=0.10009719998924993>
487.4106 	DATA 	Mouse: Left button down, pos=(950,203)
487.4245 	EXP 	New trial (rep=7, index=2): <Trial 86 (2 in rep 7) data={'delay': 0.4, 'freq': 1000, 'condition': 'exp', 'thisN': 86, 'thisTrialN': 2, 'thisRepN': 7}>
487.4401 	EXP 	text: autoDraw = False
487.4401 	EXP 	textbox: autoDraw = False
487.4401 	EXP 	polygon: autoDraw = True
487.6249 	DATA 	Mouse:  Left button up, pos=(950,203)
487.7078 	DATA 	Mouse: Left button down, pos=(950,203)
487.9412 	DATA 	Mouse:  Left button up, pos=(950,203)
488.4399 	INFO 	Keyboard events cleared
488.4397 	EXP 	polygon: autoDraw = False
488.4397 	EXP 	polygon_2: autoDraw = True
489.7065 	EXP 	Device response: <KeyPress from None: t=489.69649060000665, value=space, duration=None>
489.7088 	DATA 	Keypress: space
489.7225 	EXP 	polygon: autoDraw = False
489.7225 	EXP 	polygon_2: autoDraw = False
489.7564 	EXP 	Device response: <KeyPress from None: t=473.1981427000137, value=space, duration=16.54881419998128>
490.0898 	EXP 	Sound sound_1 reached end of file
490.1061 	EXP 	Playing sound sound_1 on speaker Speaker (Realtek(R) Audio)
490.3994 	EXP 	Sound sound_1 stopped
490.4073 	EXP 	text: autoDraw = True
490.4073 	EXP 	textbox: autoDraw = True
492.2114 	DATA 	Keypress: 6
492.2226 	EXP 	Device response: <KeyPress from None: t=492.2102612000017, value=6, duration=None>
492.3399 	EXP 	Device response: <KeyPress from None: t=492.2102612000017, value=6, duration=0.12779410000075586>
492.4390 	DATA 	Keypress: 7
492.4404 	EXP 	Device response: <KeyPress from None: t=492.4327459000051, value=7, duration=None>
492.6067 	EXP 	Device response: <KeyPress from None: t=492.4327459000051, value=7, duration=0.16185470001073554>
492.8889 	DATA 	Keypress: 0
492.8903 	EXP 	Device response: <KeyPress from None: t=492.87871079999604, value=0, duration=None>
492.9901 	EXP 	Device response: <KeyPress from None: t=492.87871079999604, value=0, duration=0.11036540000350215>
494.1093 	DATA 	Mouse: Left button down, pos=(950,203)
494.1219 	EXP 	New trial (rep=7, index=3): <Trial 87 (3 in rep 7) data={'delay': 0.7, 'freq': 1000, 'condition': 'exp', 'thisN': 87, 'thisTrialN': 3, 'thisRepN': 7}>
494.1379 	EXP 	text: autoDraw = False
494.1379 	EXP 	textbox: autoDraw = False
494.1379 	EXP 	polygon: autoDraw = True
494.3396 	DATA 	Mouse:  Left button up, pos=(950,203)
495.1214 	EXP 	Device response: <KeyPress from None: t=495.1104492000013, value=space, duration=None>
495.1224 	DATA 	Keypress: space
495.1378 	INFO 	Keyboard events cleared
495.1377 	EXP 	polygon: autoDraw = False
495.1377 	EXP 	polygon_2: autoDraw = True
495.2545 	EXP 	Device response: <KeyPress from None: t=474.29509610001696, value=space, duration=20.9483590000018>
497.6210 	DATA 	Keypress: 1
497.6372 	EXP 	Device response: <KeyPress from None: t=497.6198648000136, value=1, duration=None>
497.7371 	EXP 	Device response: <KeyPress from None: t=497.6198648000136, value=1, duration=0.10274070000741631>
497.8036 	EXP 	Device response: <KeyPress from None: t=497.79470830000355, value=2, duration=None>
497.8046 	DATA 	Keypress: 2
497.9202 	EXP 	Device response: <KeyPress from None: t=497.79470830000355, value=2, duration=0.11305650000576861>
498.0035 	EXP 	Device response: <KeyPress from None: t=498.0014874000044, value=3, duration=None>
498.0045 	DATA 	Keypress: 3
498.1537 	EXP 	Device response: <KeyPress from None: t=498.0014874000044, value=3, duration=0.13901420001639053>
498.2369 	EXP 	Device response: <KeyPress from None: t=498.2303373000177, value=4, duration=None>
498.2382 	DATA 	Keypress: 4
498.3700 	EXP 	Device response: <KeyPress from None: t=498.2303373000177, value=4, duration=0.12900459999218583>
498.4700 	EXP 	Device response: <KeyPress from None: t=498.45775890001096, value=5, duration=None>
498.4711 	DATA 	Keypress: 5
498.5870 	EXP 	Device response: <KeyPress from None: t=498.45775890001096, value=5, duration=0.12300550000509247>
499.7030 	EXP 	Device response: <KeyPress from None: t=499.69956949999323, value=space, duration=None>
499.7051 	DATA 	Keypress: space
499.7191 	EXP 	polygon: autoDraw = False
499.7191 	EXP 	polygon_2: autoDraw = False
499.7861 	EXP 	Device response: <KeyPress from None: t=482.9355187000183, value=space, duration=16.83654150000075>
500.3862 	EXP 	Sound sound_1 reached end of file
500.4024 	EXP 	Playing sound sound_1 on speaker Speaker (Realtek(R) Audio)
500.7015 	EXP 	Sound sound_1 stopped
500.7080 	EXP 	text: autoDraw = True
500.7080 	EXP 	textbox: autoDraw = True
502.0196 	DATA 	Keypress: 7
502.0203 	EXP 	Device response: <KeyPress from None: t=502.01167130001704, value=7, duration=None>
502.1522 	EXP 	Device response: <KeyPress from None: t=502.01167130001704, value=7, duration=0.12723109999205917>
502.2356 	DATA 	Keypress: 8
502.2373 	EXP 	Device response: <KeyPress from None: t=502.22594120001304, value=8, duration=None>
502.3533 	EXP 	Device response: <KeyPress from None: t=502.22594120001304, value=8, duration=0.11740550000104122>
502.4193 	DATA 	Keypress: 9
502.4215 	EXP 	Device response: <KeyPress from None: t=502.4085669000051, value=9, duration=None>
502.5189 	EXP 	Device response: <KeyPress from None: t=502.4085669000051, value=9, duration=0.09922269999515265>
503.2518 	DATA 	Mouse: Left button down, pos=(950,203)
503.2525 	EXP 	New trial (rep=7, index=4): <Trial 88 (4 in rep 7) data={'delay': 0.4, 'freq': 400, 'condition': 'unexp', 'thisN': 88, 'thisTrialN': 4, 'thisRepN': 7}>
503.2682 	EXP 	text: autoDraw = False
503.2682 	EXP 	textbox: autoDraw = False
503.2682 	EXP 	polygon: autoDraw = True
503.4695 	DATA 	Mouse:  Left button up, pos=(950,203)
504.2677 	INFO 	Keyboard events cleared
504.2676 	EXP 	polygon: autoDraw = False
504.2676 	EXP 	polygon_2: autoDraw = True
504.5865 	DATA 	Keypress: space
504.6014 	EXP 	Device response: <KeyPress from None: t=504.58572130001266, value=space, duration=None>
504.6177 	EXP 	polygon: autoDraw = False
504.6177 	EXP 	polygon_2: autoDraw = False
504.6515 	EXP 	Device response: <KeyPress from None: t=489.69649060000665, value=space, duration=14.950771300005727>
504.9844 	EXP 	Sound sound_1 reached end of file
505.0007 	EXP 	Playing sound sound_1 on speaker Speaker (Realtek(R) Audio)
505.2994 	EXP 	Sound sound_1 stopped
505.3065 	EXP 	text: autoDraw = True
505.3065 	EXP 	textbox: autoDraw = True
506.7403 	DATA 	Keypress: 3
506.7506 	EXP 	Device response: <KeyPress from None: t=506.73860660000355, value=3, duration=None>
506.8857 	EXP 	Device response: <KeyPress from None: t=506.73860660000355, value=3, duration=0.13902380000217818>
506.9341 	DATA 	Keypress: 2
506.9355 	EXP 	Device response: <KeyPress from None: t=506.9309359000181, value=2, duration=None>
507.1005 	EXP 	Device response: <KeyPress from None: t=506.9309359000181, value=2, duration=0.15729249999276362>
507.4836 	DATA 	Keypress: 8
507.4844 	EXP 	Device response: <KeyPress from None: t=507.4712777000095, value=8, duration=None>
507.5841 	EXP 	Device response: <KeyPress from None: t=507.4712777000095, value=8, duration=0.11159529999713413>
508.7167 	DATA 	Mouse: Left button down, pos=(950,203)
508.7173 	EXP 	New trial (rep=7, index=5): <Trial 89 (5 in rep 7) data={'delay': 0.4, 'freq': 1000, 'condition': 'exp', 'thisN': 89, 'thisTrialN': 5, 'thisRepN': 7}>
508.7330 	EXP 	text: autoDraw = False
508.7330 	EXP 	textbox: autoDraw = False
508.7330 	EXP 	polygon: autoDraw = True
508.9518 	DATA 	Mouse:  Left button up, pos=(950,203)
509.7327 	INFO 	Keyboard events cleared
509.7325 	EXP 	polygon: autoDraw = False
509.7325 	EXP 	polygon_2: autoDraw = True
510.6830 	EXP 	Device response: <KeyPress from None: t=510.68153669999447, value=space, duration=None>
510.6853 	DATA 	Keypress: space
510.6989 	EXP 	polygon: autoDraw = False
510.6989 	EXP 	polygon_2: autoDraw = False
510.7989 	EXP 	Device response: <KeyPress from None: t=495.1104492000013, value=space, duration=15.681799300014973>
511.0824 	EXP 	Sound sound_1 reached end of file
511.0987 	EXP 	Playing sound sound_1 on speaker Speaker (Realtek(R) Audio)
511.3993 	EXP 	Sound sound_1 stopped
511.4077 	EXP 	text: autoDraw = True
511.4077 	EXP 	textbox: autoDraw = True
512.3393 	DATA 	Keypress: 6
512.3496 	EXP 	Device response: <KeyPress from None: t=512.338545000006, value=6, duration=None>
512.4664 	EXP 	Device response: <KeyPress from None: t=512.338545000006, value=6, duration=0.12262020001071505>
512.6025 	DATA 	Keypress: 7
512.6153 	EXP 	Device response: <KeyPress from None: t=512.6015618999954, value=7, duration=None>
512.7487 	EXP 	Device response: <KeyPress from None: t=512.6015618999954, value=7, duration=0.13413040002342314>
513.0178 	DATA 	Keypress: 8
513.0316 	EXP 	Device response: <KeyPress from None: t=513.0174115000118, value=8, duration=None>
513.1491 	EXP 	Device response: <KeyPress from None: t=513.0174115000118, value=8, duration=0.1225302999955602>
514.0224 	DATA 	Mouse: Left button down, pos=(950,203)
514.0319 	EXP 	New trial (rep=7, index=6): <Trial 90 (6 in rep 7) data={'delay': 0.7, 'freq': 1000, 'condition': 'exp', 'thisN': 90, 'thisTrialN': 6, 'thisRepN': 7}>
514.0477 	EXP 	text: autoDraw = False
514.0477 	EXP 	textbox: autoDraw = False
514.0477 	EXP 	polygon: autoDraw = True
514.2491 	DATA 	Mouse:  Left button up, pos=(950,203)
515.0312 	INFO 	Keyboard events cleared
515.0310 	EXP 	polygon_2: autoDraw = True
515.0475 	EXP 	polygon: autoDraw = False
518.5803 	EXP 	Device response: <KeyPress from None: t=518.5797497000021, value=space, duration=None>
518.5809 	DATA 	Keypress: space
518.6137 	EXP 	polygon: autoDraw = False
518.6137 	EXP 	polygon_2: autoDraw = False
518.6800 	EXP 	Device response: <KeyPress from None: t=499.69956949999323, value=space, duration=18.974928400013596>
519.2795 	EXP 	Sound sound_1 reached end of file
519.2958 	EXP 	Playing sound sound_1 on speaker Speaker (Realtek(R) Audio)
519.5915 	EXP 	Sound sound_1 stopped
519.5983 	EXP 	text: autoDraw = True
519.5983 	EXP 	textbox: autoDraw = True
520.8004 	DATA 	Keypress: 5
520.8132 	EXP 	Device response: <KeyPress from None: t=520.799240399996, value=5, duration=None>
520.9292 	EXP 	Device response: <KeyPress from None: t=520.799240399996, value=5, duration=0.11719320001429878>
521.0152 	DATA 	Keypress: 6
521.0293 	EXP 	Device response: <KeyPress from None: t=521.0140905000153, value=6, duration=None>
521.1304 	EXP 	Device response: <KeyPress from None: t=521.0140905000153, value=6, duration=0.11197329999413341>
521.2137 	DATA 	Keypress: 7
521.2158 	EXP 	Device response: <KeyPress from None: t=521.2114430000074, value=7, duration=None>
521.3292 	EXP 	Device response: <KeyPress from None: t=521.2114430000074, value=7, duration=0.10600689999409951>
522.2625 	DATA 	Mouse: Left button down, pos=(950,203)
522.2632 	EXP 	New trial (rep=7, index=7): <Trial 91 (7 in rep 7) data={'delay': 0.1, 'freq': 400, 'condition': 'unexp', 'thisN': 91, 'thisTrialN': 7, 'thisRepN': 7}>
522.2783 	EXP 	text: autoDraw = False
522.2783 	EXP 	textbox: autoDraw = False
522.2783 	EXP 	polygon: autoDraw = True
522.4803 	DATA 	Mouse:  Left button up, pos=(950,203)
523.2782 	INFO 	Keyboard events cleared
523.2780 	EXP 	polygon: autoDraw = False
523.2780 	EXP 	polygon_2: autoDraw = True
523.5951 	EXP 	Device response: <KeyPress from None: t=523.5842918000126, value=space, duration=None>
523.5973 	DATA 	Keypress: space
523.6112 	EXP 	polygon: autoDraw = False
523.6112 	EXP 	polygon_2: autoDraw = False
523.6782 	EXP 	Sound sound_1 reached end of file
523.6945 	EXP 	Playing sound sound_1 on speaker Speaker (Realtek(R) Audio)
523.6953 	EXP 	Device response: <KeyPress from None: t=504.58572130001266, value=space, duration=19.10078819998307>
523.9886 	EXP 	Sound sound_1 stopped
523.9964 	EXP 	text: autoDraw = True
523.9964 	EXP 	textbox: autoDraw = True
525.1278 	DATA 	Keypress: 7
525.1288 	EXP 	Device response: <KeyPress from None: t=525.1244547000097, value=7, duration=None>
525.2444 	EXP 	Device response: <KeyPress from None: t=525.1244547000097, value=7, duration=0.10577049999847077>
525.3447 	DATA 	Keypress: 8
525.3454 	EXP 	Device response: <KeyPress from None: t=525.3342624000215, value=8, duration=None>
525.4457 	EXP 	Device response: <KeyPress from None: t=525.3342624000215, value=8, duration=0.10580239997943863>
525.5448 	DATA 	Keypress: 9
525.5474 	EXP 	Device response: <KeyPress from None: t=525.5328588999982, value=9, duration=None>
525.6450 	EXP 	Device response: <KeyPress from None: t=525.5328588999982, value=9, duration=0.10672050001448952>
526.7811 	DATA 	Mouse: Left button down, pos=(950,203)
526.7949 	EXP 	New trial (rep=7, index=8): <Trial 92 (8 in rep 7) data={'delay': 0.4, 'freq': 1000, 'condition': 'exp', 'thisN': 92, 'thisTrialN': 8, 'thisRepN': 7}>
526.8101 	EXP 	text: autoDraw = False
526.8101 	EXP 	textbox: autoDraw = False
526.8101 	EXP 	polygon: autoDraw = True
527.0123 	DATA 	Mouse:  Left button up, pos=(950,203)
527.8099 	INFO 	Keyboard events cleared
527.8097 	EXP 	polygon: autoDraw = False
527.8097 	EXP 	polygon_2: autoDraw = True
529.4777 	DATA 	Keypress: space
529.4931 	EXP 	Device response: <KeyPress from None: t=529.4763277000166, value=space, duration=None>
529.5092 	EXP 	polygon: autoDraw = False
529.5092 	EXP 	polygon_2: autoDraw = False
529.6098 	EXP 	Device response: <KeyPress from None: t=510.68153669999447, value=space, duration=18.923077300016303>
529.8762 	EXP 	Sound sound_1 reached end of file
529.8925 	EXP 	Playing sound sound_1 on speaker Speaker (Realtek(R) Audio)
530.1915 	EXP 	Sound sound_1 stopped
530.1996 	EXP 	text: autoDraw = True
530.1996 	EXP 	textbox: autoDraw = True
530.9935 	DATA 	Keypress: 2
530.9943 	EXP 	Device response: <KeyPress from None: t=530.991863800009, value=2, duration=None>
531.1268 	EXP 	Device response: <KeyPress from None: t=530.991863800009, value=2, duration=0.12742239999352023>
531.3620 	DATA 	Keypress: 4
531.3754 	EXP 	Device response: <KeyPress from None: t=531.3599619000161, value=4, duration=None>
531.4923 	EXP 	Device response: <KeyPress from None: t=531.3599619000161, value=4, duration=0.11925469999550842>
531.8755 	DATA 	Keypress: 0
531.8768 	EXP 	Device response: <KeyPress from None: t=531.8702369999955, value=0, duration=None>
531.9932 	EXP 	Device response: <KeyPress from None: t=531.8702369999955, value=0, duration=0.11314430000493303>
532.7600 	DATA 	Mouse: Left button down, pos=(950,203)
532.7606 	EXP 	New trial (rep=7, index=9): <Trial 93 (9 in rep 7) data={'delay': 0.1, 'freq': 1000, 'condition': 'exp', 'thisN': 93, 'thisTrialN': 9, 'thisRepN': 7}>
532.7749 	EXP 	text: autoDraw = False
532.7749 	EXP 	textbox: autoDraw = False
532.7749 	EXP 	polygon: autoDraw = True
532.9933 	DATA 	Mouse:  Left button up, pos=(950,203)
533.7425 	DATA 	Keypress: space
533.7586 	EXP 	Device response: <KeyPress from None: t=533.740870700014, value=space, duration=None>
533.7747 	INFO 	Keyboard events cleared
533.7745 	EXP 	polygon: autoDraw = False
533.7745 	EXP 	polygon_2: autoDraw = True
533.8082 	EXP 	Device response: <KeyPress from None: t=518.5797497000021, value=space, duration=15.227023899991764>
534.8427 	DATA 	Keypress: space
534.8580 	EXP 	Device response: <KeyPress from None: t=534.8416086000216, value=space, duration=None>
534.8741 	EXP 	polygon: autoDraw = False
534.8741 	EXP 	polygon_2: autoDraw = False
534.9079 	EXP 	Device response: <KeyPress from None: t=523.5842918000126, value=space, duration=11.313621000008425>
534.9411 	EXP 	Sound sound_1 reached end of file
534.9575 	EXP 	Playing sound sound_1 on speaker Speaker (Realtek(R) Audio)
535.2506 	EXP 	Sound sound_1 stopped
535.2579 	EXP 	text: autoDraw = True
535.2579 	EXP 	textbox: autoDraw = True
535.9243 	DATA 	Keypress: 7
535.9250 	EXP 	Device response: <KeyPress from None: t=535.9201977000048, value=7, duration=None>
536.0582 	EXP 	Device response: <KeyPress from None: t=535.9201977000048, value=7, duration=0.1210062000027392>
536.5239 	DATA 	Keypress: 0
536.5250 	EXP 	Device response: <KeyPress from None: t=536.5194105000119, value=0, duration=None>
536.6412 	EXP 	Device response: <KeyPress from None: t=536.5194105000119, value=0, duration=0.11124739999650046>
537.0572 	DATA 	Keypress: 4
537.0583 	EXP 	Device response: <KeyPress from None: t=537.0553000000073, value=4, duration=None>
537.1910 	EXP 	Device response: <KeyPress from None: t=537.0553000000073, value=4, duration=0.12964989998727106>
537.9907 	DATA 	Keypress: space
537.9917 	EXP 	Device response: <KeyPress from None: t=537.9790677000128, value=space, duration=None>
538.0739 	EXP 	Device response: <KeyPress from None: t=529.4763277000166, value=space, duration=8.5939354999864>
540.5226 	DATA 	Mouse: Left button down, pos=(950,203)
540.5232 	EXP 	New trial (rep=7, index=10): <Trial 94 (10 in rep 7) data={'delay': 0.1, 'freq': 1000, 'condition': 'exp', 'thisN': 94, 'thisTrialN': 10, 'thisRepN': 7}>
540.5386 	EXP 	text: autoDraw = False
540.5386 	EXP 	textbox: autoDraw = False
540.5386 	EXP 	polygon: autoDraw = True
540.7407 	DATA 	Mouse:  Left button up, pos=(950,203)
541.3901 	DATA 	Keypress: space
541.4057 	EXP 	Device response: <KeyPress from None: t=541.3891678999935, value=space, duration=None>
541.5056 	EXP 	Device response: <KeyPress from None: t=533.740870700014, value=space, duration=7.749014100001659>
541.5393 	INFO 	Keyboard events cleared
541.5391 	EXP 	polygon: autoDraw = False
541.5391 	EXP 	polygon_2: autoDraw = True
542.0221 	EXP 	Device response: <KeyPress from None: t=542.0092630000145, value=space, duration=None>
542.0233 	DATA 	Keypress: space
542.0380 	EXP 	polygon: autoDraw = False
542.0380 	EXP 	polygon_2: autoDraw = False
542.0727 	EXP 	Device response: <KeyPress from None: t=534.8416086000216, value=space, duration=7.229194799991092>
542.1058 	EXP 	Sound sound_1 reached end of file
542.1222 	EXP 	Playing sound sound_1 on speaker Speaker (Realtek(R) Audio)
542.4204 	EXP 	Sound sound_1 stopped
542.4303 	EXP 	text: autoDraw = True
542.4303 	EXP 	textbox: autoDraw = True
542.9885 	DATA 	Keypress: 2
542.9892 	EXP 	Device response: <KeyPress from None: t=542.9849455000076, value=2, duration=None>
543.1048 	EXP 	Device response: <KeyPress from None: t=542.9849455000076, value=2, duration=0.10659390001092106>
543.1718 	DATA 	Keypress: 1
543.1729 	EXP 	Device response: <KeyPress from None: t=543.1661378999997, value=1, duration=None>
543.3077 	EXP 	Device response: <KeyPress from None: t=543.1661378999997, value=1, duration=0.13929409999400377>
544.0713 	DATA 	Keypress: 4
544.0720 	EXP 	Device response: <KeyPress from None: t=544.0611287000065, value=4, duration=None>
544.1558 	EXP 	Device response: <KeyPress from None: t=544.0611287000065, value=4, duration=0.08352499999455176>
555.1675 	DATA 	Mouse: Left button down, pos=(950,203)
555.1682 	EXP 	New trial (rep=7, index=11): <Trial 95 (11 in rep 7) data={'delay': 0.1, 'freq': 1000, 'condition': 'exp', 'thisN': 95, 'thisTrialN': 11, 'thisRepN': 7}>
555.1841 	EXP 	text: autoDraw = False
555.1841 	EXP 	textbox: autoDraw = False
555.1841 	EXP 	polygon: autoDraw = True
555.3853 	DATA 	Mouse:  Left button up, pos=(950,203)
556.1838 	INFO 	Keyboard events cleared
556.1836 	EXP 	polygon: autoDraw = False
556.1836 	EXP 	polygon_2: autoDraw = True
556.9837 	EXP 	Device response: <KeyPress from None: t=556.9806923000142, value=space, duration=None>
556.9859 	DATA 	Keypress: space
556.9998 	EXP 	polygon: autoDraw = False
556.9998 	EXP 	polygon_2: autoDraw = False
557.0669 	EXP 	Sound sound_1 reached end of file
557.0833 	EXP 	Playing sound sound_1 on speaker Speaker (Realtek(R) Audio)
557.1502 	EXP 	Device response: <KeyPress from None: t=537.9790677000128, value=space, duration=19.159416899987264>
557.3810 	EXP 	Sound sound_1 stopped
557.3895 	EXP 	text: autoDraw = True
557.3895 	EXP 	textbox: autoDraw = True
557.5835 	DATA 	Keypress: 2
557.5842 	EXP 	Device response: <KeyPress from None: t=557.5793834000069, value=2, duration=None>
557.7848 	EXP 	Device response: <KeyPress from None: t=557.5793834000069, value=2, duration=0.19802619999973103>
557.9499 	DATA 	Keypress: 6
557.9508 	EXP 	Device response: <KeyPress from None: t=557.9416924999969, value=6, duration=None>
558.0844 	EXP 	Device response: <KeyPress from None: t=557.9416924999969, value=6, duration=0.1387133999960497>
558.1379 	DATA 	Keypress: 7
558.1498 	EXP 	Device response: <KeyPress from None: t=558.1358297000115, value=7, duration=None>
558.3006 	EXP 	Device response: <KeyPress from None: t=558.1358297000115, value=7, duration=0.15514479999546893>
558.3500 	DATA 	Keypress: 8
558.3521 	EXP 	Device response: <KeyPress from None: t=558.3468674000178, value=8, duration=None>
558.5002 	EXP 	Device response: <KeyPress from None: t=558.3468674000178, value=8, duration=0.14473390000057407>
558.9499 	DATA 	Keypress: backspace
558.9522 	EXP 	Device response: <KeyPress from None: t=558.947788599995, value=backspace, duration=None>
559.1168 	EXP 	Device response: <KeyPress from None: t=558.947788599995, value=backspace, duration=0.16576319999876432>
559.7733 	DATA 	Mouse: Left button down, pos=(950,203)
559.7831 	EXP 	New trial (rep=8, index=0): <Trial 96 (0 in rep 8) data={'delay': 0.1, 'freq': 1000, 'condition': 'exp', 'thisN': 96, 'thisTrialN': 0, 'thisRepN': 8}>
559.7992 	EXP 	text: autoDraw = False
559.7992 	EXP 	textbox: autoDraw = False
559.7992 	EXP 	polygon: autoDraw = True
560.0005 	DATA 	Mouse:  Left button up, pos=(950,203)
560.7993 	INFO 	Keyboard events cleared
560.7991 	EXP 	polygon: autoDraw = False
560.7991 	EXP 	polygon_2: autoDraw = True
561.1657 	EXP 	Device response: <KeyPress from None: t=561.1561573000217, value=space, duration=None>
561.1676 	DATA 	Keypress: space
561.1819 	EXP 	polygon: autoDraw = False
561.1819 	EXP 	polygon_2: autoDraw = False
561.2327 	EXP 	Device response: <KeyPress from None: t=541.3891678999935, value=space, duration=19.83941440001945>
561.2488 	EXP 	Sound sound_1 reached end of file
561.2652 	EXP 	Playing sound sound_1 on speaker Speaker (Realtek(R) Audio)
561.5684 	EXP 	Sound sound_1 stopped
561.5762 	EXP 	text: autoDraw = True
561.5762 	EXP 	textbox: autoDraw = True
562.3320 	DATA 	Keypress: 3
562.3332 	EXP 	Device response: <KeyPress from None: t=562.3234729999967, value=3, duration=None>
562.4484 	EXP 	Device response: <KeyPress from None: t=562.3234729999967, value=3, duration=0.11253559999749996>
562.5152 	DATA 	Keypress: 2
562.5160 	EXP 	Device response: <KeyPress from None: t=562.5108002000197, value=2, duration=None>
562.5993 	EXP 	Device response: <KeyPress from None: t=562.5108002000197, value=2, duration=0.08322149998275563>
562.6823 	DATA 	Keypress: quoteleft
562.6953 	EXP 	Device response: <KeyPress from None: t=562.6716621000087, value=apostrophe, duration=None>
562.7662 	EXP 	Device response: <KeyPress from None: t=562.6716621000087, value=apostrophe, duration=0.08686059998581186>
563.3986 	DATA 	Keypress: numlock
563.3989 	EXP 	Device response: <KeyPress from None: t=563.3880460000073, value=numlock, duration=None>
563.5317 	EXP 	Device response: <KeyPress from None: t=563.3880460000073, value=numlock, duration=0.1275663000124041>
563.7152 	DATA 	Keypress: backspace
563.7166 	EXP 	Device response: <KeyPress from None: t=563.7040821000119, value=backspace, duration=None>
563.9148 	EXP 	Device response: <KeyPress from None: t=563.7040821000119, value=backspace, duration=0.1949587999843061>
564.4186 	DATA 	Keypress: 8
564.4310 	EXP 	Device response: <KeyPress from None: t=564.4156755000004, value=8, duration=None>
564.5841 	EXP 	Device response: <KeyPress from None: t=564.4156755000004, value=8, duration=0.16114939999533817>
565.6343 	DATA 	Mouse: Left button down, pos=(944,207)
565.6477 	EXP 	New trial (rep=8, index=1): <Trial 97 (1 in rep 8) data={'delay': 0.4, 'freq': 1000, 'condition': 'exp', 'thisN': 97, 'thisTrialN': 1, 'thisRepN': 8}>
565.6637 	EXP 	text: autoDraw = False
565.6637 	EXP 	textbox: autoDraw = False
565.6637 	EXP 	polygon: autoDraw = True
565.8660 	DATA 	Mouse:  Left button up, pos=(944,207)
566.6637 	INFO 	Keyboard events cleared
566.6636 	EXP 	polygon: autoDraw = False
566.6636 	EXP 	polygon_2: autoDraw = True
567.4635 	EXP 	Device response: <KeyPress from None: t=567.4629648000118, value=space, duration=None>
567.4646 	DATA 	Keypress: space
567.4794 	EXP 	polygon: autoDraw = False
567.4794 	EXP 	polygon_2: autoDraw = False
567.6636 	EXP 	Device response: <KeyPress from None: t=542.0092630000145, value=space, duration=25.637434699980076>
567.8467 	EXP 	Sound sound_1 reached end of file
567.8630 	EXP 	Playing sound sound_1 on speaker Speaker (Realtek(R) Audio)
568.1629 	EXP 	Sound sound_1 stopped
568.1702 	EXP 	text: autoDraw = True
568.1702 	EXP 	textbox: autoDraw = True
568.7473 	DATA 	Keypress: 4
568.7490 	EXP 	Device response: <KeyPress from None: t=568.74644420002, value=4, duration=None>
568.8630 	EXP 	Device response: <KeyPress from None: t=568.74644420002, value=4, duration=0.1004819999798201>
568.9132 	DATA 	Keypress: 4
568.9142 	EXP 	Device response: <KeyPress from None: t=568.9085712000087, value=4, duration=None>
569.0140 	EXP 	Device response: <KeyPress from None: t=568.9085712000087, value=4, duration=0.09568410000065342>
569.0298 	DATA 	Keypress: 4
569.0309 	EXP 	Device response: <KeyPress from None: t=569.0253655000124, value=4, duration=None>
569.1465 	EXP 	Device response: <KeyPress from None: t=569.0253655000124, value=4, duration=0.10809799999697134>
570.2156 	DATA 	Mouse: Left button down, pos=(944,207)
570.2298 	EXP 	New trial (rep=8, index=2): <Trial 98 (2 in rep 8) data={'delay': 0.7, 'freq': 1000, 'condition': 'exp', 'thisN': 98, 'thisTrialN': 2, 'thisRepN': 8}>
570.2456 	EXP 	text: autoDraw = False
570.2456 	EXP 	textbox: autoDraw = False
570.2456 	EXP 	polygon: autoDraw = True
570.4468 	DATA 	Mouse:  Left button up, pos=(944,207)
571.2455 	INFO 	Keyboard events cleared
571.2453 	EXP 	polygon: autoDraw = False
571.2453 	EXP 	polygon_2: autoDraw = True
571.3957 	EXP 	Device response: <KeyPress from None: t=571.388713399996, value=space, duration=None>
571.3978 	DATA 	Keypress: space
571.4118 	EXP 	polygon: autoDraw = False
571.4118 	EXP 	polygon_2: autoDraw = False
571.5122 	EXP 	Device response: <KeyPress from None: t=556.9806923000142, value=space, duration=14.520040500006871>
572.0786 	EXP 	Sound sound_1 reached end of file
572.0949 	EXP 	Playing sound sound_1 on speaker Speaker (Realtek(R) Audio)
572.3910 	EXP 	Sound sound_1 stopped
572.3975 	EXP 	text: autoDraw = True
572.3975 	EXP 	textbox: autoDraw = True
573.0144 	DATA 	Mouse: Left button down, pos=(944,207)
573.0286 	EXP 	New trial (rep=8, index=3): <Trial 99 (3 in rep 8) data={'delay': 0.1, 'freq': 1000, 'condition': 'exp', 'thisN': 99, 'thisTrialN': 3, 'thisRepN': 8}>
573.0443 	EXP 	text: autoDraw = False
573.0443 	EXP 	textbox: autoDraw = False
573.0443 	EXP 	polygon: autoDraw = True
573.2462 	DATA 	Mouse:  Left button up, pos=(944,207)
574.0441 	INFO 	Keyboard events cleared
574.0440 	EXP 	polygon: autoDraw = False
574.0440 	EXP 	polygon_2: autoDraw = True
574.4613 	EXP 	Device response: <KeyPress from None: t=574.447699100012, value=space, duration=None>
574.4633 	DATA 	Keypress: space
574.4775 	EXP 	polygon: autoDraw = False
574.4775 	EXP 	polygon_2: autoDraw = False
574.5445 	EXP 	Sound sound_1 reached end of file
574.5609 	EXP 	Playing sound sound_1 on speaker Speaker (Realtek(R) Audio)
574.6282 	EXP 	Device response: <KeyPress from None: t=561.1561573000217, value=space, duration=13.470514299988281>
574.8599 	EXP 	Sound sound_1 stopped
574.8673 	EXP 	text: autoDraw = True
574.8673 	EXP 	textbox: autoDraw = True
575.5496 	DATA 	Keypress: 3
575.5608 	EXP 	Device response: <KeyPress from None: t=575.5488327000057, value=3, duration=None>
575.6610 	EXP 	Device response: <KeyPress from None: t=575.5488327000057, value=3, duration=0.097069300012663>
575.7177 	DATA 	Keypress: 3
575.7275 	EXP 	Device response: <KeyPress from None: t=575.7166497000144, value=3, duration=None>
575.8115 	EXP 	Device response: <KeyPress from None: t=575.7166497000144, value=3, duration=0.08970670000417158>
575.8447 	DATA 	Keypress: 3
575.8473 	EXP 	Device response: <KeyPress from None: t=575.8406786000123, value=3, duration=None>
575.9608 	EXP 	Device response: <KeyPress from None: t=575.8406786000123, value=3, duration=0.10531049998826347>
577.1641 	DATA 	Mouse: Left button down, pos=(944,207)
577.1776 	EXP 	New trial (rep=8, index=4): <Trial 100 (4 in rep 8) data={'delay': 0.7, 'freq': 400, 'condition': 'unexp', 'thisN': 100, 'thisTrialN': 4, 'thisRepN': 8}>
577.1933 	EXP 	text: autoDraw = False
577.1933 	EXP 	textbox: autoDraw = False
577.1933 	EXP 	polygon: autoDraw = True
577.3946 	DATA 	Mouse:  Left button up, pos=(944,207)
577.7767 	EXP 	Device response: <KeyPress from None: t=577.7721039000025, value=space, duration=None>
577.7778 	DATA 	Keypress: space
577.8601 	EXP 	Device response: <KeyPress from None: t=567.4629648000118, value=space, duration=10.387456700002076>
578.1932 	INFO 	Keyboard events cleared
578.1931 	EXP 	polygon: autoDraw = False
578.1931 	EXP 	polygon_2: autoDraw = True
578.3602 	EXP 	Device response: <KeyPress from None: t=578.3521916000172, value=space, duration=None>
578.3623 	DATA 	Keypress: space
578.3763 	EXP 	polygon: autoDraw = False
578.3763 	EXP 	polygon_2: autoDraw = False
578.4601 	EXP 	Device response: <KeyPress from None: t=571.388713399996, value=space, duration=7.064886500011198>
579.0595 	EXP 	Sound sound_1 reached end of file
579.0758 	EXP 	Playing sound sound_1 on speaker Speaker (Realtek(R) Audio)
579.3116 	DATA 	Keypress: 6
579.3264 	EXP 	Device response: <KeyPress from None: t=579.3106541000016, value=6, duration=None>
579.3705 	EXP 	Sound sound_1 stopped
579.3789 	EXP 	text: autoDraw = True
579.3789 	EXP 	textbox: autoDraw = True
579.3792 	EXP 	Device response: <KeyPress from None: t=579.3106541000016, value=6, duration=0.0611164000001736>
579.4771 	DATA 	Keypress: 7
579.4787 	EXP 	Device response: <KeyPress from None: t=579.4765243000002, value=7, duration=None>
579.5935 	EXP 	Device response: <KeyPress from None: t=579.4765243000002, value=7, duration=0.11164469999494031>
579.9962 	DATA 	Keypress: 8
580.0100 	EXP 	Device response: <KeyPress from None: t=579.9954083000193, value=8, duration=None>
580.1111 	EXP 	Device response: <KeyPress from None: t=579.9954083000193, value=8, duration=0.10700199997518212>
580.2457 	DATA 	Keypress: 9
580.2594 	EXP 	Device response: <KeyPress from None: t=580.2438325000112, value=9, duration=None>
580.3603 	EXP 	Device response: <KeyPress from None: t=580.2438325000112, value=9, duration=0.11302039999281988>
581.5421 	DATA 	Mouse: Left button down, pos=(944,207)
581.5427 	EXP 	New trial (rep=8, index=5): <Trial 101 (5 in rep 8) data={'delay': 0.1, 'freq': 1000, 'condition': 'exp', 'thisN': 101, 'thisTrialN': 5, 'thisRepN': 8}>
581.5582 	EXP 	text: autoDraw = False
581.5582 	EXP 	textbox: autoDraw = False
581.5582 	EXP 	polygon: autoDraw = True
581.7603 	DATA 	Mouse:  Left button up, pos=(944,207)
582.4085 	EXP 	Device response: <KeyPress from None: t=582.4037071000203, value=space, duration=None>
582.4096 	DATA 	Keypress: space
582.4922 	EXP 	Device response: <KeyPress from None: t=574.447699100012, value=space, duration=8.039627799997106>
582.5584 	INFO 	Keyboard events cleared
582.5582 	EXP 	polygon: autoDraw = False
582.5582 	EXP 	polygon_2: autoDraw = True
584.4077 	EXP 	Device response: <KeyPress from None: t=584.4059397999954, value=1, duration=None>
584.4088 	DATA 	Keypress: 1
584.5579 	EXP 	Device response: <KeyPress from None: t=584.4059397999954, value=1, duration=0.14634070001193322>
584.6246 	EXP 	Device response: <KeyPress from None: t=584.6241893999977, value=2, duration=None>
584.6257 	DATA 	Keypress: 2
584.7577 	EXP 	Device response: <KeyPress from None: t=584.6241893999977, value=2, duration=0.11738660000264645>
584.8410 	EXP 	Device response: <KeyPress from None: t=584.8398335000093, value=3, duration=None>
584.8420 	DATA 	Keypress: 3
584.9743 	EXP 	Device response: <KeyPress from None: t=584.8398335000093, value=3, duration=0.13347470000735484>
585.2406 	EXP 	Device response: <KeyPress from None: t=585.2258802000142, value=space, duration=None>
585.2419 	DATA 	Keypress: space
585.2569 	EXP 	polygon: autoDraw = False
585.2569 	EXP 	polygon_2: autoDraw = False
585.3241 	EXP 	Sound sound_1 reached end of file
585.3405 	EXP 	Playing sound sound_1 on speaker Speaker (Realtek(R) Audio)
585.3908 	EXP 	Device response: <KeyPress from None: t=577.7721039000025, value=space, duration=7.6049035000032745>
585.6413 	EXP 	Sound sound_1 stopped
585.6495 	EXP 	text: autoDraw = True
585.6495 	EXP 	textbox: autoDraw = True
586.4580 	DATA 	Keypress: 1
586.4592 	EXP 	Device response: <KeyPress from None: t=586.4527530000196, value=1, duration=None>
586.5582 	EXP 	Device response: <KeyPress from None: t=586.4527530000196, value=1, duration=0.09921570000005886>
586.6793 	DATA 	Keypress: 2
586.6905 	EXP 	Device response: <KeyPress from None: t=586.6769133000053, value=2, duration=None>
586.7749 	EXP 	Device response: <KeyPress from None: t=586.6769133000053, value=2, duration=0.09596649999730289>
586.9075 	DATA 	Keypress: 3
586.9089 	EXP 	Device response: <KeyPress from None: t=586.8965088000114, value=3, duration=None>
587.0084 	EXP 	Device response: <KeyPress from None: t=586.8965088000114, value=3, duration=0.09957610000856221>
588.1762 	DATA 	Keypress: space
588.1899 	EXP 	Device response: <KeyPress from None: t=588.1736533000076, value=space, duration=None>
588.2407 	EXP 	Device response: <KeyPress from None: t=578.3521916000172, value=space, duration=9.883580099995015>
589.9097 	DATA 	Mouse: Left button down, pos=(944,207)
589.9231 	EXP 	New trial (rep=8, index=6): <Trial 102 (6 in rep 8) data={'delay': 0.7, 'freq': 1000, 'condition': 'exp', 'thisN': 102, 'thisTrialN': 6, 'thisRepN': 8}>
589.9392 	EXP 	text: autoDraw = False
589.9392 	EXP 	textbox: autoDraw = False
589.9392 	EXP 	polygon: autoDraw = True
590.1250 	DATA 	Mouse:  Left button up, pos=(944,207)
590.9222 	INFO 	Keyboard events cleared
590.9220 	EXP 	polygon_2: autoDraw = True
590.9386 	EXP 	polygon: autoDraw = False
591.5721 	EXP 	Device response: <KeyPress from None: t=591.5706592000206, value=6, duration=None>
591.5732 	DATA 	Keypress: 6
591.6889 	EXP 	Device response: <KeyPress from None: t=591.5706592000206, value=6, duration=0.10568889998830855>
591.8386 	EXP 	Device response: <KeyPress from None: t=591.8374250000052, value=7, duration=None>
591.8398 	DATA 	Keypress: 7
591.9554 	EXP 	Device response: <KeyPress from None: t=591.8374250000052, value=7, duration=0.10586159999365918>
592.0885 	EXP 	Device response: <KeyPress from None: t=592.0738571000111, value=8, duration=None>
592.0896 	DATA 	Keypress: 8
592.1886 	EXP 	Device response: <KeyPress from None: t=592.0738571000111, value=8, duration=0.11106940000900067>
592.7397 	DATA 	Keypress: space
592.7551 	EXP 	Device response: <KeyPress from None: t=592.7388135000074, value=space, duration=None>
592.7714 	EXP 	polygon: autoDraw = False
592.7714 	EXP 	polygon_2: autoDraw = False
592.8714 	EXP 	Device response: <KeyPress from None: t=582.4037071000203, value=space, duration=10.463373899983708>
593.4381 	EXP 	Sound sound_1 reached end of file
593.4544 	EXP 	Playing sound sound_1 on speaker Speaker (Realtek(R) Audio)
593.7525 	EXP 	Sound sound_1 stopped
593.7592 	EXP 	text: autoDraw = True
593.7592 	EXP 	textbox: autoDraw = True
594.8391 	DATA 	Keypress: 4
594.8399 	EXP 	Device response: <KeyPress from None: t=594.8268478999962, value=4, duration=None>
594.9722 	EXP 	Device response: <KeyPress from None: t=594.8268478999962, value=4, duration=0.13898100002552383>
595.0712 	DATA 	Keypress: 5
595.0731 	EXP 	Device response: <KeyPress from None: t=595.0677742999978, value=5, duration=None>
595.2055 	EXP 	Device response: <KeyPress from None: t=595.0677742999978, value=5, duration=0.12907900000573136>
595.2878 	DATA 	Keypress: 6
595.2891 	EXP 	Device response: <KeyPress from None: t=595.277625000017, value=6, duration=None>
595.4058 	EXP 	Device response: <KeyPress from None: t=595.277625000017, value=6, duration=0.12221499998122454>
596.8372 	DATA 	Mouse: Left button down, pos=(944,207)
596.8380 	EXP 	New trial (rep=8, index=7): <Trial 103 (7 in rep 8) data={'delay': 0.4, 'freq': 400, 'condition': 'unexp', 'thisN': 103, 'thisTrialN': 7, 'thisRepN': 8}>
596.8533 	EXP 	text: autoDraw = False
596.8533 	EXP 	textbox: autoDraw = False
596.8533 	EXP 	polygon: autoDraw = True
597.0547 	DATA 	Mouse:  Left button up, pos=(944,207)
597.6036 	EXP 	Device response: <KeyPress from None: t=597.5907284000132, value=space, duration=None>
597.6047 	DATA 	Keypress: space
597.6535 	EXP 	Device response: <KeyPress from None: t=585.2258802000142, value=space, duration=12.420699199981755>
597.8533 	INFO 	Keyboard events cleared
597.8531 	EXP 	polygon: autoDraw = False
597.8531 	EXP 	polygon_2: autoDraw = True
598.5200 	EXP 	Device response: <KeyPress from None: t=598.5193038000143, value=8, duration=None>
598.5205 	DATA 	Keypress: 8
598.6365 	EXP 	Device response: <KeyPress from None: t=598.5193038000143, value=8, duration=0.10002199999871664>
598.7031 	EXP 	Device response: <KeyPress from None: t=598.6883743000217, value=8, duration=None>
598.7042 	DATA 	Keypress: 8
598.8032 	EXP 	Device response: <KeyPress from None: t=598.6883743000217, value=8, duration=0.11124509997898713>
599.2203 	EXP 	Device response: <KeyPress from None: t=599.2056997000182, value=space, duration=None>
599.2220 	DATA 	Keypress: space
599.2357 	EXP 	polygon: autoDraw = False
599.2357 	EXP 	polygon_2: autoDraw = False
599.3528 	EXP 	Device response: <KeyPress from None: t=588.1736533000076, value=space, duration=11.176902100007283>
599.6191 	EXP 	Sound sound_1 reached end of file
599.6354 	EXP 	Playing sound sound_1 on speaker Speaker (Realtek(R) Audio)
599.9322 	EXP 	Sound sound_1 stopped
599.9401 	EXP 	text: autoDraw = True
599.9401 	EXP 	textbox: autoDraw = True
600.1737 	DATA 	Keypress: 8
600.1865 	EXP 	Device response: <KeyPress from None: t=600.1725867000059, value=8, duration=None>
600.2861 	EXP 	Device response: <KeyPress from None: t=600.1725867000059, value=8, duration=0.10009550000540912>
600.3266 	DATA 	Keypress: 8
600.3360 	EXP 	Device response: <KeyPress from None: t=600.3242262999993, value=8, duration=None>
600.4370 	EXP 	Device response: <KeyPress from None: t=600.3242262999993, value=8, duration=0.1081799000094179>
600.4697 	DATA 	Keypress: 8
600.4707 	EXP 	Device response: <KeyPress from None: t=600.4676656000083, value=8, duration=None>
600.5855 	EXP 	Device response: <KeyPress from None: t=600.4676656000083, value=8, duration=0.10547579999547452>
601.8058 	DATA 	Mouse: Left button down, pos=(944,207)
601.8191 	EXP 	New trial (rep=8, index=8): <Trial 104 (8 in rep 8) data={'delay': 0.4, 'freq': 1000, 'condition': 'exp', 'thisN': 104, 'thisTrialN': 8, 'thisRepN': 8}>
601.8347 	EXP 	text: autoDraw = False
601.8347 	EXP 	textbox: autoDraw = False
601.8347 	EXP 	polygon: autoDraw = True
602.0363 	DATA 	Mouse:  Left button up, pos=(944,207)
602.8346 	INFO 	Keyboard events cleared
602.8345 	EXP 	polygon: autoDraw = False
602.8345 	EXP 	polygon_2: autoDraw = True
604.7677 	EXP 	Device response: <KeyPress from None: t=604.7595448000066, value=3, duration=None>
604.7688 	DATA 	Keypress: 3
604.8508 	EXP 	Device response: <KeyPress from None: t=604.7595448000066, value=3, duration=0.08921490001375787>
604.9342 	EXP 	Device response: <KeyPress from None: t=604.9333538000064, value=3, duration=None>
604.9353 	DATA 	Keypress: 3
605.0176 	EXP 	Device response: <KeyPress from None: t=604.9333538000064, value=3, duration=0.07761810001102276>
605.2509 	EXP 	Device response: <KeyPress from None: t=605.2434187000035, value=space, duration=None>
605.2529 	DATA 	Keypress: space
605.2670 	EXP 	polygon: autoDraw = False
605.2670 	EXP 	polygon_2: autoDraw = False
605.4007 	EXP 	Device response: <KeyPress from None: t=592.7388135000074, value=space, duration=12.650504299992463>
605.6339 	EXP 	Sound sound_1 reached end of file
605.6503 	EXP 	Playing sound sound_1 on speaker Speaker (Realtek(R) Audio)
605.9510 	EXP 	Sound sound_1 stopped
605.9578 	EXP 	text: autoDraw = True
605.9578 	EXP 	textbox: autoDraw = True
606.5841 	DATA 	Keypress: 3
606.5855 	EXP 	Device response: <KeyPress from None: t=606.573336100002, value=3, duration=None>
606.6837 	EXP 	Device response: <KeyPress from None: t=606.573336100002, value=3, duration=0.09497959999134764>
606.8211 	DATA 	Keypress: 2
606.8342 	EXP 	Device response: <KeyPress from None: t=606.8190547999984, value=2, duration=None>
606.9334 	EXP 	Device response: <KeyPress from None: t=606.8190547999984, value=2, duration=0.09969510001246817>
607.0834 	DATA 	Keypress: 1
607.0846 	EXP 	Device response: <KeyPress from None: t=607.0729057000135, value=1, duration=None>
607.1839 	EXP 	Device response: <KeyPress from None: t=607.0729057000135, value=1, duration=0.10032659998978488>
607.3834 	DATA 	Keypress: 4
607.3852 	EXP 	Device response: <KeyPress from None: t=607.3814883000159, value=4, duration=None>
607.4507 	EXP 	Device response: <KeyPress from None: t=607.3814883000159, value=4, duration=0.06736950000049546>
607.8172 	DATA 	Keypress: backspace
607.8195 	EXP 	Device response: <KeyPress from None: t=607.808769700001, value=backspace, duration=None>
608.0331 	EXP 	Device response: <KeyPress from None: t=607.808769700001, value=backspace, duration=0.21078739999211393>
608.5667 	DATA 	Mouse: Left button down, pos=(944,207)
608.5675 	EXP 	New trial (rep=8, index=9): <Trial 105 (9 in rep 8) data={'delay': 0.4, 'freq': 1000, 'condition': 'exp', 'thisN': 105, 'thisTrialN': 9, 'thisRepN': 8}>
608.5827 	EXP 	text: autoDraw = False
608.5827 	EXP 	textbox: autoDraw = False
608.5827 	EXP 	polygon: autoDraw = True
608.7843 	DATA 	Mouse:  Left button up, pos=(944,207)
609.4176 	DATA 	Keypress: space
609.4328 	EXP 	Device response: <KeyPress from None: t=609.4165548000019, value=space, duration=None>
609.5158 	EXP 	Device response: <KeyPress from None: t=597.5907284000132, value=space, duration=11.920858600002248>
609.5824 	INFO 	Keyboard events cleared
609.5823 	EXP 	polygon: autoDraw = False
609.5823 	EXP 	polygon_2: autoDraw = True
610.5332 	DATA 	Keypress: space
610.5495 	EXP 	Device response: <KeyPress from None: t=610.5326238000125, value=space, duration=None>
610.5652 	EXP 	polygon: autoDraw = False
610.5652 	EXP 	polygon_2: autoDraw = False
610.5992 	EXP 	Device response: <KeyPress from None: t=599.2056997000182, value=space, duration=11.3887261999771>
610.9489 	EXP 	Sound sound_1 reached end of file
610.9653 	EXP 	Playing sound sound_1 on speaker Speaker (Realtek(R) Audio)
611.2628 	EXP 	Sound sound_1 stopped
611.2709 	EXP 	text: autoDraw = True
611.2709 	EXP 	textbox: autoDraw = True
611.8657 	DATA 	Keypress: 1
611.8664 	EXP 	Device response: <KeyPress from None: t=611.86201110002, value=1, duration=None>
611.9487 	EXP 	Device response: <KeyPress from None: t=611.86201110002, value=1, duration=0.07968460000120103>
612.0172 	DATA 	Keypress: 1
612.0317 	EXP 	Device response: <KeyPress from None: t=612.0155539000116, value=1, duration=None>
612.1333 	EXP 	Device response: <KeyPress from None: t=612.0155539000116, value=1, duration=0.10585130000254139>
613.1193 	DATA 	Mouse: Left button down, pos=(944,207)
613.1321 	EXP 	New trial (rep=8, index=10): <Trial 106 (10 in rep 8) data={'delay': 0.7, 'freq': 1000, 'condition': 'exp', 'thisN': 106, 'thisTrialN': 10, 'thisRepN': 8}>
613.1479 	EXP 	text: autoDraw = False
613.1479 	EXP 	textbox: autoDraw = False
613.1479 	EXP 	polygon: autoDraw = True
613.3494 	DATA 	Mouse:  Left button up, pos=(944,207)
614.1476 	INFO 	Keyboard events cleared
614.1475 	EXP 	polygon: autoDraw = False
614.1475 	EXP 	polygon_2: autoDraw = True
616.5987 	DATA 	Keypress: space
616.6138 	EXP 	Device response: <KeyPress from None: t=616.5976537000097, value=space, duration=None>
616.6298 	EXP 	polygon: autoDraw = False
616.6298 	EXP 	polygon_2: autoDraw = False
616.6636 	EXP 	Device response: <KeyPress from None: t=605.2434187000035, value=space, duration=11.415514099993743>
617.3132 	EXP 	Sound sound_1 reached end of file
617.3296 	EXP 	Playing sound sound_1 on speaker Speaker (Realtek(R) Audio)
617.6326 	EXP 	Sound sound_1 stopped
617.6399 	EXP 	text: autoDraw = True
617.6399 	EXP 	textbox: autoDraw = True
618.8685 	DATA 	Keypress: 7
618.8800 	EXP 	Device response: <KeyPress from None: t=618.8679518999998, value=7, duration=None>
618.9643 	EXP 	Device response: <KeyPress from None: t=618.8679518999998, value=7, duration=0.08292350001283921>
619.0301 	DATA 	Keypress: 7
619.0314 	EXP 	Device response: <KeyPress from None: t=619.0284544000169, value=7, duration=None>
619.1465 	EXP 	Device response: <KeyPress from None: t=619.0284544000169, value=7, duration=0.11015659998520277>
619.9844 	DATA 	Mouse: Left button down, pos=(944,207)
619.9967 	EXP 	New trial (rep=8, index=11): <Trial 107 (11 in rep 8) data={'delay': 0.1, 'freq': 400, 'condition': 'unexp', 'thisN': 107, 'thisTrialN': 11, 'thisRepN': 8}>
620.0123 	EXP 	text: autoDraw = False
620.0123 	EXP 	textbox: autoDraw = False
620.0123 	EXP 	polygon: autoDraw = True
620.2143 	DATA 	Mouse:  Left button up, pos=(944,207)
621.0119 	INFO 	Keyboard events cleared
621.0117 	EXP 	polygon: autoDraw = False
621.0117 	EXP 	polygon_2: autoDraw = True
622.7133 	DATA 	Keypress: space
622.7283 	EXP 	Device response: <KeyPress from None: t=622.7123084000195, value=space, duration=None>
622.7444 	EXP 	polygon: autoDraw = False
622.7444 	EXP 	polygon_2: autoDraw = False
622.8114 	EXP 	Sound sound_1 reached end of file
622.8277 	EXP 	Playing sound sound_1 on speaker Speaker (Realtek(R) Audio)
622.8615 	EXP 	Device response: <KeyPress from None: t=609.4165548000019, value=space, duration=13.434071600000607>
623.1259 	EXP 	Sound sound_1 stopped
623.1338 	EXP 	text: autoDraw = True
623.1338 	EXP 	textbox: autoDraw = True
624.0175 	DATA 	Keypress: 8
624.0282 	EXP 	Device response: <KeyPress from None: t=624.0168645000085, value=8, duration=None>
624.1114 	EXP 	Device response: <KeyPress from None: t=624.0168645000085, value=8, duration=0.08375749998958781>
624.2279 	DATA 	Keypress: 8
624.2291 	EXP 	Device response: <KeyPress from None: t=624.2247517000069, value=8, duration=None>
624.3111 	EXP 	Device response: <KeyPress from None: t=624.2247517000069, value=8, duration=0.07322449999628589>
624.3803 	DATA 	Keypress: 8
624.3944 	EXP 	Device response: <KeyPress from None: t=624.3781982999935, value=8, duration=None>
624.4776 	EXP 	Device response: <KeyPress from None: t=624.3781982999935, value=8, duration=0.08411240001441911>
625.4275 	DATA 	Mouse: Left button down, pos=(944,207)
625.4281 	EXP 	New trial (rep=9, index=0): <Trial 108 (0 in rep 9) data={'delay': 0.4, 'freq': 400, 'condition': 'unexp', 'thisN': 108, 'thisTrialN': 0, 'thisRepN': 9}>
625.4436 	EXP 	text: autoDraw = False
625.4436 	EXP 	textbox: autoDraw = False
625.4436 	EXP 	polygon: autoDraw = True
625.6617 	DATA 	Mouse:  Left button up, pos=(944,207)
626.2947 	DATA 	Mouse: Left button down, pos=(944,207)
626.4435 	INFO 	Keyboard events cleared
626.4433 	EXP 	polygon: autoDraw = False
626.4433 	EXP 	polygon_2: autoDraw = True
626.5116 	DATA 	Mouse:  Left button up, pos=(944,207)
627.0770 	EXP 	Device response: <KeyPress from None: t=627.0659695000213, value=space, duration=None>
627.0791 	DATA 	Keypress: space
627.0932 	EXP 	polygon: autoDraw = False
627.0932 	EXP 	polygon_2: autoDraw = False
627.1430 	EXP 	Device response: <KeyPress from None: t=610.5326238000125, value=space, duration=16.595248300000094>
627.4763 	EXP 	Sound sound_1 reached end of file
627.4926 	EXP 	Playing sound sound_1 on speaker Speaker (Realtek(R) Audio)
627.7886 	EXP 	Sound sound_1 stopped
627.7994 	EXP 	text: autoDraw = True
627.7994 	EXP 	textbox: autoDraw = True
628.5607 	DATA 	Keypress: 5
628.5619 	EXP 	Device response: <KeyPress from None: t=628.5586516000039, value=5, duration=None>
628.6614 	EXP 	Device response: <KeyPress from None: t=628.5586516000039, value=5, duration=0.09441489999881014>
628.7100 	DATA 	Keypress: 5
628.7113 	EXP 	Device response: <KeyPress from None: t=628.7014077000204, value=5, duration=None>
628.8262 	EXP 	Device response: <KeyPress from None: t=628.7014077000204, value=5, duration=0.11107669997727498>
629.5930 	DATA 	Mouse: Left button down, pos=(944,207)
629.5938 	EXP 	New trial (rep=9, index=1): <Trial 109 (1 in rep 9) data={'delay': 0.7, 'freq': 1000, 'condition': 'exp', 'thisN': 109, 'thisTrialN': 1, 'thisRepN': 9}>
629.6089 	EXP 	text: autoDraw = False
629.6089 	EXP 	textbox: autoDraw = False
629.6089 	EXP 	polygon: autoDraw = True
629.8271 	DATA 	Mouse:  Left button up, pos=(944,207)
630.6086 	INFO 	Keyboard events cleared
630.6084 	EXP 	polygon: autoDraw = False
630.6084 	EXP 	polygon_2: autoDraw = True
632.2917 	EXP 	Device response: <KeyPress from None: t=632.2869627000182, value=space, duration=None>
632.2937 	DATA 	Keypress: space
632.3079 	EXP 	polygon: autoDraw = False
632.3079 	EXP 	polygon_2: autoDraw = False
632.4084 	EXP 	Device response: <KeyPress from None: t=616.5976537000097, value=space, duration=15.793777099985164>
632.9747 	EXP 	Sound sound_1 reached end of file
632.9910 	EXP 	Playing sound sound_1 on speaker Speaker (Realtek(R) Audio)
633.2928 	EXP 	Sound sound_1 stopped
633.3007 	EXP 	text: autoDraw = True
633.3007 	EXP 	textbox: autoDraw = True
633.3787 	DATA 	Keypress: 8
633.3915 	EXP 	Device response: <KeyPress from None: t=633.3781821000157, value=8, duration=None>
633.4754 	EXP 	Device response: <KeyPress from None: t=633.3781821000157, value=8, duration=0.0910573999863118>
633.5252 	DATA 	Keypress: 8
633.5276 	EXP 	Device response: <KeyPress from None: t=633.5214391000045, value=8, duration=None>
633.6262 	EXP 	Device response: <KeyPress from None: t=633.5214391000045, value=8, duration=0.09922820000792854>
636.7402 	DATA 	Mouse: Left button down, pos=(944,207)
636.7409 	EXP 	New trial (rep=9, index=2): <Trial 110 (2 in rep 9) data={'delay': 0.4, 'freq': 1000, 'condition': 'exp', 'thisN': 110, 'thisTrialN': 2, 'thisRepN': 9}>
636.7563 	EXP 	text: autoDraw = False
636.7563 	EXP 	textbox: autoDraw = False
636.7563 	EXP 	polygon: autoDraw = True
636.9591 	DATA 	Mouse:  Left button up, pos=(944,207)
637.7565 	INFO 	Keyboard events cleared
637.7563 	EXP 	polygon: autoDraw = False
637.7563 	EXP 	polygon_2: autoDraw = True
638.1401 	EXP 	Device response: <KeyPress from None: t=638.1358342000167, value=7, duration=None>
638.1412 	DATA 	Keypress: 7
638.2396 	EXP 	Device response: <KeyPress from None: t=638.1358342000167, value=7, duration=0.10063489997992292>
638.3073 	DATA 	Keypress: 7
638.3229 	EXP 	Device response: <KeyPress from None: t=638.3058131000143, value=7, duration=None>
638.4064 	EXP 	Device response: <KeyPress from None: t=638.3058131000143, value=7, duration=0.09485550000681542>
638.7228 	EXP 	Device response: <KeyPress from None: t=638.7206422000017, value=space, duration=None>
638.7251 	DATA 	Keypress: space
638.7394 	EXP 	polygon: autoDraw = False
638.7394 	EXP 	polygon_2: autoDraw = False
638.9061 	EXP 	Device response: <KeyPress from None: t=622.7123084000195, value=space, duration=16.180342499981634>
639.1059 	EXP 	Sound sound_1 reached end of file
639.1222 	EXP 	Playing sound sound_1 on speaker Speaker (Realtek(R) Audio)
639.4191 	EXP 	Sound sound_1 stopped
639.4299 	EXP 	text: autoDraw = True
639.4299 	EXP 	textbox: autoDraw = True
639.5760 	DATA 	Keypress: 7
639.5900 	EXP 	Device response: <KeyPress from None: t=639.5738946000056, value=7, duration=None>
639.6899 	EXP 	Device response: <KeyPress from None: t=639.5738946000056, value=7, duration=0.11113020000630058>
639.8064 	DATA 	Keypress: 7
639.8073 	EXP 	Device response: <KeyPress from None: t=639.7988653000211, value=7, duration=None>
639.9069 	EXP 	Device response: <KeyPress from None: t=639.7988653000211, value=7, duration=0.10078059998340905>
640.1057 	DATA 	Keypress: 6
640.1068 	EXP 	Device response: <KeyPress from None: t=640.1037840000063, value=6, duration=None>
640.2071 	EXP 	Device response: <KeyPress from None: t=640.1037840000063, value=6, duration=0.09482739999657497>
641.0055 	DATA 	Mouse: Left button down, pos=(944,207)
641.0063 	EXP 	New trial (rep=9, index=3): <Trial 111 (3 in rep 9) data={'delay': 0.7, 'freq': 1000, 'condition': 'exp', 'thisN': 111, 'thisTrialN': 3, 'thisRepN': 9}>
641.0217 	EXP 	text: autoDraw = False
641.0217 	EXP 	textbox: autoDraw = False
641.0217 	EXP 	polygon: autoDraw = True
641.2397 	DATA 	Mouse:  Left button up, pos=(944,207)
642.0215 	INFO 	Keyboard events cleared
642.0213 	EXP 	polygon: autoDraw = False
642.0213 	EXP 	polygon_2: autoDraw = True
644.3878 	EXP 	Device response: <KeyPress from None: t=644.373952599999, value=space, duration=None>
644.3904 	DATA 	Keypress: space
644.4046 	EXP 	polygon: autoDraw = False
644.4046 	EXP 	polygon_2: autoDraw = False
644.4708 	EXP 	Device response: <KeyPress from None: t=627.0659695000213, value=space, duration=17.402453099988634>
645.0873 	EXP 	Sound sound_1 reached end of file
645.1036 	EXP 	Playing sound sound_1 on speaker Speaker (Realtek(R) Audio)
645.4014 	EXP 	Sound sound_1 stopped
645.4094 	EXP 	text: autoDraw = True
645.4094 	EXP 	textbox: autoDraw = True
645.4925 	DATA 	Keypress: 4
645.5041 	EXP 	Device response: <KeyPress from None: t=645.4905045000196, value=4, duration=None>
645.5873 	EXP 	Device response: <KeyPress from None: t=645.4905045000196, value=4, duration=0.08933959997375496>
645.9572 	DATA 	Keypress: 5
645.9702 	EXP 	Device response: <KeyPress from None: t=645.9568633000017, value=5, duration=None>
646.0880 	EXP 	Device response: <KeyPress from None: t=645.9568633000017, value=5, duration=0.12315540001145564>
646.2872 	DATA 	Keypress: 6
646.2888 	EXP 	Device response: <KeyPress from None: t=646.2843281000096, value=6, duration=None>
646.4039 	EXP 	Device response: <KeyPress from None: t=646.2843281000096, value=6, duration=0.10564449999947101>
647.7864 	DATA 	Mouse: Left button down, pos=(944,207)
647.7869 	EXP 	New trial (rep=9, index=4): <Trial 112 (4 in rep 9) data={'delay': 0.1, 'freq': 400, 'condition': 'unexp', 'thisN': 112, 'thisTrialN': 4, 'thisRepN': 9}>
647.8027 	EXP 	text: autoDraw = False
647.8027 	EXP 	textbox: autoDraw = False
647.8027 	EXP 	polygon: autoDraw = True
648.0210 	DATA 	Mouse:  Left button up, pos=(944,207)
648.7861 	INFO 	Keyboard events cleared
648.7859 	EXP 	polygon_2: autoDraw = True
648.8024 	EXP 	polygon: autoDraw = False
649.9526 	EXP 	Device response: <KeyPress from None: t=649.9457499000127, value=space, duration=None>
649.9546 	DATA 	Keypress: space
649.9688 	EXP 	polygon: autoDraw = False
649.9688 	EXP 	polygon_2: autoDraw = False
650.0358 	EXP 	Sound sound_1 reached end of file
650.0518 	EXP 	Playing sound sound_1 on speaker Speaker (Realtek(R) Audio)
650.0525 	EXP 	Device response: <KeyPress from None: t=632.2869627000182, value=space, duration=17.74834849999752>
650.3538 	EXP 	Sound sound_1 stopped
650.3611 	EXP 	text: autoDraw = True
650.3611 	EXP 	textbox: autoDraw = True
651.8022 	DATA 	Keypress: 6
651.8034 	EXP 	Device response: <KeyPress from None: t=651.7913050000207, value=6, duration=None>
651.9200 	EXP 	Device response: <KeyPress from None: t=651.7913050000207, value=6, duration=0.11622279998846352>
652.0185 	DATA 	Keypress: 7
652.0207 	EXP 	Device response: <KeyPress from None: t=652.0126423000183, value=7, duration=None>
652.1193 	EXP 	Device response: <KeyPress from None: t=652.0126423000183, value=7, duration=0.10529629999655299>
652.2909 	DATA 	Keypress: 0
652.3016 	EXP 	Device response: <KeyPress from None: t=652.2896048999974, value=0, duration=None>
652.4026 	EXP 	Device response: <KeyPress from None: t=652.2896048999974, value=0, duration=0.10621620001620613>
653.6345 	DATA 	Mouse: Left button down, pos=(944,207)
653.6351 	EXP 	New trial (rep=9, index=5): <Trial 113 (5 in rep 9) data={'delay': 0.1, 'freq': 1000, 'condition': 'exp', 'thisN': 113, 'thisTrialN': 5, 'thisRepN': 9}>
653.6508 	EXP 	text: autoDraw = False
653.6508 	EXP 	textbox: autoDraw = False
653.6508 	EXP 	polygon: autoDraw = True
653.8690 	DATA 	Mouse:  Left button up, pos=(944,207)
654.6504 	INFO 	Keyboard events cleared
654.6503 	EXP 	polygon: autoDraw = False
654.6503 	EXP 	polygon_2: autoDraw = True
655.2506 	EXP 	Device response: <KeyPress from None: t=655.2491681000101, value=space, duration=None>
655.2526 	DATA 	Keypress: space
655.2670 	EXP 	polygon: autoDraw = False
655.2670 	EXP 	polygon_2: autoDraw = False
655.3339 	EXP 	Sound sound_1 reached end of file
655.3502 	EXP 	Playing sound sound_1 on speaker Speaker (Realtek(R) Audio)
655.3506 	EXP 	Device response: <KeyPress from None: t=638.7206422000017, value=space, duration=16.62242410000181>
655.6501 	EXP 	Sound sound_1 stopped
655.6573 	EXP 	text: autoDraw = True
655.6573 	EXP 	textbox: autoDraw = True
657.3722 	DATA 	Keypress: 1
657.3832 	EXP 	Device response: <KeyPress from None: t=657.3711431999982, value=1, duration=None>
657.4997 	EXP 	Device response: <KeyPress from None: t=657.3711431999982, value=1, duration=0.11748830002034083>
657.5669 	DATA 	Keypress: 2
657.5682 	EXP 	Device response: <KeyPress from None: t=657.5652867000026, value=2, duration=None>
657.6846 	EXP 	Device response: <KeyPress from None: t=657.5652867000026, value=2, duration=0.11244450000231154>
658.1500 	DATA 	Keypress: 9
658.1512 	EXP 	Device response: <KeyPress from None: t=658.1466017000203, value=9, duration=None>
658.2336 	EXP 	Device response: <KeyPress from None: t=658.1466017000203, value=9, duration=0.07745089998934418>
660.1161 	DATA 	Mouse: Left button down, pos=(944,207)
660.1169 	EXP 	New trial (rep=9, index=6): <Trial 114 (6 in rep 9) data={'delay': 0.1, 'freq': 1000, 'condition': 'exp', 'thisN': 114, 'thisTrialN': 6, 'thisRepN': 9}>
660.1318 	EXP 	text: autoDraw = False
660.1318 	EXP 	textbox: autoDraw = False
660.1318 	EXP 	polygon: autoDraw = True
660.3334 	DATA 	Mouse:  Left button up, pos=(944,207)
661.1318 	INFO 	Keyboard events cleared
661.1316 	EXP 	polygon: autoDraw = False
661.1316 	EXP 	polygon_2: autoDraw = True
664.7307 	EXP 	Device response: <KeyPress from None: t=664.7188429000089, value=space, duration=None>
664.7327 	DATA 	Keypress: space
664.7470 	EXP 	polygon: autoDraw = False
664.7470 	EXP 	polygon_2: autoDraw = False
664.8138 	EXP 	Sound sound_1 reached end of file
664.8301 	EXP 	Playing sound sound_1 on speaker Speaker (Realtek(R) Audio)
664.8309 	EXP 	Device response: <KeyPress from None: t=644.373952599999, value=space, duration=20.45048230001703>
665.1299 	EXP 	Sound sound_1 stopped
665.1411 	EXP 	text: autoDraw = True
665.1411 	EXP 	textbox: autoDraw = True
665.9139 	DATA 	Keypress: 6
665.9147 	EXP 	Device response: <KeyPress from None: t=665.910950999998, value=6, duration=None>
666.0470 	EXP 	Device response: <KeyPress from None: t=665.910950999998, value=6, duration=0.12261000002035871>
666.1138 	DATA 	Keypress: 7
666.1153 	EXP 	Device response: <KeyPress from None: t=666.1091187999991, value=7, duration=None>
666.2468 	EXP 	Device response: <KeyPress from None: t=666.1091187999991, value=7, duration=0.12257140001747757>
666.8166 	DATA 	Keypress: 9
666.8301 	EXP 	Device response: <KeyPress from None: t=666.814022400009, value=9, duration=None>
666.9801 	EXP 	Device response: <KeyPress from None: t=666.814022400009, value=9, duration=0.15570639999350533>
668.0858 	DATA 	Mouse: Left button down, pos=(944,207)
668.0966 	EXP 	New trial (rep=9, index=7): <Trial 115 (7 in rep 9) data={'delay': 0.7, 'freq': 1000, 'condition': 'exp', 'thisN': 115, 'thisTrialN': 7, 'thisRepN': 9}>
668.1126 	EXP 	text: autoDraw = False
668.1126 	EXP 	textbox: autoDraw = False
668.1126 	EXP 	polygon: autoDraw = True
668.3135 	DATA 	Mouse:  Left button up, pos=(944,207)
668.9127 	EXP 	Device response: <KeyPress from None: t=668.9027444999956, value=space, duration=None>
668.9138 	DATA 	Keypress: space
669.0959 	INFO 	Keyboard events cleared
669.0957 	EXP 	polygon_2: autoDraw = True
669.1124 	EXP 	polygon: autoDraw = False
669.1129 	EXP 	Device response: <KeyPress from None: t=649.9457499000127, value=space, duration=19.15242020000005>
670.7956 	EXP 	Device response: <KeyPress from None: t=670.7859077000176, value=space, duration=None>
670.7978 	DATA 	Keypress: space
670.8117 	EXP 	polygon: autoDraw = False
670.8117 	EXP 	polygon_2: autoDraw = False
670.8455 	EXP 	Device response: <KeyPress from None: t=655.2491681000101, value=space, duration=15.585318099998403>
671.4950 	EXP 	Sound sound_1 reached end of file
671.5113 	EXP 	Playing sound sound_1 on speaker Speaker (Realtek(R) Audio)
671.8121 	EXP 	Sound sound_1 stopped
671.8197 	EXP 	text: autoDraw = True
671.8197 	EXP 	textbox: autoDraw = True
674.6776 	DATA 	Keypress: 5
674.6784 	EXP 	Device response: <KeyPress from None: t=674.6711652000085, value=5, duration=None>
674.8115 	EXP 	Device response: <KeyPress from None: t=674.6711652000085, value=5, duration=0.13890309998532757>
674.8774 	DATA 	Keypress: 4
674.8787 	EXP 	Device response: <KeyPress from None: t=674.8698096000007, value=4, duration=None>
674.9789 	EXP 	Device response: <KeyPress from None: t=674.8698096000007, value=4, duration=0.10509950001141988>
675.5275 	DATA 	Keypress: 9
675.5282 	EXP 	Device response: <KeyPress from None: t=675.52362610001, value=9, duration=None>
675.6955 	EXP 	Device response: <KeyPress from None: t=675.52362610001, value=9, duration=0.16671940000378527>
677.9765 	DATA 	Mouse: Left button down, pos=(944,207)
677.9770 	EXP 	New trial (rep=9, index=8): <Trial 116 (8 in rep 9) data={'delay': 0.1, 'freq': 1000, 'condition': 'exp', 'thisN': 116, 'thisTrialN': 8, 'thisRepN': 9}>
677.9926 	EXP 	text: autoDraw = False
677.9926 	EXP 	textbox: autoDraw = False
677.9926 	EXP 	polygon: autoDraw = True
678.2100 	DATA 	Mouse:  Left button up, pos=(944,207)
678.9924 	INFO 	Keyboard events cleared
678.9922 	EXP 	polygon: autoDraw = False
678.9922 	EXP 	polygon_2: autoDraw = True
679.4424 	EXP 	Device response: <KeyPress from None: t=679.4395201000152, value=space, duration=None>
679.4442 	DATA 	Keypress: space
679.4588 	EXP 	polygon: autoDraw = False
679.4588 	EXP 	polygon_2: autoDraw = False
679.5089 	EXP 	Device response: <KeyPress from None: t=664.7188429000089, value=space, duration=14.776813300006324>
679.5256 	EXP 	Sound sound_1 reached end of file
679.5419 	EXP 	Playing sound sound_1 on speaker Speaker (Realtek(R) Audio)
679.8393 	EXP 	Sound sound_1 stopped
679.8458 	EXP 	text: autoDraw = True
679.8458 	EXP 	textbox: autoDraw = True
681.0096 	DATA 	Keypress: 6
681.0103 	EXP 	Device response: <KeyPress from None: t=681.0045508000185, value=6, duration=None>
681.1096 	EXP 	Device response: <KeyPress from None: t=681.0045508000185, value=6, duration=0.10129389999201521>
681.5417 	DATA 	Keypress: 7
681.5427 	EXP 	Device response: <KeyPress from None: t=681.5356305000023, value=7, duration=None>
681.6591 	EXP 	Device response: <KeyPress from None: t=681.5356305000023, value=7, duration=0.1114823000098113>
682.1260 	DATA 	Keypress: 0
682.1275 	EXP 	Device response: <KeyPress from None: t=682.1251272000081, value=0, duration=None>
682.3083 	EXP 	Device response: <KeyPress from None: t=682.1251272000081, value=0, duration=0.1722056999860797>
683.2917 	DATA 	Mouse: Left button down, pos=(944,207)
683.2927 	EXP 	New trial (rep=9, index=9): <Trial 117 (9 in rep 9) data={'delay': 0.4, 'freq': 1000, 'condition': 'exp', 'thisN': 117, 'thisTrialN': 9, 'thisRepN': 9}>
683.3076 	EXP 	text: autoDraw = False
683.3076 	EXP 	textbox: autoDraw = False
683.3076 	EXP 	polygon: autoDraw = True
683.5088 	DATA 	Mouse:  Left button up, pos=(944,207)
684.3074 	INFO 	Keyboard events cleared
684.3073 	EXP 	polygon: autoDraw = False
684.3073 	EXP 	polygon_2: autoDraw = True
685.0407 	EXP 	Device response: <KeyPress from None: t=685.0365412000101, value=space, duration=None>
685.0426 	DATA 	Keypress: space
685.0569 	EXP 	polygon: autoDraw = False
685.0569 	EXP 	polygon_2: autoDraw = False
685.1405 	EXP 	Device response: <KeyPress from None: t=668.9027444999956, value=space, duration=16.235071900009643>
685.4236 	EXP 	Sound sound_1 reached end of file
685.4400 	EXP 	Playing sound sound_1 on speaker Speaker (Realtek(R) Audio)
685.7414 	EXP 	Sound sound_1 stopped
685.7480 	EXP 	text: autoDraw = True
685.7480 	EXP 	textbox: autoDraw = True
686.8105 	DATA 	Keypress: 6
686.8242 	EXP 	Device response: <KeyPress from None: t=686.8094165000075, value=6, duration=None>
686.9075 	EXP 	Device response: <KeyPress from None: t=686.8094165000075, value=6, duration=0.08940689999144524>
686.9772 	DATA 	Keypress: 6
686.9896 	EXP 	Device response: <KeyPress from None: t=686.9740296000091, value=6, duration=None>
687.1062 	EXP 	Device response: <KeyPress from None: t=686.9740296000091, value=6, duration=0.11703379999380559>
688.6229 	DATA 	Mouse: Left button down, pos=(944,207)
688.6236 	EXP 	New trial (rep=9, index=10): <Trial 118 (10 in rep 9) data={'delay': 0.7, 'freq': 400, 'condition': 'unexp', 'thisN': 118, 'thisTrialN': 10, 'thisRepN': 9}>
688.6396 	EXP 	text: autoDraw = False
688.6396 	EXP 	textbox: autoDraw = False
688.6396 	EXP 	polygon: autoDraw = True
688.8573 	DATA 	Mouse:  Left button up, pos=(944,207)
689.6390 	INFO 	Keyboard events cleared
689.6388 	EXP 	polygon: autoDraw = False
689.6388 	EXP 	polygon_2: autoDraw = True
689.9075 	DATA 	Keypress: space
689.9226 	EXP 	Device response: <KeyPress from None: t=689.9062050000066, value=space, duration=None>
689.9386 	EXP 	polygon: autoDraw = False
689.9386 	EXP 	polygon_2: autoDraw = False
689.9724 	EXP 	Device response: <KeyPress from None: t=670.7859077000176, value=space, duration=19.183021999982884>
690.6220 	EXP 	Sound sound_1 reached end of file
690.6383 	EXP 	Playing sound sound_1 on speaker Speaker (Realtek(R) Audio)
690.9331 	EXP 	Sound sound_1 stopped
690.9405 	EXP 	text: autoDraw = True
690.9405 	EXP 	textbox: autoDraw = True
691.7723 	DATA 	Keypress: 3
691.7731 	EXP 	Device response: <KeyPress from None: t=691.7648960000079, value=3, duration=None>
691.9224 	EXP 	Device response: <KeyPress from None: t=691.7648960000079, value=3, duration=0.15098989999387413>
691.9550 	DATA 	Keypress: 4
691.9559 	EXP 	Device response: <KeyPress from None: t=691.9423255000147, value=4, duration=None>
692.1049 	EXP 	Device response: <KeyPress from None: t=691.9423255000147, value=4, duration=0.14922599997953512>
692.2051 	DATA 	Keypress: 9
692.2059 	EXP 	Device response: <KeyPress from None: t=692.1997663000075, value=9, duration=None>
692.2890 	EXP 	Device response: <KeyPress from None: t=692.1997663000075, value=9, duration=0.0873927999928128>
693.1549 	DATA 	Mouse: Left button down, pos=(944,207)
693.1555 	EXP 	New trial (rep=9, index=11): <Trial 119 (11 in rep 9) data={'delay': 0.4, 'freq': 1000, 'condition': 'exp', 'thisN': 119, 'thisTrialN': 11, 'thisRepN': 9}>
693.1707 	EXP 	text: autoDraw = False
693.1707 	EXP 	textbox: autoDraw = False
693.1707 	EXP 	polygon: autoDraw = True
693.3894 	DATA 	Mouse:  Left button up, pos=(944,207)
694.1706 	INFO 	Keyboard events cleared
694.1704 	EXP 	polygon: autoDraw = False
694.1704 	EXP 	polygon_2: autoDraw = True
695.1205 	EXP 	Device response: <KeyPress from None: t=695.1189916000003, value=space, duration=None>
695.1226 	DATA 	Keypress: space
695.1375 	EXP 	polygon: autoDraw = False
695.1375 	EXP 	polygon_2: autoDraw = False
695.1871 	EXP 	Device response: <KeyPress from None: t=679.4395201000152, value=space, duration=15.730892199993832>
695.5035 	EXP 	Sound sound_1 reached end of file
695.5199 	EXP 	Playing sound sound_1 on speaker Speaker (Realtek(R) Audio)
695.8200 	EXP 	Sound sound_1 stopped
695.8270 	EXP 	text: autoDraw = True
695.8270 	EXP 	textbox: autoDraw = True
696.6203 	DATA 	Keypress: 7
696.6211 	EXP 	Device response: <KeyPress from None: t=696.6140413999965, value=7, duration=None>
696.7200 	EXP 	Device response: <KeyPress from None: t=696.6140413999965, value=7, duration=0.09385460001067258>
696.7907 	DATA 	Keypress: 8
696.8042 	EXP 	Device response: <KeyPress from None: t=696.7904591000115, value=8, duration=None>
696.9037 	EXP 	Device response: <KeyPress from None: t=696.7904591000115, value=8, duration=0.10279849998187274>
696.9099 	DATA 	Keypress: 0
696.9201 	EXP 	Device response: <KeyPress from None: t=696.908483200008, value=0, duration=None>
697.0697 	EXP 	Device response: <KeyPress from None: t=696.908483200008, value=0, duration=0.14498620000085793>
697.8028 	DATA 	Mouse: Left button down, pos=(944,207)
697.8035 	EXP 	New trial (rep=10, index=0): <Trial 120 (0 in rep 10) data={'delay': 0.4, 'freq': 1000, 'condition': 'exp', 'thisN': 120, 'thisTrialN': 0, 'thisRepN': 10}>
697.8192 	EXP 	text: autoDraw = False
697.8192 	EXP 	textbox: autoDraw = False
697.8192 	EXP 	polygon: autoDraw = True
698.0378 	DATA 	Mouse:  Left button up, pos=(944,207)
698.8193 	INFO 	Keyboard events cleared
698.8191 	EXP 	polygon: autoDraw = False
698.8191 	EXP 	polygon_2: autoDraw = True
698.9860 	EXP 	Device response: <KeyPress from None: t=698.9808140000096, value=space, duration=None>
698.9861 	EXP 	Device response: <KeyPress from None: t=698.9845652999938, value=v, duration=None>
698.9881 	DATA 	Keypress: space
698.9894 	DATA 	Keypress: v
699.0030 	EXP 	polygon: autoDraw = False
699.0030 	EXP 	polygon_2: autoDraw = False
699.0360 	EXP 	Device response: <KeyPress from None: t=698.9845652999938, value=v, duration=0.05022650002501905>
699.0691 	EXP 	Device response: <KeyPress from None: t=685.0365412000101, value=space, duration=14.031745699991006>
699.3859 	EXP 	Sound sound_1 reached end of file
699.4024 	EXP 	Playing sound sound_1 on speaker Speaker (Realtek(R) Audio)
699.7005 	EXP 	Sound sound_1 stopped
699.7078 	EXP 	text: autoDraw = True
699.7078 	EXP 	textbox: autoDraw = True
700.6188 	DATA 	Keypress: 3
700.6195 	EXP 	Device response: <KeyPress from None: t=700.6163703000057, value=3, duration=None>
700.7196 	EXP 	Device response: <KeyPress from None: t=700.6163703000057, value=3, duration=0.09402250000857748>
700.7690 	DATA 	Keypress: 3
700.7699 	EXP 	Device response: <KeyPress from None: t=700.7602883999934, value=3, duration=None>
701.1020 	EXP 	Device response: <KeyPress from None: t=700.7602883999934, value=3, duration=0.3268322000221815>
701.1550 	DATA 	Keypress: 4
701.1689 	EXP 	Device response: <KeyPress from None: t=701.1529684000125, value=4, duration=None>
701.3019 	EXP 	Device response: <KeyPress from None: t=701.1529684000125, value=4, duration=0.13374220000696369>
702.4182 	DATA 	Mouse: Left button down, pos=(944,207)
702.4190 	EXP 	New trial (rep=10, index=1): <Trial 121 (1 in rep 10) data={'delay': 0.1, 'freq': 400, 'condition': 'unexp', 'thisN': 121, 'thisTrialN': 1, 'thisRepN': 10}>
702.4344 	EXP 	text: autoDraw = False
702.4344 	EXP 	textbox: autoDraw = False
702.4344 	EXP 	polygon: autoDraw = True
702.6530 	DATA 	Mouse:  Left button up, pos=(944,207)
703.4343 	INFO 	Keyboard events cleared
703.4341 	EXP 	polygon: autoDraw = False
703.4341 	EXP 	polygon_2: autoDraw = True
703.7677 	EXP 	Device response: <KeyPress from None: t=703.7612905999995, value=space, duration=None>
703.7686 	DATA 	Keypress: space
703.7837 	EXP 	polygon: autoDraw = False
703.7837 	EXP 	polygon_2: autoDraw = False
703.8173 	EXP 	Device response: <KeyPress from None: t=689.9062050000066, value=space, duration=13.906481200014241>
703.8507 	EXP 	Sound sound_1 reached end of file
703.8670 	EXP 	Playing sound sound_1 on speaker Speaker (Realtek(R) Audio)
704.1613 	EXP 	Sound sound_1 stopped
704.1690 	EXP 	text: autoDraw = True
704.1690 	EXP 	textbox: autoDraw = True
704.3347 	DATA 	Keypress: space
704.3362 	EXP 	Device response: <KeyPress from None: t=704.3332337000174, value=space, duration=None>
704.3857 	EXP 	Device response: <KeyPress from None: t=695.1189916000003, value=space, duration=9.26414929999737>
705.0339 	DATA 	Keypress: 7
705.0352 	EXP 	Device response: <KeyPress from None: t=705.0251118000015, value=7, duration=None>
705.1180 	EXP 	Device response: <KeyPress from None: t=705.0251118000015, value=7, duration=0.08940940001048148>
705.1542 	DATA 	Keypress: 7
705.1668 	EXP 	Device response: <KeyPress from None: t=705.1534734000161, value=7, duration=None>
705.3855 	EXP 	Device response: <KeyPress from None: t=705.1534734000161, value=7, duration=0.22738110000500455>
705.5004 	DATA 	Keypress: 0
705.5019 	EXP 	Device response: <KeyPress from None: t=705.4968456000206, value=0, duration=None>
705.6843 	EXP 	Device response: <KeyPress from None: t=705.4968456000206, value=0, duration=0.17761679997784086>
706.6003 	DATA 	Mouse: Left button down, pos=(944,207)
706.6013 	EXP 	New trial (rep=10, index=2): <Trial 122 (2 in rep 10) data={'delay': 0.7, 'freq': 400, 'condition': 'unexp', 'thisN': 122, 'thisTrialN': 2, 'thisRepN': 10}>
706.6162 	EXP 	text: autoDraw = False
706.6162 	EXP 	textbox: autoDraw = False
706.6162 	EXP 	polygon: autoDraw = True
706.8342 	DATA 	Mouse:  Left button up, pos=(944,207)
707.2331 	EXP 	Device response: <KeyPress from None: t=707.2293421000068, value=space, duration=None>
707.2341 	DATA 	Keypress: space
707.3001 	EXP 	Device response: <KeyPress from None: t=698.9808140000096, value=space, duration=8.304554900008952>
707.6161 	INFO 	Keyboard events cleared
707.6159 	EXP 	polygon: autoDraw = False
707.6159 	EXP 	polygon_2: autoDraw = True
708.4660 	EXP 	Device response: <KeyPress from None: t=708.4647180000029, value=space, duration=None>
708.4680 	DATA 	Keypress: space
708.4823 	EXP 	polygon: autoDraw = False
708.4823 	EXP 	polygon_2: autoDraw = False
708.5161 	EXP 	Device response: <KeyPress from None: t=703.7612905999995, value=space, duration=4.753449300013017>
709.1490 	EXP 	Sound sound_1 reached end of file
709.1653 	EXP 	Playing sound sound_1 on speaker Speaker (Realtek(R) Audio)
709.4620 	EXP 	Sound sound_1 stopped
709.4697 	EXP 	text: autoDraw = True
709.4697 	EXP 	textbox: autoDraw = True
709.7000 	DATA 	Keypress: 4
709.7007 	EXP 	Device response: <KeyPress from None: t=709.6934912000143, value=4, duration=None>
709.7495 	EXP 	Device response: <KeyPress from None: t=709.6934912000143, value=4, duration=0.05015639998600818>
709.8665 	DATA 	Keypress: 4
709.8679 	EXP 	Device response: <KeyPress from None: t=709.8655438999995, value=4, duration=None>
709.9330 	EXP 	Device response: <KeyPress from None: t=709.8655438999995, value=4, duration=0.06656460001249798>
709.9993 	DATA 	Keypress: 4
710.0000 	EXP 	Device response: <KeyPress from None: t=709.9932887000032, value=4, duration=None>
710.1170 	EXP 	Device response: <KeyPress from None: t=709.9932887000032, value=4, duration=0.11120159999700263>
711.2868 	DATA 	Mouse: Left button down, pos=(944,207)
711.2993 	EXP 	New trial (rep=10, index=3): <Trial 123 (3 in rep 10) data={'delay': 0.4, 'freq': 1000, 'condition': 'exp', 'thisN': 123, 'thisTrialN': 3, 'thisRepN': 10}>
711.3147 	EXP 	text: autoDraw = False
711.3147 	EXP 	textbox: autoDraw = False
711.3147 	EXP 	polygon: autoDraw = True
711.5165 	DATA 	Mouse:  Left button up, pos=(944,207)
711.8316 	EXP 	Device response: <KeyPress from None: t=711.8228258000163, value=space, duration=None>
711.8326 	DATA 	Keypress: space
711.8815 	EXP 	Device response: <KeyPress from None: t=704.3332337000174, value=space, duration=7.5405681999982335>
712.3145 	INFO 	Keyboard events cleared
712.3143 	EXP 	polygon: autoDraw = False
712.3143 	EXP 	polygon_2: autoDraw = True
712.7480 	EXP 	Device response: <KeyPress from None: t=712.734712400008, value=space, duration=None>
712.7502 	DATA 	Keypress: space
712.7643 	EXP 	polygon: autoDraw = False
712.7643 	EXP 	polygon_2: autoDraw = False
712.7978 	EXP 	Device response: <KeyPress from None: t=707.2293421000068, value=space, duration=5.556067700003041>
713.1311 	EXP 	Sound sound_1 reached end of file
713.1474 	EXP 	Playing sound sound_1 on speaker Speaker (Realtek(R) Audio)
713.4444 	EXP 	Sound sound_1 stopped
713.4536 	DATA 	Keypress: 7
713.4559 	EXP 	text: autoDraw = True
713.4559 	EXP 	textbox: autoDraw = True
713.4563 	EXP 	Device response: <KeyPress from None: t=713.4529127000133, value=7, duration=None>
713.5645 	EXP 	Device response: <KeyPress from None: t=713.4529127000133, value=7, duration=0.10049789998447523>
713.6684 	DATA 	Keypress: 8
713.6805 	EXP 	Device response: <KeyPress from None: t=713.6674743000185, value=8, duration=None>
713.7821 	EXP 	Device response: <KeyPress from None: t=713.6674743000185, value=8, duration=0.10806219998630695>
713.7866 	DATA 	Keypress: 0
713.7978 	EXP 	Device response: <KeyPress from None: t=713.7856479000184, value=0, duration=None>
713.9490 	EXP 	Device response: <KeyPress from None: t=713.7856479000184, value=0, duration=0.15561819999129511>
714.7827 	DATA 	Mouse: Left button down, pos=(944,207)
714.7979 	EXP 	New trial (rep=10, index=4): <Trial 124 (4 in rep 10) data={'delay': 0.1, 'freq': 1000, 'condition': 'exp', 'thisN': 124, 'thisTrialN': 4, 'thisRepN': 10}>
714.8134 	EXP 	text: autoDraw = False
714.8134 	EXP 	textbox: autoDraw = False
714.8134 	EXP 	polygon: autoDraw = True
714.9993 	DATA 	Mouse:  Left button up, pos=(944,207)
715.7979 	DATA 	Mouse: Left button down, pos=(944,207)
715.8133 	INFO 	Keyboard events cleared
715.8132 	EXP 	polygon: autoDraw = False
715.8132 	EXP 	polygon_2: autoDraw = True
716.0145 	DATA 	Mouse:  Left button up, pos=(944,207)
716.3303 	EXP 	Device response: <KeyPress from None: t=716.3175339000009, value=space, duration=None>
716.3322 	DATA 	Keypress: space
716.3470 	EXP 	polygon: autoDraw = False
716.3470 	EXP 	polygon_2: autoDraw = False
716.3802 	EXP 	Device response: <KeyPress from None: t=708.4647180000029, value=space, duration=7.909592400013935>
716.4132 	EXP 	Sound sound_1 reached end of file
716.4295 	EXP 	Playing sound sound_1 on speaker Speaker (Realtek(R) Audio)
716.7328 	EXP 	Sound sound_1 stopped
716.7399 	EXP 	text: autoDraw = True
716.7399 	EXP 	textbox: autoDraw = True
717.2967 	DATA 	Keypress: 6
717.2977 	EXP 	Device response: <KeyPress from None: t=717.2956885000167, value=6, duration=None>
717.3814 	EXP 	Device response: <KeyPress from None: t=717.2956885000167, value=6, duration=0.07959779998054728>
717.4659 	DATA 	Keypress: 6
717.4805 	EXP 	Device response: <KeyPress from None: t=717.4641749000002, value=6, duration=None>
717.5628 	EXP 	Device response: <KeyPress from None: t=717.4641749000002, value=6, duration=0.08347480001975782>
717.5829 	DATA 	Keypress: 9
717.5965 	EXP 	Device response: <KeyPress from None: t=717.5813544999983, value=9, duration=None>
717.7466 	EXP 	Device response: <KeyPress from None: t=717.5813544999983, value=9, duration=0.15116870001656935>
718.7326 	DATA 	Mouse: Left button down, pos=(944,207)
718.7466 	EXP 	New trial (rep=10, index=5): <Trial 125 (5 in rep 10) data={'delay': 0.1, 'freq': 1000, 'condition': 'exp', 'thisN': 125, 'thisTrialN': 5, 'thisRepN': 10}>
718.7622 	EXP 	text: autoDraw = False
718.7622 	EXP 	textbox: autoDraw = False
718.7622 	EXP 	polygon: autoDraw = True
718.9471 	DATA 	Mouse:  Left button up, pos=(944,207)
719.1124 	EXP 	Device response: <KeyPress from None: t=719.1064391999971, value=space, duration=None>
719.1134 	DATA 	Keypress: space
719.1795 	EXP 	Device response: <KeyPress from None: t=711.8228258000163, value=space, duration=7.339527899981476>
719.7620 	INFO 	Keyboard events cleared
719.7619 	EXP 	polygon: autoDraw = False
719.7619 	EXP 	polygon_2: autoDraw = True
719.8622 	EXP 	Device response: <KeyPress from None: t=719.8530385000049, value=space, duration=None>
719.8643 	DATA 	Keypress: space
719.8786 	EXP 	polygon: autoDraw = False
719.8786 	EXP 	polygon_2: autoDraw = False
719.9122 	EXP 	Device response: <KeyPress from None: t=712.734712400008, value=space, duration=7.174544100009371>
719.9453 	EXP 	Sound sound_1 reached end of file
719.9617 	EXP 	Playing sound sound_1 on speaker Speaker (Realtek(R) Audio)
720.2613 	EXP 	Sound sound_1 stopped
720.2673 	EXP 	text: autoDraw = True
720.2673 	EXP 	textbox: autoDraw = True
720.6491 	DATA 	Keypress: 6
720.6619 	EXP 	Device response: <KeyPress from None: t=720.6483233000035, value=6, duration=None>
720.7619 	EXP 	Device response: <KeyPress from None: t=720.6483233000035, value=6, duration=0.09880000000703149>
720.8457 	DATA 	Keypress: 6
720.8481 	EXP 	Device response: <KeyPress from None: t=720.8377783000178, value=6, duration=None>
720.9299 	EXP 	Device response: <KeyPress from None: t=720.8377783000178, value=6, duration=0.07861369999591261>
721.0620 	DATA 	Keypress: 0
721.0643 	EXP 	Device response: <KeyPress from None: t=721.061334900005, value=0, duration=None>
721.1953 	EXP 	Device response: <KeyPress from None: t=721.061334900005, value=0, duration=0.1224997999961488>
721.9784 	DATA 	Mouse: Left button down, pos=(944,207)
721.9791 	EXP 	New trial (rep=10, index=6): <Trial 126 (6 in rep 10) data={'delay': 0.7, 'freq': 1000, 'condition': 'exp', 'thisN': 126, 'thisTrialN': 6, 'thisRepN': 10}>
721.9944 	EXP 	text: autoDraw = False
721.9944 	EXP 	textbox: autoDraw = False
721.9944 	EXP 	polygon: autoDraw = True
722.2132 	DATA 	Mouse:  Left button up, pos=(944,207)
722.4288 	DATA 	Mouse: Left button down, pos=(944,207)
722.6455 	DATA 	Mouse:  Left button up, pos=(944,207)
722.8446 	EXP 	Device response: <KeyPress from None: t=722.8330924000184, value=space, duration=None>
722.8458 	DATA 	Keypress: space
722.8947 	EXP 	Device response: <KeyPress from None: t=716.3175339000009, value=space, duration=6.566775700019207>
722.9944 	INFO 	Keyboard events cleared
722.9943 	EXP 	polygon: autoDraw = False
722.9943 	EXP 	polygon_2: autoDraw = True
723.4109 	EXP 	Device response: <KeyPress from None: t=723.4061851000006, value=space, duration=None>
723.4129 	DATA 	Keypress: space
723.4280 	EXP 	polygon: autoDraw = False
723.4280 	EXP 	polygon_2: autoDraw = False
723.4775 	EXP 	Device response: <KeyPress from None: t=719.1064391999971, value=space, duration=4.361707600008231>
724.0941 	EXP 	Sound sound_1 reached end of file
724.1104 	EXP 	Playing sound sound_1 on speaker Speaker (Realtek(R) Audio)
724.2775 	EXP 	Device response: <KeyPress from None: t=724.2654274000088, value=1, duration=None>
724.2783 	DATA 	Keypress: 1
724.4093 	EXP 	Sound sound_1 stopped
724.4095 	EXP 	Device response: <KeyPress from None: t=724.2654274000088, value=1, duration=0.11745859999791719>
724.4171 	EXP 	text: autoDraw = True
724.4171 	EXP 	textbox: autoDraw = True
724.4281 	DATA 	Keypress: 1
724.4300 	EXP 	Device response: <KeyPress from None: t=724.4252171000117, value=1, duration=None>
724.5104 	DATA 	Keypress: 0
724.5112 	EXP 	Device response: <KeyPress from None: t=724.502055399993, value=0, duration=None>
724.5448 	EXP 	Device response: <KeyPress from None: t=724.4252171000117, value=1, duration=0.11666870000772178>
724.6780 	EXP 	Device response: <KeyPress from None: t=724.502055399993, value=0, duration=0.16871420000097714>
724.9438 	DATA 	Keypress: 0
724.9448 	EXP 	Device response: <KeyPress from None: t=724.939312500006, value=0, duration=None>
725.0441 	EXP 	Device response: <KeyPress from None: t=724.939312500006, value=0, duration=0.10190479998709634>
726.0435 	DATA 	Mouse: Left button down, pos=(944,207)
726.0441 	EXP 	New trial (rep=10, index=7): <Trial 127 (7 in rep 10) data={'delay': 0.7, 'freq': 1000, 'condition': 'exp', 'thisN': 127, 'thisTrialN': 7, 'thisRepN': 10}>
726.0594 	EXP 	text: autoDraw = False
726.0594 	EXP 	textbox: autoDraw = False
726.0594 	EXP 	polygon: autoDraw = True
726.2612 	DATA 	Mouse:  Left button up, pos=(944,207)
726.6275 	DATA 	Mouse: Left button down, pos=(944,207)
726.8444 	DATA 	Mouse:  Left button up, pos=(944,207)
727.0594 	INFO 	Keyboard events cleared
727.0593 	EXP 	polygon: autoDraw = False
727.0593 	EXP 	polygon_2: autoDraw = True
727.2607 	DATA 	Mouse: Left button down, pos=(944,207)
727.4772 	DATA 	Mouse:  Left button up, pos=(944,207)
727.5431 	EXP 	Device response: <KeyPress from None: t=727.5369421000069, value=space, duration=None>
727.5453 	DATA 	Keypress: space
727.5594 	EXP 	polygon: autoDraw = False
727.5594 	EXP 	polygon_2: autoDraw = False
727.6098 	EXP 	Device response: <KeyPress from None: t=719.8530385000049, value=space, duration=7.750678400014294>
728.2427 	EXP 	Sound sound_1 reached end of file
728.2590 	EXP 	Playing sound sound_1 on speaker Speaker (Realtek(R) Audio)
728.4606 	DATA 	Keypress: 6
728.4761 	EXP 	Device response: <KeyPress from None: t=728.4596377999987, value=6, duration=None>
728.5609 	EXP 	Sound sound_1 stopped
728.5612 	EXP 	Device response: <KeyPress from None: t=728.4596377999987, value=6, duration=0.09544330000062473>
728.5689 	EXP 	text: autoDraw = True
728.5689 	EXP 	textbox: autoDraw = True
728.6812 	DATA 	Keypress: 7
728.6924 	EXP 	Device response: <KeyPress from None: t=728.6780008000205, value=7, duration=None>
728.7934 	EXP 	Device response: <KeyPress from None: t=728.6780008000205, value=7, duration=0.10755539999809116>
728.8759 	DATA 	Keypress: 9
728.8781 	EXP 	Device response: <KeyPress from None: t=728.8738624000107, value=9, duration=None>
729.0269 	EXP 	Device response: <KeyPress from None: t=728.8738624000107, value=9, duration=0.13856089999899268>
729.3094 	DATA 	Keypress: 9
729.3120 	EXP 	Device response: <KeyPress from None: t=729.3007177000109, value=9, duration=None>
729.4265 	EXP 	Device response: <KeyPress from None: t=729.3007177000109, value=9, duration=0.11783400000422262>
730.4623 	DATA 	Mouse: Left button down, pos=(944,207)
730.4762 	EXP 	New trial (rep=10, index=8): <Trial 128 (8 in rep 10) data={'delay': 0.7, 'freq': 1000, 'condition': 'exp', 'thisN': 128, 'thisTrialN': 8, 'thisRepN': 10}>
730.4915 	EXP 	text: autoDraw = False
730.4915 	EXP 	textbox: autoDraw = False
730.4915 	EXP 	polygon: autoDraw = True
730.6932 	DATA 	Mouse:  Left button up, pos=(944,207)
731.4914 	INFO 	Keyboard events cleared
731.4912 	EXP 	polygon: autoDraw = False
731.4912 	EXP 	polygon_2: autoDraw = True
731.6094 	DATA 	Mouse: Left button down, pos=(944,207)
731.8260 	DATA 	Mouse:  Left button up, pos=(944,207)
732.1915 	EXP 	Device response: <KeyPress from None: t=732.178020899999, value=space, duration=None>
732.1938 	DATA 	Keypress: space
732.2076 	EXP 	polygon: autoDraw = False
732.2076 	EXP 	polygon_2: autoDraw = False
732.2913 	EXP 	Device response: <KeyPress from None: t=722.8330924000184, value=space, duration=9.449438499985263>
732.8746 	EXP 	Sound sound_1 reached end of file
732.8909 	EXP 	Playing sound sound_1 on speaker Speaker (Realtek(R) Audio)
733.1939 	EXP 	Sound sound_1 stopped
733.2010 	EXP 	text: autoDraw = True
733.2010 	EXP 	textbox: autoDraw = True
733.3422 	DATA 	Keypress: 5
733.3429 	EXP 	Device response: <KeyPress from None: t=733.3310555000207, value=5, duration=None>
733.4420 	EXP 	Device response: <KeyPress from None: t=733.3310555000207, value=5, duration=0.10244879999663681>
733.5244 	DATA 	Keypress: 6
733.5263 	EXP 	Device response: <KeyPress from None: t=733.5220591000107, value=6, duration=None>
733.6420 	EXP 	Device response: <KeyPress from None: t=733.5220591000107, value=6, duration=0.10666150000179186>
733.6768 	DATA 	Keypress: 0
733.6919 	EXP 	Device response: <KeyPress from None: t=733.6759324000159, value=0, duration=None>
733.8409 	EXP 	Device response: <KeyPress from None: t=733.6759324000159, value=0, duration=0.1560585999977775>
735.8068 	DATA 	Mouse: Left button down, pos=(944,207)
735.8074 	EXP 	New trial (rep=10, index=9): <Trial 129 (9 in rep 10) data={'delay': 0.4, 'freq': 1000, 'condition': 'exp', 'thisN': 129, 'thisTrialN': 9, 'thisRepN': 10}>
735.8230 	EXP 	text: autoDraw = False
735.8230 	EXP 	textbox: autoDraw = False
735.8230 	EXP 	polygon: autoDraw = True
736.0244 	DATA 	Mouse:  Left button up, pos=(944,207)
736.4596 	DATA 	Keypress: space
736.4733 	EXP 	Device response: <KeyPress from None: t=736.4581487000105, value=space, duration=None>
736.5232 	EXP 	Device response: <KeyPress from None: t=723.4061851000006, value=space, duration=13.107755900011398>
736.8065 	INFO 	Keyboard events cleared
736.8063 	EXP 	polygon_2: autoDraw = True
736.8226 	EXP 	polygon: autoDraw = False
737.0565 	EXP 	Device response: <KeyPress from None: t=737.0551681999932, value=space, duration=None>
737.0575 	DATA 	Keypress: space
737.0724 	EXP 	polygon: autoDraw = False
737.0724 	EXP 	polygon_2: autoDraw = False
737.1230 	EXP 	Device response: <KeyPress from None: t=727.5369421000069, value=space, duration=9.580680599989137>
737.4397 	EXP 	Sound sound_1 reached end of file
737.4561 	EXP 	Playing sound sound_1 on speaker Speaker (Realtek(R) Audio)
737.7506 	EXP 	Sound sound_1 stopped
737.7585 	EXP 	text: autoDraw = True
737.7585 	EXP 	textbox: autoDraw = True
737.8732 	DATA 	Keypress: 6
737.8738 	EXP 	Device response: <KeyPress from None: t=737.8652593000152, value=6, duration=None>
737.9571 	EXP 	Device response: <KeyPress from None: t=737.8652593000152, value=6, duration=0.08291669999016449>
738.0422 	DATA 	Keypress: 7
738.0562 	EXP 	Device response: <KeyPress from None: t=738.0398502000025, value=7, duration=None>
738.1226 	DATA 	Keypress: 0
738.1240 	EXP 	Device response: <KeyPress from None: t=738.1120530000189, value=0, duration=None>
738.1569 	EXP 	Device response: <KeyPress from None: t=738.0398502000025, value=7, duration=0.10567049999372102>
738.2743 	EXP 	Device response: <KeyPress from None: t=738.1120530000189, value=0, duration=0.15638400000170805>
739.4227 	DATA 	Mouse: Left button down, pos=(944,207)
739.4234 	EXP 	New trial (rep=10, index=10): <Trial 130 (10 in rep 10) data={'delay': 0.1, 'freq': 1000, 'condition': 'exp', 'thisN': 130, 'thisTrialN': 10, 'thisRepN': 10}>
739.4386 	EXP 	text: autoDraw = False
739.4386 	EXP 	textbox: autoDraw = False
739.4386 	EXP 	polygon: autoDraw = True
739.6566 	DATA 	Mouse:  Left button up, pos=(944,207)
740.0056 	EXP 	Device response: <KeyPress from None: t=739.99348070001, value=space, duration=None>
740.0068 	DATA 	Keypress: space
740.1221 	EXP 	Device response: <KeyPress from None: t=732.178020899999, value=space, duration=7.928019800019683>
740.4385 	INFO 	Keyboard events cleared
740.4383 	EXP 	polygon: autoDraw = False
740.4383 	EXP 	polygon_2: autoDraw = True
740.9886 	EXP 	Device response: <KeyPress from None: t=740.9754560000147, value=space, duration=None>
740.9906 	DATA 	Keypress: space
741.0047 	EXP 	polygon: autoDraw = False
741.0047 	EXP 	polygon_2: autoDraw = False
741.0385 	EXP 	Device response: <KeyPress from None: t=736.4581487000105, value=space, duration=4.573413500009337>
741.0718 	EXP 	Sound sound_1 reached end of file
741.0881 	EXP 	Playing sound sound_1 on speaker Speaker (Realtek(R) Audio)
741.3805 	EXP 	Sound sound_1 stopped
741.3878 	EXP 	text: autoDraw = True
741.3878 	EXP 	textbox: autoDraw = True
742.1725 	DATA 	Keypress: 7
742.1740 	EXP 	Device response: <KeyPress from None: t=742.1717114000057, value=7, duration=None>
742.2719 	EXP 	Device response: <KeyPress from None: t=742.1717114000057, value=7, duration=0.09864310000557452>
742.6047 	DATA 	Keypress: 8
742.6055 	EXP 	Device response: <KeyPress from None: t=742.5945416000031, value=8, duration=None>
742.7055 	EXP 	Device response: <KeyPress from None: t=742.5945416000031, value=8, duration=0.10596650000661612>
743.1714 	DATA 	Keypress: 9
743.1730 	EXP 	Device response: <KeyPress from None: t=743.1668083000113, value=9, duration=None>
743.3220 	EXP 	Device response: <KeyPress from None: t=743.1668083000113, value=9, duration=0.15114360000006855>
745.1040 	DATA 	Mouse: Left button down, pos=(944,207)
745.1049 	EXP 	New trial (rep=10, index=11): <Trial 131 (11 in rep 10) data={'delay': 0.4, 'freq': 400, 'condition': 'unexp', 'thisN': 131, 'thisTrialN': 11, 'thisRepN': 10}>
745.1199 	EXP 	text: autoDraw = False
745.1199 	EXP 	textbox: autoDraw = False
745.1199 	EXP 	polygon: autoDraw = True
745.3390 	DATA 	Mouse:  Left button up, pos=(944,207)
745.6202 	EXP 	Device response: <KeyPress from None: t=745.6160900999967, value=space, duration=None>
745.6213 	DATA 	Keypress: space
745.6703 	EXP 	Device response: <KeyPress from None: t=737.0551681999932, value=space, duration=8.604463499999838>
746.1197 	INFO 	Keyboard events cleared
746.1196 	EXP 	polygon: autoDraw = False
746.1196 	EXP 	polygon_2: autoDraw = True
746.2867 	EXP 	Device response: <KeyPress from None: t=746.2744990999927, value=space, duration=None>
746.2887 	DATA 	Keypress: space
746.3030 	EXP 	polygon: autoDraw = False
746.3030 	EXP 	polygon_2: autoDraw = False
746.3531 	EXP 	Device response: <KeyPress from None: t=739.99348070001, value=space, duration=6.343393899995135>
746.6700 	EXP 	Sound sound_1 reached end of file
746.6864 	EXP 	Playing sound sound_1 on speaker Speaker (Realtek(R) Audio)
746.9789 	EXP 	Sound sound_1 stopped
746.9863 	EXP 	text: autoDraw = True
746.9863 	EXP 	textbox: autoDraw = True
749.5561 	DATA 	Keypress: 6
749.5692 	EXP 	Device response: <KeyPress from None: t=749.5542796000082, value=6, duration=None>
749.7037 	EXP 	Device response: <KeyPress from None: t=749.5542796000082, value=6, duration=0.1450364000047557>
749.7582 	DATA 	Keypress: 0
749.7687 	EXP 	Device response: <KeyPress from None: t=749.7561672000156, value=0, duration=None>
749.8234 	DATA 	Keypress: 7
749.8353 	EXP 	Device response: <KeyPress from None: t=749.8224062999943, value=7, duration=None>
749.9041 	EXP 	Device response: <KeyPress from None: t=749.7561672000156, value=0, duration=0.14463090000208467>
749.9368 	EXP 	Device response: <KeyPress from None: t=749.8224062999943, value=7, duration=0.1062394000182394>
750.0354 	DATA 	Keypress: 7
750.0367 	EXP 	Device response: <KeyPress from None: t=750.0266053999949, value=7, duration=None>
750.1523 	EXP 	Device response: <KeyPress from None: t=750.0266053999949, value=7, duration=0.10959590002312325>
752.0354 	DATA 	Keypress: backspace
752.0367 	EXP 	Device response: <KeyPress from None: t=752.0283511000162, value=backspace, duration=None>
752.1688 	EXP 	Device response: <KeyPress from None: t=752.0283511000162, value=backspace, duration=0.1385479999880772>
752.4210 	DATA 	Mouse: Left button down, pos=(944,207)
752.4349 	EXP 	New trial (rep=11, index=0): <Trial 132 (0 in rep 11) data={'delay': 0.7, 'freq': 1000, 'condition': 'exp', 'thisN': 132, 'thisTrialN': 0, 'thisRepN': 11}>
752.4506 	EXP 	text: autoDraw = False
752.4506 	EXP 	textbox: autoDraw = False
752.4506 	EXP 	polygon: autoDraw = True
752.6530 	DATA 	Mouse:  Left button up, pos=(944,207)
753.4340 	INFO 	Keyboard events cleared
753.4338 	EXP 	polygon_2: autoDraw = True
753.4504 	EXP 	polygon: autoDraw = False
753.5506 	EXP 	Device response: <KeyPress from None: t=753.5356987999985, value=space, duration=None>
753.5526 	DATA 	Keypress: space
753.5671 	EXP 	polygon: autoDraw = False
753.5671 	EXP 	polygon_2: autoDraw = False
753.6340 	EXP 	Device response: <KeyPress from None: t=740.9754560000147, value=space, duration=12.644205299991881>
754.2340 	EXP 	Sound sound_1 reached end of file
754.2503 	EXP 	Playing sound sound_1 on speaker Speaker (Realtek(R) Audio)
754.5506 	EXP 	Sound sound_1 stopped
754.5579 	EXP 	text: autoDraw = True
754.5579 	EXP 	textbox: autoDraw = True
755.6006 	DATA 	Keypress: 4
755.6012 	EXP 	Device response: <KeyPress from None: t=755.5944602999953, value=4, duration=None>
755.6843 	EXP 	Device response: <KeyPress from None: t=755.5944602999953, value=4, duration=0.08420660000410862>
755.7689 	DATA 	Keypress: 4
755.7833 	EXP 	Device response: <KeyPress from None: t=755.7679420000059, value=4, duration=None>
755.8509 	EXP 	Device response: <KeyPress from None: t=755.7679420000059, value=4, duration=0.07915480001247488>
755.9168 	DATA 	Keypress: 0
755.9179 	EXP 	Device response: <KeyPress from None: t=755.9078824000026, value=0, duration=None>
756.0498 	EXP 	Device response: <KeyPress from None: t=755.9078824000026, value=0, duration=0.1270803000079468>
756.9497 	DATA 	Mouse: Left button down, pos=(944,207)
756.9502 	EXP 	New trial (rep=11, index=1): <Trial 133 (1 in rep 11) data={'delay': 0.4, 'freq': 1000, 'condition': 'exp', 'thisN': 133, 'thisTrialN': 1, 'thisRepN': 11}>
756.9658 	EXP 	text: autoDraw = False
756.9658 	EXP 	textbox: autoDraw = False
756.9658 	EXP 	polygon: autoDraw = True
757.1842 	DATA 	Mouse:  Left button up, pos=(944,207)
757.8328 	EXP 	Device response: <KeyPress from None: t=757.8282099000062, value=space, duration=None>
757.8339 	DATA 	Keypress: space
757.8828 	EXP 	Device response: <KeyPress from None: t=745.6160900999967, value=space, duration=12.257375200017123>
757.9491 	INFO 	Keyboard events cleared
757.9489 	EXP 	polygon_2: autoDraw = True
757.9656 	EXP 	polygon: autoDraw = False
759.2157 	EXP 	Device response: <KeyPress from None: t=759.2111530000111, value=7, duration=None>
759.2163 	DATA 	Keypress: 7
759.3155 	EXP 	Device response: <KeyPress from None: t=759.2111530000111, value=7, duration=0.1020594000001438>
760.0988 	EXP 	Device response: <KeyPress from None: t=760.0836302000098, value=space, duration=None>
760.1009 	DATA 	Keypress: space
760.1148 	EXP 	polygon: autoDraw = False
760.1148 	EXP 	polygon_2: autoDraw = False
760.1660 	EXP 	Device response: <KeyPress from None: t=746.2744990999927, value=space, duration=13.88496570001007>
760.4819 	EXP 	Sound sound_1 reached end of file
760.4982 	EXP 	Playing sound sound_1 on speaker Speaker (Realtek(R) Audio)
760.7884 	EXP 	Sound sound_1 stopped
760.7984 	EXP 	text: autoDraw = True
760.7984 	EXP 	textbox: autoDraw = True
761.3660 	DATA 	Keypress: 3
761.3667 	EXP 	Device response: <KeyPress from None: t=761.3547214000137, value=3, duration=None>
761.4659 	EXP 	Device response: <KeyPress from None: t=761.3547214000137, value=3, duration=0.10035229998175055>
761.5817 	DATA 	Keypress: 4
761.5831 	EXP 	Device response: <KeyPress from None: t=761.573747300019, value=4, duration=None>
761.6496 	EXP 	Device response: <KeyPress from None: t=761.573747300019, value=4, duration=0.07313089998206124>
761.7679 	DATA 	Keypress: 0
761.7813 	EXP 	Device response: <KeyPress from None: t=761.765845899994, value=0, duration=None>
761.9171 	EXP 	Device response: <KeyPress from None: t=761.765845899994, value=0, duration=0.13904590002493933>
763.1649 	DATA 	Mouse: Left button down, pos=(937,215)
763.1656 	EXP 	New trial (rep=11, index=2): <Trial 134 (2 in rep 11) data={'delay': 0.1, 'freq': 1000, 'condition': 'exp', 'thisN': 134, 'thisTrialN': 2, 'thisRepN': 11}>
763.1805 	EXP 	text: autoDraw = False
763.1805 	EXP 	textbox: autoDraw = False
763.1805 	EXP 	polygon: autoDraw = True
763.3993 	DATA 	Mouse:  Left button up, pos=(937,215)
763.6975 	EXP 	Device response: <KeyPress from None: t=763.6936487000203, value=space, duration=None>
763.6984 	DATA 	Keypress: space
763.7476 	EXP 	Device response: <KeyPress from None: t=753.5356987999985, value=space, duration=10.203819100017427>
764.1802 	INFO 	Keyboard events cleared
764.1801 	EXP 	polygon: autoDraw = False
764.1801 	EXP 	polygon_2: autoDraw = True
764.5140 	EXP 	Device response: <KeyPress from None: t=764.5095227000129, value=space, duration=None>
764.5162 	DATA 	Keypress: space
764.5299 	EXP 	polygon: autoDraw = False
764.5299 	EXP 	polygon_2: autoDraw = False
764.5970 	EXP 	Sound sound_1 reached end of file
764.6134 	EXP 	Playing sound sound_1 on speaker Speaker (Realtek(R) Audio)
764.6306 	EXP 	Device response: <KeyPress from None: t=757.8282099000062, value=space, duration=6.78702859999612>
764.9113 	EXP 	Sound sound_1 stopped
764.9178 	EXP 	text: autoDraw = True
764.9178 	EXP 	textbox: autoDraw = True
765.3970 	DATA 	Keypress: 7
765.3977 	EXP 	Device response: <KeyPress from None: t=765.3887819999945, value=7, duration=None>
765.4980 	EXP 	Device response: <KeyPress from None: t=765.3887819999945, value=7, duration=0.10001840000040829>
765.6136 	DATA 	Keypress: 8
765.6157 	EXP 	Device response: <KeyPress from None: t=765.6058600000106, value=8, duration=None>
765.7304 	EXP 	Device response: <KeyPress from None: t=765.6058600000106, value=8, duration=0.11668189999181777>
765.7668 	DATA 	Keypress: 9
765.7799 	EXP 	Device response: <KeyPress from None: t=765.7657936000032, value=9, duration=None>
765.9304 	EXP 	Device response: <KeyPress from None: t=765.7657936000032, value=9, duration=0.1568472000071779>
766.7849 	DATA 	Mouse: Left button down, pos=(937,215)
766.7970 	EXP 	New trial (rep=11, index=3): <Trial 135 (3 in rep 11) data={'delay': 0.7, 'freq': 1000, 'condition': 'exp', 'thisN': 135, 'thisTrialN': 3, 'thisRepN': 11}>
766.8125 	EXP 	text: autoDraw = False
766.8125 	EXP 	textbox: autoDraw = False
766.8125 	EXP 	polygon: autoDraw = True
767.0132 	DATA 	Mouse:  Left button up, pos=(937,215)
767.3796 	EXP 	Device response: <KeyPress from None: t=767.370875499997, value=space, duration=None>
767.3807 	DATA 	Keypress: space
767.4297 	EXP 	Device response: <KeyPress from None: t=760.0836302000098, value=space, duration=7.337775099993451>
767.7960 	INFO 	Keyboard events cleared
767.7958 	EXP 	polygon_2: autoDraw = True
767.8125 	EXP 	polygon: autoDraw = False
768.1455 	EXP 	Device response: <KeyPress from None: t=768.1343792999978, value=space, duration=None>
768.1465 	DATA 	Keypress: space
768.1621 	EXP 	polygon: autoDraw = False
768.1621 	EXP 	polygon_2: autoDraw = False
768.2126 	EXP 	Device response: <KeyPress from None: t=763.6936487000203, value=space, duration=4.5030956999980845>
768.8289 	EXP 	Sound sound_1 reached end of file
768.8452 	EXP 	Playing sound sound_1 on speaker Speaker (Realtek(R) Audio)
769.1123 	EXP 	Device response: <KeyPress from None: t=769.1103871999949, value=3, duration=None>
769.1131 	DATA 	Keypress: 3
769.1404 	EXP 	Sound sound_1 stopped
769.1473 	EXP 	text: autoDraw = True
769.1473 	EXP 	textbox: autoDraw = True
769.1635 	EXP 	Device response: <KeyPress from None: t=769.1103871999949, value=3, duration=0.048541000025579706>
769.3294 	DATA 	Keypress: 4
769.3302 	EXP 	Device response: <KeyPress from None: t=769.3272065000201, value=4, duration=None>
769.3798 	EXP 	Device response: <KeyPress from None: t=769.3272065000201, value=4, duration=0.04419909999705851>
769.4826 	DATA 	Keypress: 4
769.4955 	EXP 	Device response: <KeyPress from None: t=769.4818939999968, value=4, duration=None>
769.5306 	EXP 	Device response: <KeyPress from None: t=769.4818939999968, value=4, duration=0.04551180000999011>
769.5966 	DATA 	Keypress: 0
769.5981 	EXP 	Device response: <KeyPress from None: t=769.5949525000178, value=0, duration=None>
769.7120 	EXP 	Device response: <KeyPress from None: t=769.5949525000178, value=0, duration=0.1061230999766849>
770.5489 	DATA 	Mouse: Left button down, pos=(937,215)
770.5621 	EXP 	New trial (rep=11, index=4): <Trial 136 (4 in rep 11) data={'delay': 0.1, 'freq': 400, 'condition': 'unexp', 'thisN': 136, 'thisTrialN': 4, 'thisRepN': 11}>
770.5781 	EXP 	text: autoDraw = False
770.5781 	EXP 	textbox: autoDraw = False
770.5781 	EXP 	polygon: autoDraw = True
770.7796 	DATA 	Mouse:  Left button up, pos=(937,215)
771.5611 	INFO 	Keyboard events cleared
771.5609 	EXP 	polygon_2: autoDraw = True
771.5778 	EXP 	polygon: autoDraw = False
772.4777 	EXP 	Device response: <KeyPress from None: t=772.4735633000091, value=space, duration=None>
772.4799 	DATA 	Keypress: space
772.4940 	EXP 	polygon: autoDraw = False
772.4940 	EXP 	polygon_2: autoDraw = False
772.5445 	EXP 	Device response: <KeyPress from None: t=764.5095227000129, value=space, duration=8.020530499983579>
772.5606 	EXP 	Sound sound_1 reached end of file
772.5771 	EXP 	Playing sound sound_1 on speaker Speaker (Realtek(R) Audio)
772.8715 	EXP 	Sound sound_1 stopped
772.8821 	EXP 	text: autoDraw = True
772.8821 	EXP 	textbox: autoDraw = True
773.6491 	DATA 	Keypress: 1
773.6606 	EXP 	Device response: <KeyPress from None: t=773.648217000009, value=1, duration=None>
773.7624 	EXP 	Device response: <KeyPress from None: t=773.648217000009, value=1, duration=0.10030339998775162>
773.9607 	DATA 	Keypress: 2
773.9621 	EXP 	Device response: <KeyPress from None: t=773.9556469999952, value=2, duration=None>
774.0449 	EXP 	Device response: <KeyPress from None: t=773.9556469999952, value=2, duration=0.08337210002355278>
774.1606 	DATA 	Keypress: 3
774.1619 	EXP 	Device response: <KeyPress from None: t=774.1540772000153, value=3, duration=None>
774.2607 	EXP 	Device response: <KeyPress from None: t=774.1540772000153, value=3, duration=0.09685020000324585>
775.4440 	DATA 	Mouse: Left button down, pos=(937,215)
775.4445 	EXP 	New trial (rep=11, index=5): <Trial 137 (5 in rep 11) data={'delay': 0.7, 'freq': 1000, 'condition': 'exp', 'thisN': 137, 'thisTrialN': 5, 'thisRepN': 11}>
775.4597 	EXP 	text: autoDraw = False
775.4597 	EXP 	textbox: autoDraw = False
775.4597 	EXP 	polygon: autoDraw = True
775.6777 	DATA 	Mouse:  Left button up, pos=(937,215)
776.0433 	EXP 	Device response: <KeyPress from None: t=776.0279271000181, value=space, duration=None>
776.0444 	DATA 	Keypress: space
776.0931 	EXP 	Device response: <KeyPress from None: t=767.370875499997, value=space, duration=8.719840000005206>
776.4599 	INFO 	Keyboard events cleared
776.4597 	EXP 	polygon: autoDraw = False
776.4597 	EXP 	polygon_2: autoDraw = True
776.7265 	EXP 	Device response: <KeyPress from None: t=776.7229989000189, value=space, duration=None>
776.7287 	DATA 	Keypress: space
776.7427 	EXP 	polygon: autoDraw = False
776.7427 	EXP 	polygon_2: autoDraw = False
776.7931 	EXP 	Device response: <KeyPress from None: t=768.1343792999978, value=space, duration=8.650297000014689>
777.4097 	EXP 	Sound sound_1 reached end of file
777.4260 	EXP 	Playing sound sound_1 on speaker Speaker (Realtek(R) Audio)
777.6926 	EXP 	Device response: <KeyPress from None: t=777.6903456000146, value=7, duration=None>
777.6934 	DATA 	Keypress: 7
777.7232 	EXP 	Sound sound_1 stopped
777.7312 	EXP 	text: autoDraw = True
777.7312 	EXP 	textbox: autoDraw = True
777.7938 	EXP 	Device response: <KeyPress from None: t=777.6903456000146, value=7, duration=0.09622009997838177>
777.8933 	DATA 	Keypress: 8
777.8940 	EXP 	Device response: <KeyPress from None: t=777.8885340999987, value=8, duration=None>
778.0092 	EXP 	Device response: <KeyPress from None: t=777.8885340999987, value=8, duration=0.10996200001682155>
778.0427 	DATA 	Keypress: 0
778.0445 	EXP 	Device response: <KeyPress from None: t=778.0399844000058, value=0, duration=None>
778.1593 	EXP 	Device response: <KeyPress from None: t=778.0399844000058, value=0, duration=0.10653439999441616>
779.1923 	DATA 	Mouse: Left button down, pos=(937,215)
779.1931 	EXP 	New trial (rep=11, index=6): <Trial 138 (6 in rep 11) data={'delay': 0.1, 'freq': 1000, 'condition': 'exp', 'thisN': 138, 'thisTrialN': 6, 'thisRepN': 11}>
779.2083 	EXP 	text: autoDraw = False
779.2083 	EXP 	textbox: autoDraw = False
779.2083 	EXP 	polygon: autoDraw = True
779.4103 	DATA 	Mouse:  Left button up, pos=(937,215)
780.2084 	INFO 	Keyboard events cleared
780.2082 	EXP 	polygon: autoDraw = False
780.2082 	EXP 	polygon_2: autoDraw = True
782.0743 	EXP 	Device response: <KeyPress from None: t=782.0621549000207, value=space, duration=None>
782.0752 	DATA 	Keypress: space
782.0905 	EXP 	polygon: autoDraw = False
782.0905 	EXP 	polygon_2: autoDraw = False
782.1408 	EXP 	Device response: <KeyPress from None: t=772.4735633000091, value=space, duration=9.651366500009317>
782.1578 	EXP 	Sound sound_1 reached end of file
782.1741 	EXP 	Playing sound sound_1 on speaker Speaker (Realtek(R) Audio)
782.4725 	EXP 	Sound sound_1 stopped
782.4832 	EXP 	text: autoDraw = True
782.4832 	EXP 	textbox: autoDraw = True
783.0410 	DATA 	Keypress: 7
783.0418 	EXP 	Device response: <KeyPress from None: t=783.0347460000194, value=7, duration=None>
783.1089 	EXP 	Device response: <KeyPress from None: t=783.0347460000194, value=7, duration=0.07244099999661557>
783.1933 	DATA 	Keypress: 7
783.2077 	EXP 	Device response: <KeyPress from None: t=783.1925442000211, value=7, duration=None>
783.2741 	EXP 	Device response: <KeyPress from None: t=783.1925442000211, value=7, duration=0.06851219999953173>
783.3269 	DATA 	Keypress: 7
783.3406 	EXP 	Device response: <KeyPress from None: t=783.3261577000085, value=7, duration=None>
783.4248 	EXP 	Device response: <KeyPress from None: t=783.3261577000085, value=7, duration=0.08898939998471178>
784.4455 	DATA 	Mouse: Left button down, pos=(937,215)
784.4577 	EXP 	New trial (rep=11, index=7): <Trial 139 (7 in rep 11) data={'delay': 0.7, 'freq': 400, 'condition': 'unexp', 'thisN': 139, 'thisTrialN': 7, 'thisRepN': 11}>
784.4740 	EXP 	text: autoDraw = False
784.4740 	EXP 	textbox: autoDraw = False
784.4740 	EXP 	polygon: autoDraw = True
784.6749 	DATA 	Mouse:  Left button up, pos=(937,215)
785.4734 	INFO 	Keyboard events cleared
785.4732 	EXP 	polygon: autoDraw = False
785.4732 	EXP 	polygon_2: autoDraw = True
785.4747 	DATA 	Keypress: space
785.5404 	EXP 	Device response: <KeyPress from None: t=776.0279271000181, value=space, duration=9.500873699988006>
786.0902 	EXP 	Device response: <KeyPress from None: t=786.085851300013, value=space, duration=None>
786.0922 	DATA 	Keypress: space
786.1061 	EXP 	polygon: autoDraw = False
786.1061 	EXP 	polygon_2: autoDraw = False
786.1563 	EXP 	Device response: <KeyPress from None: t=776.7229989000189, value=space, duration=9.42106719998992>
786.7899 	EXP 	Sound sound_1 reached end of file
786.8062 	EXP 	Playing sound sound_1 on speaker Speaker (Realtek(R) Audio)
787.1018 	EXP 	Sound sound_1 stopped
787.1020 	EXP 	Device response: <KeyPress from None: t=787.0946205999935, value=6, duration=None>
787.1024 	DATA 	Keypress: 6
787.1083 	EXP 	text: autoDraw = True
787.1083 	EXP 	textbox: autoDraw = True
787.2061 	EXP 	Device response: <KeyPress from None: t=787.0946205999935, value=6, duration=0.09659240001928993>
787.2791 	DATA 	Keypress: 7
787.2897 	EXP 	Device response: <KeyPress from None: t=787.2775026000163, value=7, duration=None>
787.3919 	EXP 	Device response: <KeyPress from None: t=787.2775026000163, value=7, duration=0.11202040000353009>
787.4094 	DATA 	Keypress: 0
787.4228 	EXP 	Device response: <KeyPress from None: t=787.408593900007, value=0, duration=None>
787.5241 	EXP 	Device response: <KeyPress from None: t=787.408593900007, value=0, duration=0.11144330000388436>
788.2919 	DATA 	Mouse: Left button down, pos=(937,215)
788.3063 	EXP 	New trial (rep=11, index=8): <Trial 140 (8 in rep 11) data={'delay': 0.4, 'freq': 400, 'condition': 'unexp', 'thisN': 140, 'thisTrialN': 8, 'thisRepN': 11}>
788.3221 	EXP 	text: autoDraw = False
788.3221 	EXP 	textbox: autoDraw = False
788.3221 	EXP 	polygon: autoDraw = True
788.5237 	DATA 	Mouse:  Left button up, pos=(937,215)
788.9223 	EXP 	Device response: <KeyPress from None: t=788.9140344000189, value=space, duration=None>
788.9234 	DATA 	Keypress: space
788.9889 	EXP 	Device response: <KeyPress from None: t=782.0621549000207, value=space, duration=6.913494599983096>
789.3216 	INFO 	Keyboard events cleared
789.3215 	EXP 	polygon: autoDraw = False
789.3215 	EXP 	polygon_2: autoDraw = True
790.0888 	EXP 	Device response: <KeyPress from None: t=790.084417200007, value=space, duration=None>
790.0910 	DATA 	Keypress: space
790.1045 	EXP 	polygon: autoDraw = False
790.1045 	EXP 	polygon_2: autoDraw = False
790.1553 	EXP 	Device response: <KeyPress from None: t=786.085851300013, value=space, duration=4.060607999999775>
790.4719 	EXP 	Sound sound_1 reached end of file
790.4884 	EXP 	Playing sound sound_1 on speaker Speaker (Realtek(R) Audio)
790.7902 	EXP 	Sound sound_1 stopped
790.7904 	EXP 	Device response: <KeyPress from None: t=790.7778895999945, value=5, duration=None>
790.7908 	DATA 	Keypress: 5
790.7964 	EXP 	text: autoDraw = True
790.7964 	EXP 	textbox: autoDraw = True
790.9382 	EXP 	Device response: <KeyPress from None: t=790.7778895999945, value=5, duration=0.1444352000253275>
791.0051 	DATA 	Keypress: 6
791.0069 	EXP 	Device response: <KeyPress from None: t=791.0035401000059, value=6, duration=None>
791.1560 	EXP 	Device response: <KeyPress from None: t=791.0035401000059, value=6, duration=0.15006079999147914>
791.1716 	DATA 	Keypress: 0
791.1724 	EXP 	Device response: <KeyPress from None: t=791.1642405000166, value=0, duration=None>
791.3381 	EXP 	Device response: <KeyPress from None: t=791.1642405000166, value=0, duration=0.16136509997886606>
792.5581 	DATA 	Mouse: Left button down, pos=(937,215)
792.5720 	EXP 	New trial (rep=11, index=9): <Trial 141 (9 in rep 11) data={'delay': 0.4, 'freq': 1000, 'condition': 'exp', 'thisN': 141, 'thisTrialN': 9, 'thisRepN': 11}>
792.5874 	EXP 	text: autoDraw = False
792.5874 	EXP 	textbox: autoDraw = False
792.5874 	EXP 	polygon: autoDraw = True
792.7718 	DATA 	Mouse:  Left button up, pos=(937,215)
793.1707 	EXP 	Device response: <KeyPress from None: t=793.1618967000104, value=space, duration=None>
793.1718 	DATA 	Keypress: space
793.2206 	EXP 	Device response: <KeyPress from None: t=788.9140344000189, value=space, duration=4.304610399994999>
793.5872 	INFO 	Keyboard events cleared
793.5870 	EXP 	polygon: autoDraw = False
793.5870 	EXP 	polygon_2: autoDraw = True
793.9704 	EXP 	Device response: <KeyPress from None: t=793.9692024000105, value=space, duration=None>
793.9725 	DATA 	Keypress: space
793.9868 	EXP 	polygon: autoDraw = False
793.9868 	EXP 	polygon_2: autoDraw = False
794.0372 	EXP 	Device response: <KeyPress from None: t=790.084417200007, value=space, duration=3.9403341000142973>
794.3539 	EXP 	Sound sound_1 reached end of file
794.3702 	EXP 	Playing sound sound_1 on speaker Speaker (Realtek(R) Audio)
794.6720 	EXP 	Sound sound_1 stopped
794.6790 	EXP 	text: autoDraw = True
794.6790 	EXP 	textbox: autoDraw = True
794.7203 	DATA 	Keypress: 7
794.7217 	EXP 	Device response: <KeyPress from None: t=794.7082020000089, value=7, duration=None>
794.8382 	EXP 	Device response: <KeyPress from None: t=794.7082020000089, value=7, duration=0.12162099999841303>
794.9370 	DATA 	Keypress: 8
794.9383 	EXP 	Device response: <KeyPress from None: t=794.930162100005, value=8, duration=None>
795.0542 	EXP 	Device response: <KeyPress from None: t=794.930162100005, value=8, duration=0.11785899999085814>
795.5701 	DATA 	Keypress: 3
795.5714 	EXP 	Device response: <KeyPress from None: t=795.5660379000183, value=3, duration=None>
795.7366 	EXP 	Device response: <KeyPress from None: t=795.5660379000183, value=3, duration=0.1551303000014741>
796.8205 	DATA 	Mouse: Left button down, pos=(937,215)
796.8212 	EXP 	New trial (rep=11, index=10): <Trial 142 (10 in rep 11) data={'delay': 0.4, 'freq': 1000, 'condition': 'exp', 'thisN': 142, 'thisTrialN': 10, 'thisRepN': 11}>
796.8358 	EXP 	text: autoDraw = False
796.8358 	EXP 	textbox: autoDraw = False
796.8358 	EXP 	polygon: autoDraw = True
797.0547 	DATA 	Mouse:  Left button up, pos=(937,215)
797.8357 	INFO 	Keyboard events cleared
797.8355 	EXP 	polygon: autoDraw = False
797.8355 	EXP 	polygon_2: autoDraw = True
797.8868 	DATA 	Mouse: Left button down, pos=(937,215)
798.1036 	DATA 	Mouse:  Left button up, pos=(937,215)
798.5524 	EXP 	Device response: <KeyPress from None: t=798.5418861999933, value=space, duration=None>
798.5544 	DATA 	Keypress: space
798.5690 	EXP 	polygon: autoDraw = False
798.5690 	EXP 	polygon_2: autoDraw = False
798.6024 	EXP 	Device response: <KeyPress from None: t=793.1618967000104, value=space, duration=5.4299177000066265>
798.9356 	EXP 	Sound sound_1 reached end of file
798.9519 	EXP 	Playing sound sound_1 on speaker Speaker (Realtek(R) Audio)
799.2505 	EXP 	Sound sound_1 stopped
799.2581 	EXP 	text: autoDraw = True
799.2581 	EXP 	textbox: autoDraw = True
799.7025 	DATA 	Keypress: 7
799.7031 	EXP 	Device response: <KeyPress from None: t=799.6910989000171, value=7, duration=None>
799.7880 	EXP 	Device response: <KeyPress from None: t=799.6910989000171, value=7, duration=0.09439230000134557>
799.9017 	DATA 	Keypress: 8
799.9031 	EXP 	Device response: <KeyPress from None: t=799.8953458000033, value=8, duration=None>
800.0191 	EXP 	Device response: <KeyPress from None: t=799.8953458000033, value=8, duration=0.11058340000454336>
800.0522 	DATA 	Keypress: 0
800.0535 	EXP 	Device response: <KeyPress from None: t=800.0419196000148, value=0, duration=None>
800.2197 	EXP 	Device response: <KeyPress from None: t=800.0419196000148, value=0, duration=0.16156509998836555>
801.4516 	DATA 	Mouse: Left button down, pos=(937,215)
801.4526 	EXP 	New trial (rep=11, index=11): <Trial 143 (11 in rep 11) data={'delay': 0.1, 'freq': 1000, 'condition': 'exp', 'thisN': 143, 'thisTrialN': 11, 'thisRepN': 11}>
801.4677 	EXP 	text: autoDraw = False
801.4677 	EXP 	textbox: autoDraw = False
801.4677 	EXP 	polygon: autoDraw = True
801.6850 	DATA 	Mouse:  Left button up, pos=(937,215)
801.7357 	DATA 	Mouse: Left button down, pos=(937,215)
801.9022 	DATA 	Mouse:  Left button up, pos=(937,215)
802.4676 	INFO 	Keyboard events cleared
802.4675 	EXP 	polygon: autoDraw = False
802.4675 	EXP 	polygon_2: autoDraw = True
803.9172 	EXP 	Device response: <KeyPress from None: t=803.9117890000052, value=space, duration=None>
803.9190 	DATA 	Keypress: space
803.9334 	EXP 	polygon: autoDraw = False
803.9334 	EXP 	polygon_2: autoDraw = False
804.0002 	EXP 	Sound sound_1 reached end of file
804.0166 	EXP 	Playing sound sound_1 on speaker Speaker (Realtek(R) Audio)
804.0338 	EXP 	Device response: <KeyPress from None: t=793.9692024000105, value=space, duration=10.04887269999017>
804.3101 	EXP 	Sound sound_1 stopped
804.3205 	EXP 	text: autoDraw = True
804.3205 	EXP 	textbox: autoDraw = True
806.5167 	DATA 	Keypress: 5
806.5174 	EXP 	Device response: <KeyPress from None: t=806.5149391000159, value=5, duration=None>
806.6162 	EXP 	Device response: <KeyPress from None: t=806.5149391000159, value=5, duration=0.08829559999867342>
806.7224 	DATA 	Keypress: 6
806.7331 	EXP 	Device response: <KeyPress from None: t=806.7218887000054, value=6, duration=None>
806.8327 	EXP 	Device response: <KeyPress from None: t=806.7218887000054, value=6, duration=0.09502420001081191>
807.0499 	DATA 	Keypress: 0
807.0518 	EXP 	Device response: <KeyPress from None: t=807.0373335000186, value=0, duration=None>
807.2006 	EXP 	Device response: <KeyPress from None: t=807.0373335000186, value=0, duration=0.15654080000240356>
808.2659 	DATA 	Keypress: space
808.2678 	EXP 	Device response: <KeyPress from None: t=808.2544512000168, value=space, duration=None>
808.3510 	EXP 	Device response: <KeyPress from None: t=798.5418861999933, value=space, duration=9.796191000001272>
809.2849 	DATA 	Mouse: Left button down, pos=(937,215)
809.2990 	EXP 	New trial (rep=12, index=0): <Trial 144 (0 in rep 12) data={'delay': 0.4, 'freq': 1000, 'condition': 'exp', 'thisN': 144, 'thisTrialN': 0, 'thisRepN': 12}>
809.3149 	EXP 	text: autoDraw = False
809.3149 	EXP 	textbox: autoDraw = False
809.3149 	EXP 	polygon: autoDraw = True
809.5161 	DATA 	Mouse:  Left button up, pos=(937,215)
809.9986 	EXP 	Device response: <KeyPress from None: t=809.9918730000209, value=space, duration=None>
809.9996 	DATA 	Keypress: space
810.0652 	EXP 	Device response: <KeyPress from None: t=803.9117890000052, value=space, duration=6.142193000006955>
810.2983 	INFO 	Keyboard events cleared
810.2981 	EXP 	polygon_2: autoDraw = True
810.3148 	EXP 	polygon: autoDraw = False
812.4143 	EXP 	Device response: <KeyPress from None: t=812.3994542, value=space, duration=None>
812.4165 	DATA 	Keypress: space
812.4306 	EXP 	polygon: autoDraw = False
812.4306 	EXP 	polygon_2: autoDraw = False
812.4644 	EXP 	Device response: <KeyPress from None: t=808.2544512000168, value=space, duration=4.200368599995272>
812.7972 	EXP 	Sound sound_1 reached end of file
812.8136 	EXP 	Playing sound sound_1 on speaker Speaker (Realtek(R) Audio)
813.1115 	EXP 	Sound sound_1 stopped
813.1193 	EXP 	text: autoDraw = True
813.1193 	EXP 	textbox: autoDraw = True
813.2980 	DATA 	Keypress: 3
813.2994 	EXP 	Device response: <KeyPress from None: t=813.2871992000146, value=3, duration=None>
813.3975 	EXP 	Device response: <KeyPress from None: t=813.2871992000146, value=3, duration=0.09550779999699444>
813.6501 	DATA 	Keypress: 4
813.6641 	EXP 	Device response: <KeyPress from None: t=813.648634800018, value=4, duration=None>
813.7804 	EXP 	Device response: <KeyPress from None: t=813.648634800018, value=4, duration=0.1169940999825485>
814.0839 	DATA 	Keypress: 0
814.0969 	EXP 	Device response: <KeyPress from None: t=814.0819232000213, value=0, duration=None>
814.2153 	EXP 	Device response: <KeyPress from None: t=814.0819232000213, value=0, duration=0.1287974999868311>
815.7508 	DATA 	Mouse: Left button down, pos=(937,215)
815.7640 	EXP 	New trial (rep=12, index=1): <Trial 145 (1 in rep 12) data={'delay': 0.1, 'freq': 1000, 'condition': 'exp', 'thisN': 145, 'thisTrialN': 1, 'thisRepN': 12}>
815.7796 	EXP 	text: autoDraw = False
815.7796 	EXP 	textbox: autoDraw = False
815.7796 	EXP 	polygon: autoDraw = True
815.9810 	DATA 	Mouse:  Left button up, pos=(937,215)
816.7796 	INFO 	Keyboard events cleared
816.7794 	EXP 	polygon: autoDraw = False
816.7794 	EXP 	polygon_2: autoDraw = True
817.0296 	EXP 	Device response: <KeyPress from None: t=817.0232113999955, value=space, duration=None>
817.0316 	DATA 	Keypress: space
817.0458 	EXP 	polygon: autoDraw = False
817.0458 	EXP 	polygon_2: autoDraw = False
817.1128 	EXP 	Sound sound_1 reached end of file
817.1291 	EXP 	Playing sound sound_1 on speaker Speaker (Realtek(R) Audio)
817.1461 	EXP 	Device response: <KeyPress from None: t=809.9918730000209, value=space, duration=7.138553500000853>
817.4287 	EXP 	Sound sound_1 stopped
817.4391 	EXP 	text: autoDraw = True
817.4391 	EXP 	textbox: autoDraw = True
819.4955 	DATA 	Keypress: 4
819.4966 	EXP 	Device response: <KeyPress from None: t=819.4879239000147, value=4, duration=None>
819.6119 	EXP 	Device response: <KeyPress from None: t=819.4879239000147, value=4, duration=0.11116889998083934>
819.7120 	DATA 	Keypress: 5
819.7131 	EXP 	Device response: <KeyPress from None: t=819.7087258000101, value=5, duration=None>
819.8452 	EXP 	Device response: <KeyPress from None: t=819.7087258000101, value=5, duration=0.12013550000847317>
820.2955 	DATA 	Keypress: 0
820.2980 	EXP 	Device response: <KeyPress from None: t=820.2939675000089, value=0, duration=None>
820.4284 	EXP 	Device response: <KeyPress from None: t=820.2939675000089, value=0, duration=0.12038810001104139>
821.5284 	DATA 	Mouse: Left button down, pos=(937,215)
821.5292 	EXP 	New trial (rep=12, index=2): <Trial 146 (2 in rep 12) data={'delay': 0.4, 'freq': 1000, 'condition': 'exp', 'thisN': 146, 'thisTrialN': 2, 'thisRepN': 12}>
821.5439 	EXP 	text: autoDraw = False
821.5439 	EXP 	textbox: autoDraw = False
821.5439 	EXP 	polygon: autoDraw = True
821.7455 	DATA 	Mouse:  Left button up, pos=(937,215)
822.0612 	EXP 	Device response: <KeyPress from None: t=822.05096220001, value=space, duration=None>
822.0622 	DATA 	Keypress: space
822.1279 	EXP 	Device response: <KeyPress from None: t=812.3994542, value=space, duration=9.712729000020772>
822.5441 	INFO 	Keyboard events cleared
822.5440 	EXP 	polygon: autoDraw = False
822.5440 	EXP 	polygon_2: autoDraw = True
822.7446 	EXP 	Device response: <KeyPress from None: t=822.739488399995, value=space, duration=None>
822.7455 	DATA 	Keypress: space
822.7601 	EXP 	polygon: autoDraw = False
822.7601 	EXP 	polygon_2: autoDraw = False
822.8106 	EXP 	Device response: <KeyPress from None: t=817.0232113999955, value=space, duration=5.772782600019127>
823.1274 	EXP 	Sound sound_1 reached end of file
823.1437 	EXP 	Playing sound sound_1 on speaker Speaker (Realtek(R) Audio)
823.4415 	EXP 	Sound sound_1 stopped
823.4495 	EXP 	text: autoDraw = True
823.4495 	EXP 	textbox: autoDraw = True
823.9775 	DATA 	Keypress: 2
823.9784 	EXP 	Device response: <KeyPress from None: t=823.9652327999938, value=2, duration=None>
824.0623 	EXP 	Device response: <KeyPress from None: t=823.9652327999938, value=2, duration=0.09489120001671836>
824.1608 	DATA 	Keypress: 3
824.1617 	EXP 	Device response: <KeyPress from None: t=824.1527312000107, value=3, duration=None>
824.2453 	EXP 	Device response: <KeyPress from None: t=824.1527312000107, value=3, duration=0.08552699998836033>
824.3607 	DATA 	Keypress: 1
824.3628 	EXP 	Device response: <KeyPress from None: t=824.3580422000086, value=1, duration=None>
824.4448 	EXP 	Device response: <KeyPress from None: t=824.3580422000086, value=1, duration=0.08426969998981804>
825.3626 	DATA 	Mouse: Left button down, pos=(937,215)
825.3773 	EXP 	New trial (rep=12, index=3): <Trial 147 (3 in rep 12) data={'delay': 0.7, 'freq': 400, 'condition': 'unexp', 'thisN': 147, 'thisTrialN': 3, 'thisRepN': 12}>
825.3929 	EXP 	text: autoDraw = False
825.3929 	EXP 	textbox: autoDraw = False
825.3929 	EXP 	polygon: autoDraw = True
825.5948 	DATA 	Mouse:  Left button up, pos=(937,215)
826.0763 	EXP 	Device response: <KeyPress from None: t=826.0609305000107, value=space, duration=None>
826.0769 	DATA 	Keypress: space
826.1263 	EXP 	Device response: <KeyPress from None: t=822.05096220001, value=space, duration=4.072556600003736>
826.3761 	INFO 	Keyboard events cleared
826.3759 	EXP 	polygon_2: autoDraw = True
826.3925 	EXP 	polygon: autoDraw = False
827.4261 	EXP 	Device response: <KeyPress from None: t=827.4218010000186, value=space, duration=None>
827.4281 	DATA 	Keypress: space
827.4422 	EXP 	polygon: autoDraw = False
827.4422 	EXP 	polygon_2: autoDraw = False
827.4925 	EXP 	Device response: <KeyPress from None: t=822.739488399995, value=space, duration=4.7449737999995705>
828.1090 	EXP 	Sound sound_1 reached end of file
828.1254 	EXP 	Playing sound sound_1 on speaker Speaker (Realtek(R) Audio)
828.4185 	EXP 	Sound sound_1 stopped
828.4255 	EXP 	text: autoDraw = True
828.4255 	EXP 	textbox: autoDraw = True
828.7589 	DATA 	Keypress: 7
828.7598 	EXP 	Device response: <KeyPress from None: t=828.7508119000122, value=7, duration=None>
828.8755 	EXP 	Device response: <KeyPress from None: t=828.7508119000122, value=7, duration=0.11077699999441393>
828.9090 	DATA 	Keypress: 0
828.9112 	EXP 	Device response: <KeyPress from None: t=828.9038638000202, value=0, duration=None>
828.9759 	DATA 	Keypress: 8
828.9770 	EXP 	Device response: <KeyPress from None: t=828.9705427000008, value=8, duration=None>
829.0934 	EXP 	Device response: <KeyPress from None: t=828.9038638000202, value=0, duration=0.17248829998425208>
829.0935 	EXP 	Device response: <KeyPress from None: t=828.9705427000008, value=8, duration=0.11620270001003519>
830.3817 	DATA 	Mouse: Left button down, pos=(937,215)
830.3920 	EXP 	New trial (rep=12, index=4): <Trial 148 (4 in rep 12) data={'delay': 0.1, 'freq': 1000, 'condition': 'exp', 'thisN': 148, 'thisTrialN': 4, 'thisRepN': 12}>
830.4081 	EXP 	text: autoDraw = False
830.4081 	EXP 	textbox: autoDraw = False
830.4081 	EXP 	polygon: autoDraw = True
830.6100 	DATA 	Mouse:  Left button up, pos=(937,215)
830.9084 	EXP 	Device response: <KeyPress from None: t=830.8990741000162, value=space, duration=None>
830.9095 	DATA 	Keypress: space
830.9581 	EXP 	Device response: <KeyPress from None: t=826.0609305000107, value=space, duration=4.895964900002582>
831.3911 	INFO 	Keyboard events cleared
831.3910 	EXP 	polygon_2: autoDraw = True
831.4078 	EXP 	polygon: autoDraw = False
831.7746 	EXP 	Device response: <KeyPress from None: t=831.7668416000088, value=space, duration=None>
831.7765 	DATA 	Keypress: space
831.7907 	EXP 	polygon: autoDraw = False
831.7907 	EXP 	polygon_2: autoDraw = False
831.8243 	EXP 	Device response: <KeyPress from None: t=827.4218010000186, value=space, duration=4.3898365999921225>
831.8579 	EXP 	Sound sound_1 reached end of file
831.8742 	EXP 	Playing sound sound_1 on speaker Speaker (Realtek(R) Audio)
832.1686 	EXP 	Sound sound_1 stopped
832.1754 	EXP 	text: autoDraw = True
832.1754 	EXP 	textbox: autoDraw = True
832.9912 	DATA 	Keypress: space
832.9925 	EXP 	Device response: <KeyPress from None: t=832.9904022999981, value=space, duration=None>
833.0419 	EXP 	Device response: <KeyPress from None: t=830.8990741000162, value=space, duration=2.136664599995129>
833.7634 	DATA 	Keypress: 6
833.7735 	EXP 	Device response: <KeyPress from None: t=833.7627836000174, value=6, duration=None>
833.8584 	EXP 	Device response: <KeyPress from None: t=833.7627836000174, value=6, duration=0.08405439998023212>
833.9580 	DATA 	Keypress: 7
833.9587 	EXP 	Device response: <KeyPress from None: t=833.9569430999982, value=7, duration=None>
834.0762 	EXP 	Device response: <KeyPress from None: t=833.9569430999982, value=7, duration=0.11739830000442453>
834.4412 	DATA 	Keypress: 0
834.4426 	EXP 	Device response: <KeyPress from None: t=834.4361495000194, value=0, duration=None>
834.5588 	EXP 	Device response: <KeyPress from None: t=834.4361495000194, value=0, duration=0.1126751999836415>
835.3734 	DATA 	Mouse: Left button down, pos=(937,215)
835.3741 	EXP 	New trial (rep=12, index=5): <Trial 149 (5 in rep 12) data={'delay': 0.7, 'freq': 1000, 'condition': 'exp', 'thisN': 149, 'thisTrialN': 5, 'thisRepN': 12}>
835.3896 	EXP 	text: autoDraw = False
835.3896 	EXP 	textbox: autoDraw = False
835.3896 	EXP 	polygon: autoDraw = True
835.5909 	DATA 	Mouse:  Left button up, pos=(937,215)
835.9565 	EXP 	Device response: <KeyPress from None: t=835.9447453000175, value=space, duration=None>
835.9580 	DATA 	Keypress: space
836.0225 	EXP 	Device response: <KeyPress from None: t=831.7668416000088, value=space, duration=4.2401032999914605>
836.3896 	INFO 	Keyboard events cleared
836.3894 	EXP 	polygon: autoDraw = False
836.3894 	EXP 	polygon_2: autoDraw = True
836.5573 	DATA 	Keypress: space
836.5731 	EXP 	Device response: <KeyPress from None: t=836.5557029000192, value=space, duration=None>
836.5889 	EXP 	polygon: autoDraw = False
836.5889 	EXP 	polygon_2: autoDraw = False
836.6229 	EXP 	Device response: <KeyPress from None: t=832.9904022999981, value=space, duration=3.616130200010957>
837.2724 	EXP 	Sound sound_1 reached end of file
837.2888 	EXP 	Playing sound sound_1 on speaker Speaker (Realtek(R) Audio)
837.4727 	EXP 	Device response: <KeyPress from None: t=837.4692442000087, value=3, duration=None>
837.4736 	DATA 	Keypress: 3
837.5921 	EXP 	Sound sound_1 stopped
837.5924 	EXP 	Device response: <KeyPress from None: t=837.4692442000087, value=3, duration=0.08954950000043027>
837.6001 	EXP 	text: autoDraw = True
837.6001 	EXP 	textbox: autoDraw = True
837.6564 	DATA 	Keypress: 2
837.6571 	EXP 	Device response: <KeyPress from None: t=837.6492652000161, value=2, duration=None>
837.7406 	EXP 	Device response: <KeyPress from None: t=837.6492652000161, value=2, duration=0.0836330000020098>
837.8257 	DATA 	Keypress: 1
837.8394 	EXP 	Device response: <KeyPress from None: t=837.8227875000157, value=1, duration=None>
837.9394 	EXP 	Device response: <KeyPress from None: t=837.8227875000157, value=1, duration=0.10487359997932799>
838.5565 	DATA 	Keypress: 0
838.5578 	EXP 	Device response: <KeyPress from None: t=838.5487650000141, value=0, duration=None>
838.7226 	EXP 	Device response: <KeyPress from None: t=838.5487650000141, value=0, duration=0.1720684999891091>
840.1718 	DATA 	Mouse: Left button down, pos=(937,215)
840.1726 	EXP 	New trial (rep=12, index=6): <Trial 150 (6 in rep 12) data={'delay': 0.4, 'freq': 1000, 'condition': 'exp', 'thisN': 150, 'thisTrialN': 6, 'thisRepN': 12}>
840.1879 	EXP 	text: autoDraw = False
840.1879 	EXP 	textbox: autoDraw = False
840.1879 	EXP 	polygon: autoDraw = True
840.4070 	DATA 	Mouse:  Left button up, pos=(937,215)
840.9550 	EXP 	Device response: <KeyPress from None: t=840.9443341000006, value=space, duration=None>
840.9561 	DATA 	Keypress: space
841.1381 	EXP 	Device response: <KeyPress from None: t=835.9447453000175, value=space, duration=5.184213899978204>
841.1879 	INFO 	Keyboard events cleared
841.1877 	EXP 	polygon: autoDraw = False
841.1877 	EXP 	polygon_2: autoDraw = True
843.3372 	EXP 	Device response: <KeyPress from None: t=843.3259604000195, value=6, duration=None>
843.3384 	DATA 	Keypress: 6
843.4541 	EXP 	Device response: <KeyPress from None: t=843.3259604000195, value=6, duration=0.12314129999140278>
843.7373 	EXP 	Device response: <KeyPress from None: t=843.7252728000167, value=space, duration=None>
843.7387 	DATA 	Keypress: space
843.7533 	EXP 	polygon: autoDraw = False
843.7533 	EXP 	polygon_2: autoDraw = False
843.8367 	EXP 	Device response: <KeyPress from None: t=836.5557029000192, value=space, duration=7.269461099989712>
844.1202 	EXP 	Sound sound_1 reached end of file
844.1365 	EXP 	Playing sound sound_1 on speaker Speaker (Realtek(R) Audio)
844.4321 	EXP 	Sound sound_1 stopped
844.4398 	EXP 	text: autoDraw = True
844.4398 	EXP 	textbox: autoDraw = True
844.7870 	DATA 	Keypress: 7
844.7877 	EXP 	Device response: <KeyPress from None: t=844.7828791000065, value=7, duration=None>
844.9034 	EXP 	Device response: <KeyPress from None: t=844.7828791000065, value=7, duration=0.10607080001500435>
845.0700 	DATA 	Keypress: 8
845.0711 	EXP 	Device response: <KeyPress from None: t=845.0643453999946, value=8, duration=None>
845.1869 	EXP 	Device response: <KeyPress from None: t=845.0643453999946, value=8, duration=0.11075500000151806>
845.2534 	DATA 	Keypress: 9
845.2548 	EXP 	Device response: <KeyPress from None: t=845.2449156999937, value=9, duration=None>
845.4200 	EXP 	Device response: <KeyPress from None: t=845.2449156999937, value=9, duration=0.16061650001211092>
846.3366 	DATA 	Mouse: Left button down, pos=(937,215)
846.3372 	EXP 	New trial (rep=12, index=7): <Trial 151 (7 in rep 12) data={'delay': 0.7, 'freq': 1000, 'condition': 'exp', 'thisN': 151, 'thisTrialN': 7, 'thisRepN': 12}>
846.3526 	EXP 	text: autoDraw = False
846.3526 	EXP 	textbox: autoDraw = False
846.3526 	EXP 	polygon: autoDraw = True
846.5712 	DATA 	Mouse:  Left button up, pos=(937,215)
846.9529 	EXP 	Device response: <KeyPress from None: t=846.9418505000067, value=space, duration=None>
846.9540 	DATA 	Keypress: space
847.0694 	EXP 	Device response: <KeyPress from None: t=840.9443341000006, value=space, duration=6.119289499998558>
847.3524 	INFO 	Keyboard events cleared
847.3522 	EXP 	polygon: autoDraw = False
847.3522 	EXP 	polygon_2: autoDraw = True
847.6526 	EXP 	Device response: <KeyPress from None: t=847.6438591000042, value=space, duration=None>
847.6548 	DATA 	Keypress: space
847.6687 	EXP 	polygon: autoDraw = False
847.6687 	EXP 	polygon_2: autoDraw = False
847.7191 	EXP 	Device response: <KeyPress from None: t=843.7252728000167, value=space, duration=3.979502499976661>
848.3522 	EXP 	Sound sound_1 reached end of file
848.3685 	EXP 	Playing sound sound_1 on speaker Speaker (Realtek(R) Audio)
848.6655 	EXP 	Sound sound_1 stopped
848.6715 	EXP 	text: autoDraw = True
848.6715 	EXP 	textbox: autoDraw = True
848.9023 	DATA 	Keypress: 2
848.9030 	EXP 	Device response: <KeyPress from None: t=848.8959327000193, value=2, duration=None>
848.9538 	EXP 	Device response: <KeyPress from None: t=848.8959327000193, value=2, duration=0.04492409998783842>
849.1424 	DATA 	Keypress: 2
849.1526 	EXP 	Device response: <KeyPress from None: t=849.1417114000069, value=2, duration=None>
849.2034 	EXP 	Device response: <KeyPress from None: t=849.1417114000069, value=2, duration=0.055556500010425225>
849.3354 	DATA 	Keypress: 2
849.3363 	EXP 	Device response: <KeyPress from None: t=849.3338379000197, value=2, duration=None>
849.3868 	EXP 	Device response: <KeyPress from None: t=849.3338379000197, value=2, duration=0.05145119997905567>
849.5188 	DATA 	Keypress: 2
849.5202 	EXP 	Device response: <KeyPress from None: t=849.5148384000058, value=2, duration=None>
849.5699 	EXP 	Device response: <KeyPress from None: t=849.5148384000058, value=2, duration=0.04476119999890216>
849.9683 	DATA 	Keypress: backspace
849.9704 	EXP 	Device response: <KeyPress from None: t=849.9667385000212, value=backspace, duration=None>
850.1684 	EXP 	Device response: <KeyPress from None: t=849.9667385000212, value=backspace, duration=0.18873989998246543>
850.4204 	DATA 	Mouse: Left button down, pos=(937,215)
850.4358 	EXP 	New trial (rep=12, index=8): <Trial 152 (8 in rep 12) data={'delay': 0.7, 'freq': 1000, 'condition': 'exp', 'thisN': 152, 'thisTrialN': 8, 'thisRepN': 12}>
850.4513 	EXP 	text: autoDraw = False
850.4513 	EXP 	textbox: autoDraw = False
850.4513 	EXP 	polygon: autoDraw = True
850.6529 	DATA 	Mouse:  Left button up, pos=(937,215)
850.7190 	DATA 	Mouse: Left button down, pos=(937,215)
850.8860 	DATA 	Mouse:  Left button up, pos=(937,215)
851.4509 	INFO 	Keyboard events cleared
851.4507 	EXP 	polygon: autoDraw = False
851.4507 	EXP 	polygon_2: autoDraw = True
853.2674 	EXP 	Device response: <KeyPress from None: t=853.2562846000073, value=space, duration=None>
853.2694 	DATA 	Keypress: space
853.2834 	EXP 	polygon: autoDraw = False
853.2834 	EXP 	polygon_2: autoDraw = False
853.4339 	EXP 	Device response: <KeyPress from None: t=846.9418505000067, value=space, duration=6.475686199992197>
853.9503 	EXP 	Sound sound_1 reached end of file
853.9666 	EXP 	Playing sound sound_1 on speaker Speaker (Realtek(R) Audio)
854.2618 	EXP 	Sound sound_1 stopped
854.2694 	EXP 	text: autoDraw = True
854.2694 	EXP 	textbox: autoDraw = True
861.9855 	DATA 	Keypress: 6
861.9981 	EXP 	Device response: <KeyPress from None: t=861.9847219999938, value=6, duration=None>
862.0983 	DATA 	Keypress: 9
862.1000 	EXP 	Device response: <KeyPress from None: t=862.0961083000002, value=9, duration=None>
862.1000 	EXP 	Device response: <KeyPress from None: t=861.9847219999938, value=6, duration=0.11332290002610534>
862.1643 	DATA 	Keypress: 7
862.1657 	EXP 	Device response: <KeyPress from None: t=862.1575659000082, value=7, duration=None>
862.2809 	EXP 	Device response: <KeyPress from None: t=862.1575659000082, value=7, duration=0.10992909999913536>
862.3141 	EXP 	Device response: <KeyPress from None: t=862.0961083000002, value=9, duration=0.20472549999249168>
863.1858 	DATA 	Mouse: Left button down, pos=(937,215)
863.1979 	EXP 	New trial (rep=12, index=9): <Trial 153 (9 in rep 12) data={'delay': 0.1, 'freq': 1000, 'condition': 'exp', 'thisN': 153, 'thisTrialN': 9, 'thisRepN': 12}>
863.2142 	EXP 	text: autoDraw = False
863.2142 	EXP 	textbox: autoDraw = False
863.2142 	EXP 	polygon: autoDraw = True
863.4151 	DATA 	Mouse:  Left button up, pos=(937,215)
863.8302 	EXP 	Device response: <KeyPress from None: t=863.8258789000101, value=space, duration=None>
863.8312 	DATA 	Keypress: space
863.8971 	EXP 	Device response: <KeyPress from None: t=847.6438591000042, value=space, duration=16.243189200002234>
864.2132 	INFO 	Keyboard events cleared
864.2131 	EXP 	polygon_2: autoDraw = True
864.2298 	EXP 	polygon: autoDraw = False
872.8440 	EXP 	Device response: <KeyPress from None: t=872.8317467000161, value=7, duration=None>
872.8451 	DATA 	Keypress: 7
872.9442 	EXP 	Device response: <KeyPress from None: t=872.8317467000161, value=7, duration=0.11102009998285212>
873.0104 	EXP 	Device response: <KeyPress from None: t=872.9986573000206, value=7, duration=None>
873.0115 	DATA 	Keypress: 7
873.1441 	EXP 	Device response: <KeyPress from None: t=872.9986573000206, value=7, duration=0.12893869998515584>
873.3773 	EXP 	Device response: <KeyPress from None: t=873.3677938000183, value=9, duration=None>
873.3785 	DATA 	Keypress: 9
873.4938 	EXP 	Device response: <KeyPress from None: t=873.3677938000183, value=9, duration=0.11773929998162203>
873.9101 	EXP 	Device response: <KeyPress from None: t=873.9072472999978, value=space, duration=None>
873.9122 	DATA 	Keypress: space
873.9263 	EXP 	polygon: autoDraw = False
873.9263 	EXP 	polygon_2: autoDraw = False
873.9932 	EXP 	Sound sound_1 reached end of file
874.0096 	EXP 	Playing sound sound_1 on speaker Speaker (Realtek(R) Audio)
874.0106 	EXP 	Device response: <KeyPress from None: t=853.2562846000073, value=space, duration=20.749223099992378>
874.3024 	EXP 	Sound sound_1 stopped
874.3102 	EXP 	text: autoDraw = True
874.3102 	EXP 	textbox: autoDraw = True
874.8939 	DATA 	Keypress: 7
874.8946 	EXP 	Device response: <KeyPress from None: t=874.8866533999972, value=7, duration=None>
874.9772 	EXP 	Device response: <KeyPress from None: t=874.8866533999972, value=7, duration=0.08422750001773238>
875.0598 	DATA 	Keypress: 7
875.0611 	EXP 	Device response: <KeyPress from None: t=875.0509861000173, value=7, duration=None>
875.1596 	EXP 	Device response: <KeyPress from None: t=875.0509861000173, value=7, duration=0.09437149998848327>
875.2105 	DATA 	Keypress: 7
875.2112 	EXP 	Device response: <KeyPress from None: t=875.2001458000159, value=7, duration=None>
875.3104 	EXP 	Device response: <KeyPress from None: t=875.2001458000159, value=7, duration=0.10583069999120198>
876.7782 	DATA 	Mouse: Left button down, pos=(937,215)
876.7787 	EXP 	New trial (rep=12, index=10): <Trial 154 (10 in rep 12) data={'delay': 0.1, 'freq': 400, 'condition': 'unexp', 'thisN': 154, 'thisTrialN': 10, 'thisRepN': 12}>
876.7920 	EXP 	text: autoDraw = False
876.7920 	EXP 	textbox: autoDraw = False
876.7920 	EXP 	polygon: autoDraw = True
877.0111 	DATA 	Mouse:  Left button up, pos=(937,215)
877.7922 	INFO 	Keyboard events cleared
877.7920 	EXP 	polygon: autoDraw = False
877.7920 	EXP 	polygon_2: autoDraw = True
883.3071 	EXP 	Device response: <KeyPress from None: t=883.2935018000135, value=space, duration=None>
883.3093 	DATA 	Keypress: space
883.3233 	EXP 	polygon: autoDraw = False
883.3233 	EXP 	polygon_2: autoDraw = False
883.3902 	EXP 	Sound sound_1 reached end of file
883.4065 	EXP 	Playing sound sound_1 on speaker Speaker (Realtek(R) Audio)
883.3905 	EXP 	Device response: <KeyPress from None: t=863.8258789000101, value=space, duration=19.547730899997987>
883.7032 	EXP 	Sound sound_1 stopped
883.7099 	EXP 	text: autoDraw = True
883.7099 	EXP 	textbox: autoDraw = True
885.2940 	DATA 	Keypress: 4
885.3070 	EXP 	Device response: <KeyPress from None: t=885.2919654000143, value=4, duration=None>
885.3912 	EXP 	Device response: <KeyPress from None: t=885.2919654000143, value=4, duration=0.08944159999373369>
885.4399 	DATA 	Keypress: 4
885.4414 	EXP 	Device response: <KeyPress from None: t=885.4376582000114, value=4, duration=None>
885.5401 	DATA 	Keypress: 9
885.5425 	EXP 	Device response: <KeyPress from None: t=885.5319168000133, value=9, duration=None>
885.5575 	EXP 	Device response: <KeyPress from None: t=885.4376582000114, value=4, duration=0.11753940000198781>
885.6742 	EXP 	Device response: <KeyPress from None: t=885.5319168000133, value=9, duration=0.13361540000187233>
886.7230 	DATA 	Mouse: Left button down, pos=(937,215)
886.7241 	EXP 	New trial (rep=12, index=11): <Trial 155 (11 in rep 12) data={'delay': 0.4, 'freq': 400, 'condition': 'unexp', 'thisN': 155, 'thisTrialN': 11, 'thisRepN': 12}>
886.7388 	EXP 	text: autoDraw = False
886.7388 	EXP 	textbox: autoDraw = False
886.7388 	EXP 	polygon: autoDraw = True
886.9577 	DATA 	Mouse:  Left button up, pos=(937,215)
887.7387 	INFO 	Keyboard events cleared
887.7385 	EXP 	polygon: autoDraw = False
887.7385 	EXP 	polygon_2: autoDraw = True
888.1224 	EXP 	Device response: <KeyPress from None: t=888.1142486000026, value=space, duration=None>
888.1233 	DATA 	Keypress: space
888.1382 	EXP 	polygon: autoDraw = False
888.1382 	EXP 	polygon_2: autoDraw = False
888.1719 	EXP 	Device response: <KeyPress from None: t=873.9072472999978, value=space, duration=14.26218770002015>
888.5053 	EXP 	Sound sound_1 reached end of file
888.5217 	EXP 	Playing sound sound_1 on speaker Speaker (Realtek(R) Audio)
888.8222 	EXP 	Sound sound_1 stopped
888.8305 	EXP 	text: autoDraw = True
888.8305 	EXP 	textbox: autoDraw = True
889.3222 	DATA 	Keypress: 7
889.3232 	EXP 	Device response: <KeyPress from None: t=889.310475700011, value=7, duration=None>
889.4217 	EXP 	Device response: <KeyPress from None: t=889.310475700011, value=7, duration=0.1007429999881424>
889.5219 	DATA 	Keypress: 6
889.5228 	EXP 	Device response: <KeyPress from None: t=889.5122703000088, value=6, duration=None>
889.6057 	EXP 	Device response: <KeyPress from None: t=889.5122703000088, value=6, duration=0.09010760000091977>
889.6717 	DATA 	Keypress: 6
889.6731 	EXP 	Device response: <KeyPress from None: t=889.6689477000036, value=6, duration=None>
889.7715 	EXP 	Device response: <KeyPress from None: t=889.6689477000036, value=6, duration=0.08963170001516119>
889.8386 	DATA 	Keypress: 5
889.8401 	EXP 	Device response: <KeyPress from None: t=889.8337638000085, value=5, duration=None>
889.9397 	EXP 	Device response: <KeyPress from None: t=889.8337638000085, value=5, duration=0.09993460000259802>
890.2592 	DATA 	Keypress: backspace
890.2715 	EXP 	Device response: <KeyPress from None: t=890.2558949000086, value=backspace, duration=None>
890.4551 	EXP 	Device response: <KeyPress from None: t=890.2558949000086, value=backspace, duration=0.19492919999174774>
891.0383 	DATA 	Mouse: Left button down, pos=(937,215)
891.0389 	EXP 	New trial (rep=13, index=0): <Trial 156 (0 in rep 13) data={'delay': 0.7, 'freq': 1000, 'condition': 'exp', 'thisN': 156, 'thisTrialN': 0, 'thisRepN': 13}>
891.0540 	EXP 	text: autoDraw = False
891.0540 	EXP 	textbox: autoDraw = False
891.0540 	EXP 	polygon: autoDraw = True
891.2720 	DATA 	Mouse:  Left button up, pos=(937,215)
892.0541 	INFO 	Keyboard events cleared
892.0539 	EXP 	polygon: autoDraw = False
892.0539 	EXP 	polygon_2: autoDraw = True
892.8874 	EXP 	Device response: <KeyPress from None: t=892.8836667000141, value=space, duration=None>
892.8895 	DATA 	Keypress: space
892.9036 	EXP 	polygon: autoDraw = False
892.9036 	EXP 	polygon_2: autoDraw = False
892.9540 	EXP 	Device response: <KeyPress from None: t=883.2935018000135, value=space, duration=9.651414799998747>
893.5869 	EXP 	Sound sound_1 reached end of file
893.6032 	EXP 	Playing sound sound_1 on speaker Speaker (Realtek(R) Audio)
893.9017 	EXP 	Sound sound_1 stopped
893.9083 	EXP 	text: autoDraw = True
893.9083 	EXP 	textbox: autoDraw = True
894.8206 	DATA 	Keypress: 1
894.8213 	EXP 	Device response: <KeyPress from None: t=894.8083860000188, value=1, duration=None>
894.9205 	EXP 	Device response: <KeyPress from None: t=894.8083860000188, value=1, duration=0.10224670000025071>
894.9709 	DATA 	Keypress: 1
894.9728 	EXP 	Device response: <KeyPress from None: t=894.9609891000146, value=1, duration=None>
895.0711 	EXP 	Device response: <KeyPress from None: t=894.9609891000146, value=1, duration=0.10481439999421127>
895.1033 	DATA 	Keypress: 1
895.1048 	EXP 	Device response: <KeyPress from None: t=895.0939460000081, value=1, duration=None>
895.2536 	EXP 	Device response: <KeyPress from None: t=895.0939460000081, value=1, duration=0.14487059999373741>
896.1864 	DATA 	Mouse: Left button down, pos=(937,215)
896.1874 	EXP 	New trial (rep=13, index=1): <Trial 157 (1 in rep 13) data={'delay': 0.7, 'freq': 1000, 'condition': 'exp', 'thisN': 157, 'thisTrialN': 1, 'thisRepN': 13}>
896.2024 	EXP 	text: autoDraw = False
896.2024 	EXP 	textbox: autoDraw = False
896.2024 	EXP 	polygon: autoDraw = True
896.4206 	DATA 	Mouse:  Left button up, pos=(937,215)
896.9353 	EXP 	Device response: <KeyPress from None: t=896.9313862000126, value=space, duration=None>
896.9359 	DATA 	Keypress: space
897.0023 	EXP 	Device response: <KeyPress from None: t=888.1142486000026, value=space, duration=8.879844300012337>
897.2022 	INFO 	Keyboard events cleared
897.2020 	EXP 	polygon: autoDraw = False
897.2020 	EXP 	polygon_2: autoDraw = True
897.6024 	EXP 	Device response: <KeyPress from None: t=897.599483900005, value=space, duration=None>
897.6045 	DATA 	Keypress: space
897.6186 	EXP 	polygon: autoDraw = False
897.6186 	EXP 	polygon_2: autoDraw = False
897.6523 	EXP 	Device response: <KeyPress from None: t=892.8836667000141, value=space, duration=4.7681538999895565>
898.2854 	EXP 	Sound sound_1 reached end of file
898.3018 	EXP 	Playing sound sound_1 on speaker Speaker (Realtek(R) Audio)
898.6034 	EXP 	Sound sound_1 stopped
898.6037 	EXP 	Device response: <KeyPress from None: t=898.5852402000164, value=2, duration=None>
898.6047 	DATA 	Keypress: 2
898.6104 	EXP 	text: autoDraw = True
898.6104 	EXP 	textbox: autoDraw = True
898.6687 	EXP 	Device response: <KeyPress from None: t=898.5852402000164, value=2, duration=0.07182909999391995>
898.9186 	DATA 	Keypress: 2
898.9203 	EXP 	Device response: <KeyPress from None: t=898.9137425000081, value=2, duration=None>
899.0196 	EXP 	Device response: <KeyPress from None: t=898.9137425000081, value=2, duration=0.10127179999835789>
899.8523 	DATA 	Keypress: 2
899.8544 	EXP 	Device response: <KeyPress from None: t=899.8483904000022, value=2, duration=None>
899.9682 	EXP 	Device response: <KeyPress from None: t=899.8483904000022, value=2, duration=0.10552420001477003>
901.0015 	DATA 	Mouse: Left button down, pos=(937,215)
901.0021 	EXP 	New trial (rep=13, index=2): <Trial 158 (2 in rep 13) data={'delay': 0.7, 'freq': 1000, 'condition': 'exp', 'thisN': 158, 'thisTrialN': 2, 'thisRepN': 13}>
901.0176 	EXP 	text: autoDraw = False
901.0176 	EXP 	textbox: autoDraw = False
901.0176 	EXP 	polygon: autoDraw = True
901.2190 	DATA 	Mouse:  Left button up, pos=(937,215)
901.5177 	EXP 	Device response: <KeyPress from None: t=901.513096700015, value=space, duration=None>
901.5182 	DATA 	Keypress: space
901.5677 	EXP 	Device response: <KeyPress from None: t=896.9313862000126, value=space, duration=4.627226999989944>
902.0172 	INFO 	Keyboard events cleared
902.0170 	EXP 	polygon: autoDraw = False
902.0170 	EXP 	polygon_2: autoDraw = True
902.0845 	EXP 	Device response: <KeyPress from None: t=902.0837521000067, value=space, duration=None>
902.0867 	DATA 	Keypress: space
902.1004 	EXP 	polygon: autoDraw = False
902.1004 	EXP 	polygon_2: autoDraw = False
902.1340 	EXP 	Device response: <KeyPress from None: t=897.599483900005, value=space, duration=4.532721800002037>
902.7843 	EXP 	Sound sound_1 reached end of file
902.8006 	EXP 	Playing sound sound_1 on speaker Speaker (Realtek(R) Audio)
902.9506 	EXP 	Device response: <KeyPress from None: t=902.9492035000003, value=9, duration=None>
902.9515 	DATA 	Keypress: 9
903.1022 	EXP 	Sound sound_1 stopped
903.1025 	EXP 	Device response: <KeyPress from None: t=902.9492035000003, value=9, duration=0.13337480000336654>
903.1035 	DATA 	Keypress: 8
903.1052 	EXP 	Device response: <KeyPress from None: t=903.1021559000073, value=8, duration=None>
903.1123 	EXP 	text: autoDraw = True
903.1123 	EXP 	textbox: autoDraw = True
903.2173 	EXP 	Device response: <KeyPress from None: t=903.1021559000073, value=8, duration=0.1112888999923598>
903.3338 	DATA 	Keypress: 7
903.3353 	EXP 	Device response: <KeyPress from None: t=903.3279329000216, value=7, duration=None>
903.4510 	EXP 	Device response: <KeyPress from None: t=903.3279329000216, value=7, duration=0.11674169998150319>
904.5002 	DATA 	Mouse: Left button down, pos=(937,215)
904.5009 	EXP 	New trial (rep=13, index=3): <Trial 159 (3 in rep 13) data={'delay': 0.7, 'freq': 400, 'condition': 'unexp', 'thisN': 159, 'thisTrialN': 3, 'thisRepN': 13}>
904.5163 	EXP 	text: autoDraw = False
904.5163 	EXP 	textbox: autoDraw = False
904.5163 	EXP 	polygon: autoDraw = True
904.7181 	DATA 	Mouse:  Left button up, pos=(937,215)
905.3165 	EXP 	Device response: <KeyPress from None: t=905.3081807999988, value=space, duration=None>
905.3176 	DATA 	Keypress: space
905.3832 	EXP 	Device response: <KeyPress from None: t=901.513096700015, value=space, duration=3.86374679999426>
905.5162 	INFO 	Keyboard events cleared
905.5160 	EXP 	polygon: autoDraw = False
905.5160 	EXP 	polygon_2: autoDraw = True
905.8493 	EXP 	Device response: <KeyPress from None: t=905.8365576000069, value=space, duration=None>
905.8504 	DATA 	Keypress: space
905.8657 	EXP 	polygon: autoDraw = False
905.8657 	EXP 	polygon_2: autoDraw = False
905.9160 	EXP 	Device response: <KeyPress from None: t=902.0837521000067, value=space, duration=3.831736499996623>
906.5326 	EXP 	Sound sound_1 reached end of file
906.5489 	EXP 	Playing sound sound_1 on speaker Speaker (Realtek(R) Audio)
906.6343 	DATA 	Keypress: 4
906.6494 	EXP 	Device response: <KeyPress from None: t=906.633270899998, value=4, duration=None>
906.7494 	EXP 	Device response: <KeyPress from None: t=906.633270899998, value=4, duration=0.11059610001393594>
906.8427 	EXP 	Sound sound_1 stopped
906.8429 	EXP 	Device response: <KeyPress from None: t=906.8269934999989, value=5, duration=None>
906.8438 	DATA 	Keypress: 5
906.8504 	EXP 	text: autoDraw = True
906.8504 	EXP 	textbox: autoDraw = True
906.9673 	EXP 	Device response: <KeyPress from None: t=906.8269934999989, value=5, duration=0.12721310000051744>
906.9846 	DATA 	Keypress: 0
906.9991 	EXP 	Device response: <KeyPress from None: t=906.9842677999986, value=0, duration=None>
907.1491 	EXP 	Device response: <KeyPress from None: t=906.9842677999986, value=0, duration=0.14963950001401827>
908.1322 	DATA 	Mouse: Left button down, pos=(937,215)
908.1327 	EXP 	New trial (rep=13, index=4): <Trial 160 (4 in rep 13) data={'delay': 0.1, 'freq': 1000, 'condition': 'exp', 'thisN': 160, 'thisTrialN': 4, 'thisRepN': 13}>
908.1481 	EXP 	text: autoDraw = False
908.1481 	EXP 	textbox: autoDraw = False
908.1481 	EXP 	polygon: autoDraw = True
908.3497 	DATA 	Mouse:  Left button up, pos=(937,215)
909.1320 	EXP 	Device response: <KeyPress from None: t=909.1202099999937, value=space, duration=None>
909.1331 	DATA 	Keypress: space
909.1482 	INFO 	Keyboard events cleared
909.1480 	EXP 	polygon: autoDraw = False
909.1480 	EXP 	polygon_2: autoDraw = True
909.2313 	EXP 	Device response: <KeyPress from None: t=905.3081807999988, value=space, duration=3.9079475000035018>
909.8484 	EXP 	Device response: <KeyPress from None: t=909.8417073000164, value=space, duration=None>
909.8504 	DATA 	Keypress: space
909.8645 	EXP 	polygon: autoDraw = False
909.8645 	EXP 	polygon_2: autoDraw = False
909.8981 	EXP 	Device response: <KeyPress from None: t=905.8365576000069, value=space, duration=4.050232000008691>
909.9314 	EXP 	Sound sound_1 reached end of file
909.9477 	EXP 	Playing sound sound_1 on speaker Speaker (Realtek(R) Audio)
910.2422 	EXP 	Sound sound_1 stopped
910.2499 	EXP 	text: autoDraw = True
910.2499 	EXP 	textbox: autoDraw = True
910.4320 	DATA 	Keypress: 6
910.4328 	EXP 	Device response: <KeyPress from None: t=910.4204362000164, value=6, duration=None>
910.5667 	EXP 	Device response: <KeyPress from None: t=910.4204362000164, value=6, duration=0.13349680000101216>
910.6481 	DATA 	Keypress: 7
910.6489 	EXP 	Device response: <KeyPress from None: t=910.6419719000114, value=7, duration=None>
910.7814 	DATA 	Keypress: 9
910.7832 	EXP 	Device response: <KeyPress from None: t=910.7750900000101, value=9, duration=None>
910.7832 	EXP 	Device response: <KeyPress from None: t=910.6419719000114, value=7, duration=0.13492859998950735>
910.9319 	EXP 	Device response: <KeyPress from None: t=910.7750900000101, value=9, duration=0.14437629998428747>
911.7813 	DATA 	Mouse: Left button down, pos=(937,215)
911.7821 	EXP 	New trial (rep=13, index=5): <Trial 161 (5 in rep 13) data={'delay': 0.1, 'freq': 400, 'condition': 'unexp', 'thisN': 161, 'thisTrialN': 5, 'thisRepN': 13}>
911.7972 	EXP 	text: autoDraw = False
911.7972 	EXP 	textbox: autoDraw = False
911.7972 	EXP 	polygon: autoDraw = True
911.9995 	DATA 	Mouse:  Left button up, pos=(937,215)
912.4975 	EXP 	Device response: <KeyPress from None: t=912.4834916999971, value=space, duration=None>
912.4980 	DATA 	Keypress: space
912.5471 	EXP 	Device response: <KeyPress from None: t=909.1202099999937, value=space, duration=3.4206732000166085>
912.7970 	INFO 	Keyboard events cleared
912.7969 	EXP 	polygon: autoDraw = False
912.7969 	EXP 	polygon_2: autoDraw = True
913.0804 	EXP 	Device response: <KeyPress from None: t=913.074970000016, value=space, duration=None>
913.0826 	DATA 	Keypress: space
913.0966 	EXP 	polygon: autoDraw = False
913.0966 	EXP 	polygon_2: autoDraw = False
913.1470 	EXP 	Device response: <KeyPress from None: t=909.8417073000164, value=space, duration=3.295077399990987>
913.1637 	EXP 	Sound sound_1 reached end of file
913.1800 	EXP 	Playing sound sound_1 on speaker Speaker (Realtek(R) Audio)
913.4785 	EXP 	Sound sound_1 stopped
913.4844 	EXP 	text: autoDraw = True
913.4844 	EXP 	textbox: autoDraw = True
913.9307 	DATA 	Keypress: 7
913.9314 	EXP 	Device response: <KeyPress from None: t=913.9226496000192, value=7, duration=None>
914.0300 	EXP 	Device response: <KeyPress from None: t=913.9226496000192, value=7, duration=0.09580099998856895>
914.0998 	DATA 	Keypress: 8
914.1135 	EXP 	Device response: <KeyPress from None: t=914.0972486000101, value=8, duration=None>
914.2305 	DATA 	Keypress: 9
914.2318 	EXP 	Device response: <KeyPress from None: t=914.0972486000101, value=8, duration=0.11710850000963546>
914.2319 	EXP 	Device response: <KeyPress from None: t=914.2198280000011, value=9, duration=None>
914.3820 	EXP 	Device response: <KeyPress from None: t=914.2198280000011, value=9, duration=0.15503300001728348>
915.1640 	DATA 	Mouse: Left button down, pos=(937,215)
915.1651 	EXP 	New trial (rep=13, index=6): <Trial 162 (6 in rep 13) data={'delay': 0.4, 'freq': 1000, 'condition': 'exp', 'thisN': 162, 'thisTrialN': 6, 'thisRepN': 13}>
915.1796 	EXP 	text: autoDraw = False
915.1796 	EXP 	textbox: autoDraw = False
915.1796 	EXP 	polygon: autoDraw = True
915.3805 	DATA 	Mouse:  Left button up, pos=(937,215)
915.5797 	EXP 	Device response: <KeyPress from None: t=915.578557300003, value=space, duration=None>
915.5802 	DATA 	Keypress: space
915.6628 	EXP 	Device response: <KeyPress from None: t=912.4834916999971, value=space, duration=3.1675033000065014>
916.1792 	INFO 	Keyboard events cleared
916.1790 	EXP 	polygon: autoDraw = False
916.1790 	EXP 	polygon_2: autoDraw = True
916.3305 	EXP 	Device response: <KeyPress from None: t=916.3277361000073, value=space, duration=None>
916.3315 	DATA 	Keypress: space
916.3460 	EXP 	polygon: autoDraw = False
916.3460 	EXP 	polygon_2: autoDraw = False
916.3959 	EXP 	Device response: <KeyPress from None: t=913.074970000016, value=space, duration=3.3189263999811374>
916.7291 	EXP 	Sound sound_1 reached end of file
916.7454 	EXP 	Playing sound sound_1 on speaker Speaker (Realtek(R) Audio)
917.0405 	EXP 	Sound sound_1 stopped
917.0473 	EXP 	text: autoDraw = True
917.0473 	EXP 	textbox: autoDraw = True
917.2841 	DATA 	Keypress: 4
917.2960 	EXP 	Device response: <KeyPress from None: t=917.2835920999933, value=4, duration=None>
917.3797 	EXP 	Device response: <KeyPress from None: t=917.2835920999933, value=4, duration=0.09434450001572259>
917.4630 	DATA 	Keypress: 5
917.4640 	EXP 	Device response: <KeyPress from None: t=917.4500001000124, value=5, duration=None>
917.5800 	EXP 	Device response: <KeyPress from None: t=917.4500001000124, value=5, duration=0.12170669998158701>
917.6296 	DATA 	Keypress: 0
917.6304 	EXP 	Device response: <KeyPress from None: t=917.6263666000159, value=0, duration=None>
917.8454 	EXP 	Device response: <KeyPress from None: t=917.6263666000159, value=0, duration=0.20467809998081066>
918.7295 	DATA 	Mouse: Left button down, pos=(937,215)
918.7302 	EXP 	New trial (rep=13, index=7): <Trial 163 (7 in rep 13) data={'delay': 0.1, 'freq': 1000, 'condition': 'exp', 'thisN': 163, 'thisTrialN': 7, 'thisRepN': 13}>
918.7449 	EXP 	text: autoDraw = False
918.7449 	EXP 	textbox: autoDraw = False
918.7449 	EXP 	polygon: autoDraw = True
918.9462 	DATA 	Mouse:  Left button up, pos=(937,215)
919.2115 	EXP 	Device response: <KeyPress from None: t=919.2064940000128, value=space, duration=None>
919.2126 	DATA 	Keypress: space
919.2783 	EXP 	Device response: <KeyPress from None: t=915.578557300003, value=space, duration=3.690277599991532>
919.7448 	INFO 	Keyboard events cleared
919.7446 	EXP 	polygon: autoDraw = False
919.7446 	EXP 	polygon_2: autoDraw = True
920.5781 	EXP 	Device response: <KeyPress from None: t=920.5693001000036, value=space, duration=None>
920.5804 	DATA 	Keypress: space
920.5942 	EXP 	polygon: autoDraw = False
920.5942 	EXP 	polygon_2: autoDraw = False
920.6445 	EXP 	Device response: <KeyPress from None: t=916.3277361000073, value=space, duration=4.3031689999916125>
920.6611 	EXP 	Sound sound_1 reached end of file
920.6775 	EXP 	Playing sound sound_1 on speaker Speaker (Realtek(R) Audio)
920.9719 	EXP 	Sound sound_1 stopped
920.9798 	EXP 	text: autoDraw = True
920.9798 	EXP 	textbox: autoDraw = True
921.2377 	DATA 	Keypress: 6
921.2443 	EXP 	Device response: <KeyPress from None: t=921.2362611000135, value=6, duration=None>
921.3607 	EXP 	Device response: <KeyPress from None: t=921.2362611000135, value=6, duration=0.11164329998428002>
921.4441 	DATA 	Keypress: 7
921.4459 	EXP 	Device response: <KeyPress from None: t=921.4355516000069, value=7, duration=None>
921.5781 	DATA 	Keypress: 9
921.5798 	EXP 	Device response: <KeyPress from None: t=921.4355516000069, value=7, duration=0.13378969999030232>
921.5799 	EXP 	Device response: <KeyPress from None: t=921.5733086999971, value=9, duration=None>
921.7625 	EXP 	Device response: <KeyPress from None: t=921.5733086999971, value=9, duration=0.177910400001565>
922.6110 	DATA 	Mouse: Left button down, pos=(937,215)
922.6119 	EXP 	New trial (rep=13, index=8): <Trial 164 (8 in rep 13) data={'delay': 0.4, 'freq': 1000, 'condition': 'exp', 'thisN': 164, 'thisTrialN': 8, 'thisRepN': 13}>
922.6269 	EXP 	text: autoDraw = False
922.6269 	EXP 	textbox: autoDraw = False
922.6269 	EXP 	polygon: autoDraw = True
922.8450 	DATA 	Mouse:  Left button up, pos=(937,215)
923.0939 	EXP 	Device response: <KeyPress from None: t=923.0786550000194, value=space, duration=None>
923.0950 	DATA 	Keypress: space
923.1603 	EXP 	Device response: <KeyPress from None: t=919.2064940000128, value=space, duration=3.944559499999741>
923.6102 	EXP 	Device response: <KeyPress from None: t=923.6024793999968, value=space, duration=None>
923.6107 	DATA 	Keypress: space
923.6263 	INFO 	Keyboard events cleared
923.6262 	EXP 	polygon: autoDraw = False
923.6262 	EXP 	polygon_2: autoDraw = True
923.6933 	EXP 	Device response: <KeyPress from None: t=920.5693001000036, value=space, duration=3.1118215000024065>
924.9431 	EXP 	Device response: <KeyPress from None: t=924.9338694000035, value=6, duration=None>
924.9441 	DATA 	Keypress: 6
925.0763 	EXP 	Device response: <KeyPress from None: t=924.9338694000035, value=6, duration=0.1409773000050336>
925.1433 	EXP 	Device response: <KeyPress from None: t=925.1392168000166, value=7, duration=None>
925.1444 	DATA 	Keypress: 7
925.3099 	EXP 	Device response: <KeyPress from None: t=925.1392168000166, value=7, duration=0.166500499995891>
925.8761 	EXP 	Device response: <KeyPress from None: t=925.8705895000021, value=space, duration=None>
925.8786 	DATA 	Keypress: space
925.8924 	EXP 	polygon: autoDraw = False
925.8924 	EXP 	polygon_2: autoDraw = False
925.9927 	EXP 	Device response: <KeyPress from None: t=923.0786550000194, value=space, duration=2.8989867999916896>
926.2592 	EXP 	Sound sound_1 reached end of file
926.2755 	EXP 	Playing sound sound_1 on speaker Speaker (Realtek(R) Audio)
926.4761 	EXP 	Device response: <KeyPress from None: t=926.4656683000212, value=6, duration=None>
926.4769 	DATA 	Keypress: 6
926.5717 	EXP 	Sound sound_1 stopped
926.5786 	EXP 	text: autoDraw = True
926.5786 	EXP 	textbox: autoDraw = True
926.6261 	EXP 	Device response: <KeyPress from None: t=926.4656683000212, value=6, duration=0.14395209998474456>
926.7299 	DATA 	Keypress: 7
926.7425 	EXP 	Device response: <KeyPress from None: t=926.7276858999976, value=7, duration=None>
926.8755 	EXP 	Device response: <KeyPress from None: t=926.7276858999976, value=7, duration=0.1332587000215426>
926.9758 	DATA 	Keypress: 9
926.9766 	EXP 	Device response: <KeyPress from None: t=926.9691740999988, value=9, duration=None>
927.1288 	DATA 	Keypress: 4
927.1428 	EXP 	Device response: <KeyPress from None: t=927.1257848000096, value=4, duration=None>
927.1925 	EXP 	Device response: <KeyPress from None: t=926.9691740999988, value=9, duration=0.2223422999959439>
927.2608 	EXP 	Device response: <KeyPress from None: t=927.1257848000096, value=4, duration=0.1265480000001844>
928.0753 	DATA 	Mouse: Left button down, pos=(937,215)
928.0758 	EXP 	New trial (rep=13, index=9): <Trial 165 (9 in rep 13) data={'delay': 0.1, 'freq': 1000, 'condition': 'exp', 'thisN': 165, 'thisTrialN': 9, 'thisRepN': 13}>
928.0917 	EXP 	text: autoDraw = False
928.0917 	EXP 	textbox: autoDraw = False
928.0917 	EXP 	polygon: autoDraw = True
928.3102 	DATA 	Mouse:  Left button up, pos=(937,215)
928.5086 	EXP 	Device response: <KeyPress from None: t=928.5016887999955, value=space, duration=None>
928.5096 	DATA 	Keypress: space
928.5753 	EXP 	Device response: <KeyPress from None: t=923.6024793999968, value=space, duration=4.955843200004892>
928.9598 	DATA 	Keypress: space
928.9753 	EXP 	Device response: <KeyPress from None: t=928.9580349000171, value=space, duration=None>
929.0584 	EXP 	Device response: <KeyPress from None: t=925.8705895000021, value=space, duration=3.1819061000132933>
929.0917 	INFO 	Keyboard events cleared
929.0915 	EXP 	polygon: autoDraw = False
929.0915 	EXP 	polygon_2: autoDraw = True
929.3583 	EXP 	Device response: <KeyPress from None: t=929.3573433000129, value=space, duration=None>
929.3603 	DATA 	Keypress: space
929.3745 	EXP 	polygon: autoDraw = False
929.3745 	EXP 	polygon_2: autoDraw = False
929.4415 	EXP 	Sound sound_1 reached end of file
929.4579 	EXP 	Playing sound sound_1 on speaker Speaker (Realtek(R) Audio)
929.4418 	EXP 	Device response: <KeyPress from None: t=928.5016887999955, value=space, duration=0.9279756000032648>
929.7568 	EXP 	Sound sound_1 stopped
929.7644 	EXP 	text: autoDraw = True
929.7644 	EXP 	textbox: autoDraw = True
930.1912 	DATA 	Keypress: 3
930.1922 	EXP 	Device response: <KeyPress from None: t=930.1806422999944, value=3, duration=None>
930.2749 	EXP 	Device response: <KeyPress from None: t=930.1806422999944, value=3, duration=0.08941290000802837>
930.3578 	DATA 	Keypress: 2
930.3585 	EXP 	Device response: <KeyPress from None: t=930.3522668000078, value=2, duration=None>
930.4595 	EXP 	Device response: <KeyPress from None: t=930.3522668000078, value=2, duration=0.09581080000498332>
930.7955 	DATA 	Keypress: 1
930.8086 	EXP 	Device response: <KeyPress from None: t=930.7945013999997, value=1, duration=None>
930.8918 	EXP 	Device response: <KeyPress from None: t=930.7945013999997, value=1, duration=0.08932379999896511>
931.7242 	DATA 	Mouse: Left button down, pos=(937,215)
931.7248 	EXP 	New trial (rep=13, index=10): <Trial 166 (10 in rep 13) data={'delay': 0.4, 'freq': 1000, 'condition': 'exp', 'thisN': 166, 'thisTrialN': 10, 'thisRepN': 13}>
931.7403 	EXP 	text: autoDraw = False
931.7403 	EXP 	textbox: autoDraw = False
931.7403 	EXP 	polygon: autoDraw = True
931.9595 	DATA 	Mouse:  Left button up, pos=(937,215)
932.1251 	DATA 	Mouse: Left button down, pos=(937,215)
932.3426 	DATA 	Mouse:  Left button up, pos=(937,215)
932.3588 	DATA 	Keypress: space
932.3740 	EXP 	Device response: <KeyPress from None: t=932.3581021999998, value=space, duration=None>
932.4571 	EXP 	Device response: <KeyPress from None: t=928.9580349000171, value=space, duration=3.4884092999855056>
932.7402 	INFO 	Keyboard events cleared
932.7400 	EXP 	polygon: autoDraw = False
932.7400 	EXP 	polygon_2: autoDraw = True
932.9572 	EXP 	Device response: <KeyPress from None: t=932.9466947000183, value=space, duration=None>
932.9594 	DATA 	Keypress: space
932.9735 	EXP 	polygon: autoDraw = False
932.9735 	EXP 	polygon_2: autoDraw = False
933.0069 	EXP 	Device response: <KeyPress from None: t=929.3573433000129, value=space, duration=3.6454631999949925>
933.3403 	EXP 	Sound sound_1 reached end of file
933.3567 	EXP 	Playing sound sound_1 on speaker Speaker (Realtek(R) Audio)
933.6547 	EXP 	Sound sound_1 stopped
933.6614 	EXP 	text: autoDraw = True
933.6614 	EXP 	textbox: autoDraw = True
933.6774 	DATA 	Keypress: 8
933.6904 	EXP 	Device response: <KeyPress from None: t=933.675355400017, value=8, duration=None>
933.7737 	EXP 	Device response: <KeyPress from None: t=933.675355400017, value=8, duration=0.08389189999434166>
933.8905 	DATA 	Keypress: 9
933.8918 	EXP 	Device response: <KeyPress from None: t=933.8858068000118, value=9, duration=None>
933.9904 	DATA 	Keypress: 0
933.9916 	EXP 	Device response: <KeyPress from None: t=933.9894269000215, value=0, duration=None>
934.0067 	EXP 	Device response: <KeyPress from None: t=933.8858068000118, value=9, duration=0.107298399991123>
934.1752 	EXP 	Device response: <KeyPress from None: t=933.9894269000215, value=0, duration=0.1840259999735281>
935.6255 	DATA 	Keypress: space
935.6397 	EXP 	Device response: <KeyPress from None: t=935.6236260000151, value=space, duration=None>
935.6895 	EXP 	Device response: <KeyPress from None: t=932.3581021999998, value=space, duration=3.3182310000120196>
936.5897 	DATA 	Mouse: Left button down, pos=(937,215)
936.5908 	EXP 	New trial (rep=13, index=11): <Trial 167 (11 in rep 13) data={'delay': 0.4, 'freq': 400, 'condition': 'unexp', 'thisN': 167, 'thisTrialN': 11, 'thisRepN': 13}>
936.6053 	EXP 	text: autoDraw = False
936.6053 	EXP 	textbox: autoDraw = False
936.6053 	EXP 	polygon: autoDraw = True
936.8235 	DATA 	Mouse:  Left button up, pos=(937,215)
937.0558 	EXP 	Device response: <KeyPress from None: t=937.048203000013, value=space, duration=None>
937.0568 	DATA 	Keypress: space
937.1058 	EXP 	Device response: <KeyPress from None: t=932.9466947000183, value=space, duration=4.152402699983213>
937.6054 	INFO 	Keyboard events cleared
937.6052 	EXP 	polygon: autoDraw = False
937.6052 	EXP 	polygon_2: autoDraw = True
937.6388 	EXP 	Device response: <KeyPress from None: t=937.6254218000104, value=space, duration=None>
937.6409 	DATA 	Keypress: space
937.6551 	EXP 	polygon: autoDraw = False
937.6551 	EXP 	polygon_2: autoDraw = False
937.7053 	EXP 	Device response: <KeyPress from None: t=935.6236260000151, value=space, duration=2.080455699993763>
938.0217 	EXP 	Sound sound_1 reached end of file
938.0380 	EXP 	Playing sound sound_1 on speaker Speaker (Realtek(R) Audio)
938.3414 	EXP 	Sound sound_1 stopped
938.3516 	EXP 	text: autoDraw = True
938.3516 	EXP 	textbox: autoDraw = True
938.4927 	DATA 	Keypress: 6
938.5054 	EXP 	Device response: <KeyPress from None: t=938.4909571000026, value=6, duration=None>
938.6225 	EXP 	Device response: <KeyPress from None: t=938.4909571000026, value=6, duration=0.12337950000073761>
938.6883 	DATA 	Keypress: 7
938.6897 	EXP 	Device response: <KeyPress from None: t=938.6861404000083, value=7, duration=None>
938.8409 	EXP 	Device response: <KeyPress from None: t=938.6861404000083, value=7, duration=0.1512317000015173>
938.8473 	DATA 	Keypress: 9
938.8552 	EXP 	Device response: <KeyPress from None: t=938.8464814000181, value=9, duration=None>
939.0233 	EXP 	Device response: <KeyPress from None: t=938.8464814000181, value=9, duration=0.17226859999937005>
939.7715 	DATA 	Mouse: Left button down, pos=(937,215)
939.7724 	EXP 	New trial (rep=14, index=0): <Trial 168 (0 in rep 14) data={'delay': 0.1, 'freq': 1000, 'condition': 'exp', 'thisN': 168, 'thisTrialN': 0, 'thisRepN': 14}>
939.7877 	EXP 	text: autoDraw = False
939.7877 	EXP 	textbox: autoDraw = False
939.7877 	EXP 	polygon: autoDraw = True
940.0056 	DATA 	Mouse:  Left button up, pos=(937,215)
940.2053 	DATA 	Mouse: Left button down, pos=(937,215)
940.4226 	DATA 	Mouse:  Left button up, pos=(937,215)
940.5887 	DATA 	Mouse: Left button down, pos=(937,215)
940.7877 	INFO 	Keyboard events cleared
940.7875 	EXP 	polygon: autoDraw = False
940.7875 	EXP 	polygon_2: autoDraw = True
940.8226 	DATA 	Mouse:  Left button up, pos=(937,215)
940.9221 	DATA 	Mouse: Left button down, pos=(937,215)
941.1395 	DATA 	Mouse:  Left button up, pos=(937,215)
941.4876 	EXP 	Device response: <KeyPress from None: t=941.4840882999997, value=space, duration=None>
941.4894 	DATA 	Keypress: space
941.5037 	EXP 	polygon: autoDraw = False
941.5037 	EXP 	polygon_2: autoDraw = False
941.5706 	EXP 	Sound sound_1 reached end of file
941.5870 	EXP 	Playing sound sound_1 on speaker Speaker (Realtek(R) Audio)
941.5709 	EXP 	Device response: <KeyPress from None: t=937.048203000013, value=space, duration=4.51999239998986>
941.8826 	EXP 	Sound sound_1 stopped
941.8933 	EXP 	text: autoDraw = True
941.8933 	EXP 	textbox: autoDraw = True
942.3714 	DATA 	Keypress: space
942.3735 	EXP 	Device response: <KeyPress from None: t=942.3597242000105, value=space, duration=None>
942.4378 	EXP 	Device response: <KeyPress from None: t=937.6254218000104, value=space, duration=4.806588000006741>
943.1063 	DATA 	Keypress: 6
943.1202 	EXP 	Device response: <KeyPress from None: t=943.105011800013, value=6, duration=None>
943.2055 	EXP 	Device response: <KeyPress from None: t=943.105011800013, value=6, duration=0.0898942000058014>
943.4372 	DATA 	Keypress: 4
943.4384 	EXP 	Device response: <KeyPress from None: t=943.4335452000087, value=4, duration=None>
943.5533 	EXP 	Device response: <KeyPress from None: t=943.4335452000087, value=4, duration=0.10460980000789277>
943.6408 	DATA 	Keypress: 3
943.6533 	EXP 	Device response: <KeyPress from None: t=943.6400152000133, value=3, duration=None>
943.7698 	EXP 	Device response: <KeyPress from None: t=943.6400152000133, value=3, duration=0.11667829999350943>
944.6387 	DATA 	Mouse: Left button down, pos=(937,215)
944.6533 	EXP 	New trial (rep=14, index=1): <Trial 169 (1 in rep 14) data={'delay': 0.4, 'freq': 400, 'condition': 'unexp', 'thisN': 169, 'thisTrialN': 1, 'thisRepN': 14}>
944.6700 	EXP 	text: autoDraw = False
944.6700 	EXP 	textbox: autoDraw = False
944.6700 	EXP 	polygon: autoDraw = True
944.8710 	DATA 	Mouse:  Left button up, pos=(937,215)
945.1364 	EXP 	Device response: <KeyPress from None: t=945.1241365000024, value=space, duration=None>
945.1374 	DATA 	Keypress: space
945.2029 	EXP 	Device response: <KeyPress from None: t=941.4840882999997, value=space, duration=3.7012841000105254>
945.6206 	DATA 	Keypress: space
945.6365 	EXP 	Device response: <KeyPress from None: t=945.6193009999988, value=space, duration=None>
945.6526 	INFO 	Keyboard events cleared
945.6525 	EXP 	polygon_2: autoDraw = True
945.6690 	EXP 	polygon: autoDraw = False
945.6863 	EXP 	Device response: <KeyPress from None: t=942.3597242000105, value=space, duration=3.3211969999829307>
946.4027 	EXP 	Device response: <KeyPress from None: t=946.3996232000063, value=2, duration=None>
946.4038 	DATA 	Keypress: 2
946.5023 	EXP 	Device response: <KeyPress from None: t=946.3996232000063, value=2, duration=0.09985379999852739>
946.5693 	EXP 	Device response: <KeyPress from None: t=946.5615685000084, value=1, duration=None>
946.5704 	DATA 	Keypress: 1
946.6690 	EXP 	Device response: <KeyPress from None: t=946.5615685000084, value=1, duration=0.10606399999232963>
946.7193 	EXP 	Device response: <KeyPress from None: t=946.7150381999963, value=apostrophe, duration=None>
946.7205 	DATA 	Keypress: quoteleft
946.8191 	EXP 	Device response: <KeyPress from None: t=946.7150381999963, value=apostrophe, duration=0.09574820002308115>
946.9191 	EXP 	Device response: <KeyPress from None: t=946.9040275000152, value=1, duration=None>
946.9196 	DATA 	Keypress: 1
947.0356 	EXP 	Device response: <KeyPress from None: t=946.9040275000152, value=1, duration=0.1226267000020016>
947.3522 	EXP 	Device response: <KeyPress from None: t=947.3403907000029, value=space, duration=None>
947.3544 	DATA 	Keypress: space
947.3683 	EXP 	polygon: autoDraw = False
947.3683 	EXP 	polygon_2: autoDraw = False
947.4522 	EXP 	Device response: <KeyPress from None: t=945.1241365000024, value=space, duration=2.3234224999905564>
947.7353 	EXP 	Sound sound_1 reached end of file
947.7516 	EXP 	Playing sound sound_1 on speaker Speaker (Realtek(R) Audio)
948.0512 	EXP 	Sound sound_1 stopped
948.0578 	EXP 	text: autoDraw = True
948.0578 	EXP 	textbox: autoDraw = True
948.2573 	DATA 	Keypress: 2
948.2689 	EXP 	Device response: <KeyPress from None: t=948.2566875000193, value=2, duration=None>
948.3024 	EXP 	Device response: <KeyPress from None: t=948.2566875000193, value=2, duration=0.04280359999393113>
948.4251 	DATA 	Keypress: 3
948.4351 	EXP 	Device response: <KeyPress from None: t=948.4248353000148, value=3, duration=None>
948.5532 	EXP 	Device response: <KeyPress from None: t=948.4248353000148, value=3, duration=0.12189099998795427>
948.6689 	DATA 	Keypress: 4
948.6697 	EXP 	Device response: <KeyPress from None: t=948.6671753000119, value=4, duration=None>
948.7872 	EXP 	Device response: <KeyPress from None: t=948.6671753000119, value=4, duration=0.11678789998404682>
949.8690 	DATA 	Mouse: Left button down, pos=(937,215)
949.8698 	EXP 	New trial (rep=14, index=2): <Trial 170 (2 in rep 14) data={'delay': 0.7, 'freq': 1000, 'condition': 'exp', 'thisN': 170, 'thisTrialN': 2, 'thisRepN': 14}>
949.8843 	EXP 	text: autoDraw = False
949.8843 	EXP 	textbox: autoDraw = False
949.8843 	EXP 	polygon: autoDraw = True
950.1028 	DATA 	Mouse:  Left button up, pos=(937,215)
950.3847 	EXP 	Device response: <KeyPress from None: t=950.3710528000083, value=space, duration=None>
950.3857 	DATA 	Keypress: space
950.4512 	EXP 	Device response: <KeyPress from None: t=945.6193009999988, value=space, duration=4.817125700006727>
950.7512 	EXP 	Device response: <KeyPress from None: t=950.7443762000185, value=space, duration=None>
950.7523 	DATA 	Keypress: space
950.8510 	EXP 	Device response: <KeyPress from None: t=947.3403907000029, value=space, duration=3.4984089999925345>
950.8842 	INFO 	Keyboard events cleared
950.8840 	EXP 	polygon: autoDraw = False
950.8840 	EXP 	polygon_2: autoDraw = True
951.0690 	DATA 	Keypress: space
951.0843 	EXP 	Device response: <KeyPress from None: t=951.0678175000066, value=space, duration=None>
951.1004 	EXP 	polygon: autoDraw = False
951.1004 	EXP 	polygon_2: autoDraw = False
951.1343 	EXP 	Device response: <KeyPress from None: t=950.3710528000083, value=space, duration=0.7528101000061724>
951.7674 	EXP 	Sound sound_1 reached end of file
951.7837 	EXP 	Playing sound sound_1 on speaker Speaker (Realtek(R) Audio)
951.9173 	EXP 	Device response: <KeyPress from None: t=951.9158041000192, value=7, duration=None>
951.9181 	DATA 	Keypress: 7
952.0006 	EXP 	Device response: <KeyPress from None: t=951.9158041000192, value=7, duration=0.08370509999804199>
952.0804 	EXP 	Sound sound_1 stopped
952.0819 	DATA 	Keypress: 8
952.0836 	EXP 	Device response: <KeyPress from None: t=952.0808952999942, value=8, duration=None>
952.0899 	EXP 	text: autoDraw = True
952.0899 	EXP 	textbox: autoDraw = True
952.2341 	DATA 	Keypress: 9
952.2361 	EXP 	Device response: <KeyPress from None: t=952.224563900003, value=9, duration=None>
952.2362 	EXP 	Device response: <KeyPress from None: t=952.0808952999942, value=8, duration=0.149879200005671>
952.3518 	EXP 	Device response: <KeyPress from None: t=952.224563900003, value=9, duration=0.12260850000893697>
952.6697 	DATA 	Keypress: 9
952.6840 	EXP 	Device response: <KeyPress from None: t=952.6681752000004, value=9, duration=None>
952.8003 	EXP 	Device response: <KeyPress from None: t=952.6681752000004, value=9, duration=0.12032350001391023>
953.7168 	DATA 	Mouse: Left button down, pos=(937,215)
953.7174 	EXP 	New trial (rep=14, index=3): <Trial 171 (3 in rep 14) data={'delay': 0.4, 'freq': 1000, 'condition': 'exp', 'thisN': 171, 'thisTrialN': 3, 'thisRepN': 14}>
953.7331 	EXP 	text: autoDraw = False
953.7331 	EXP 	textbox: autoDraw = False
953.7331 	EXP 	polygon: autoDraw = True
953.9517 	DATA 	Mouse:  Left button up, pos=(937,215)
954.1668 	EXP 	Device response: <KeyPress from None: t=954.161251100013, value=space, duration=None>
954.1679 	DATA 	Keypress: space
954.2667 	EXP 	Device response: <KeyPress from None: t=950.7443762000185, value=space, duration=3.5116551999817602>
954.7326 	INFO 	Keyboard events cleared
954.7325 	EXP 	polygon: autoDraw = False
954.7325 	EXP 	polygon_2: autoDraw = True
954.7831 	EXP 	Device response: <KeyPress from None: t=954.7759096999944, value=space, duration=None>
954.7840 	DATA 	Keypress: space
954.7995 	EXP 	polygon: autoDraw = False
954.7995 	EXP 	polygon_2: autoDraw = False
954.8499 	EXP 	Device response: <KeyPress from None: t=951.0678175000066, value=space, duration=3.7657165999989957>
955.1663 	EXP 	Sound sound_1 reached end of file
955.1826 	EXP 	Playing sound sound_1 on speaker Speaker (Realtek(R) Audio)
955.4805 	EXP 	Sound sound_1 stopped
955.4912 	EXP 	text: autoDraw = True
955.4912 	EXP 	textbox: autoDraw = True
956.1501 	DATA 	Keypress: 9
956.1510 	EXP 	Device response: <KeyPress from None: t=956.141583300021, value=9, duration=None>
956.2827 	EXP 	Device response: <KeyPress from None: t=956.141583300021, value=9, duration=0.12959199998294935>
956.2992 	DATA 	Keypress: 9
956.3005 	EXP 	Device response: <KeyPress from None: t=956.2987536000146, value=9, duration=None>
956.4328 	EXP 	Device response: <KeyPress from None: t=956.2987536000146, value=9, duration=0.13270550000015646>
956.4662 	DATA 	Keypress: 9
956.4675 	EXP 	Device response: <KeyPress from None: t=956.4559952999989, value=9, duration=None>
956.6007 	EXP 	Device response: <KeyPress from None: t=956.4559952999989, value=9, duration=0.13991160001023673>
957.4031 	DATA 	Keypress: space
957.4152 	EXP 	Device response: <KeyPress from None: t=957.4017374000105, value=space, duration=None>
957.5154 	EXP 	Device response: <KeyPress from None: t=954.161251100013, value=space, duration=3.341640800004825>
958.3992 	DATA 	Mouse: Left button down, pos=(937,215)
958.4000 	EXP 	New trial (rep=14, index=4): <Trial 172 (4 in rep 14) data={'delay': 0.1, 'freq': 1000, 'condition': 'exp', 'thisN': 172, 'thisTrialN': 4, 'thisRepN': 14}>
958.4146 	EXP 	text: autoDraw = False
958.4146 	EXP 	textbox: autoDraw = False
958.4146 	EXP 	polygon: autoDraw = True
958.6178 	DATA 	Mouse:  Left button up, pos=(937,215)
958.8650 	EXP 	Device response: <KeyPress from None: t=958.8589857000043, value=space, duration=None>
958.8661 	DATA 	Keypress: space
958.9651 	EXP 	Device response: <KeyPress from None: t=954.7759096999944, value=space, duration=4.1781698999984656>
959.4145 	INFO 	Keyboard events cleared
959.4144 	EXP 	polygon: autoDraw = False
959.4144 	EXP 	polygon_2: autoDraw = True
959.5648 	EXP 	Device response: <KeyPress from None: t=959.5621683000063, value=space, duration=None>
959.5658 	DATA 	Keypress: space
959.5807 	EXP 	polygon: autoDraw = False
959.5807 	EXP 	polygon_2: autoDraw = False
959.6144 	EXP 	Device response: <KeyPress from None: t=957.4017374000105, value=space, duration=2.211219799995888>
959.6476 	EXP 	Sound sound_1 reached end of file
959.6640 	EXP 	Playing sound sound_1 on speaker Speaker (Realtek(R) Audio)
959.9589 	EXP 	Sound sound_1 stopped
959.9689 	EXP 	text: autoDraw = True
959.9689 	EXP 	textbox: autoDraw = True
960.3478 	DATA 	Keypress: 5
960.3486 	EXP 	Device response: <KeyPress from None: t=960.3357661000045, value=5, duration=None>
960.4655 	EXP 	Device response: <KeyPress from None: t=960.3357661000045, value=5, duration=0.1164559000171721>
960.5311 	DATA 	Keypress: 6
960.5323 	EXP 	Device response: <KeyPress from None: t=960.5266480999999, value=6, duration=None>
960.6168 	DATA 	Keypress: 9
960.6311 	EXP 	Device response: <KeyPress from None: t=960.615772899997, value=9, duration=None>
960.6654 	EXP 	Device response: <KeyPress from None: t=960.5266480999999, value=6, duration=0.13358990001142956>
960.7984 	EXP 	Device response: <KeyPress from None: t=960.615772899997, value=9, duration=0.17741170001681894>
961.6309 	DATA 	Mouse: Left button down, pos=(937,215)
961.6315 	EXP 	New trial (rep=14, index=5): <Trial 173 (5 in rep 14) data={'delay': 0.4, 'freq': 1000, 'condition': 'exp', 'thisN': 173, 'thisTrialN': 5, 'thisRepN': 14}>
961.6471 	EXP 	text: autoDraw = False
961.6471 	EXP 	textbox: autoDraw = False
961.6471 	EXP 	polygon: autoDraw = True
961.8492 	DATA 	Mouse:  Left button up, pos=(937,215)
962.5969 	EXP 	Device response: <KeyPress from None: t=962.5821709000156, value=space, duration=None>
962.5980 	DATA 	Keypress: space
962.6467 	INFO 	Keyboard events cleared
962.6466 	EXP 	polygon: autoDraw = False
962.6466 	EXP 	polygon_2: autoDraw = True
962.6805 	EXP 	Device response: <KeyPress from None: t=958.8589857000043, value=space, duration=3.8177519000018947>
963.2636 	EXP 	Device response: <KeyPress from None: t=963.2537914999994, value=v, duration=None>
963.2648 	DATA 	Keypress: v
963.3137 	EXP 	Device response: <KeyPress from None: t=963.2537914999994, value=v, duration=0.04702650001854636>
963.5967 	EXP 	Device response: <KeyPress from None: t=963.5829670999956, value=space, duration=None>
963.5988 	DATA 	Keypress: space
963.6128 	EXP 	polygon: autoDraw = False
963.6128 	EXP 	polygon_2: autoDraw = False
963.7134 	EXP 	Device response: <KeyPress from None: t=959.5621683000063, value=space, duration=4.140216600004351>
963.8967 	EXP 	Device response: <KeyPress from None: t=963.8875881000131, value=0, duration=None>
963.8975 	DATA 	Keypress: 0
963.9802 	EXP 	Sound sound_1 reached end of file
963.9965 	EXP 	Playing sound sound_1 on speaker Speaker (Realtek(R) Audio)
964.0966 	EXP 	Device response: <KeyPress from None: t=963.8875881000131, value=0, duration=0.20011439998052083>
964.2942 	EXP 	Sound sound_1 stopped
964.2991 	DATA 	Keypress: 2
964.3030 	EXP 	text: autoDraw = True
964.3030 	EXP 	textbox: autoDraw = True
964.3033 	EXP 	Device response: <KeyPress from None: t=964.2961082000111, value=2, duration=None>
964.3964 	EXP 	Device response: <KeyPress from None: t=964.2961082000111, value=2, duration=0.08834859999478795>
964.4639 	DATA 	Keypress: 1
964.4648 	EXP 	Device response: <KeyPress from None: t=964.4630293000082, value=1, duration=None>
964.6302 	EXP 	Device response: <KeyPress from None: t=964.4630293000082, value=1, duration=0.15601750000496395>
964.6995 	DATA 	Keypress: 3
964.7135 	EXP 	Device response: <KeyPress from None: t=964.6982975999999, value=3, duration=None>
964.8463 	EXP 	Device response: <KeyPress from None: t=964.6982975999999, value=3, duration=0.13321140001062304>
965.7461 	DATA 	Mouse: Left button down, pos=(937,215)
965.7470 	EXP 	New trial (rep=14, index=6): <Trial 174 (6 in rep 14) data={'delay': 0.7, 'freq': 1000, 'condition': 'exp', 'thisN': 174, 'thisTrialN': 6, 'thisRepN': 14}>
965.7624 	EXP 	text: autoDraw = False
965.7624 	EXP 	textbox: autoDraw = False
965.7624 	EXP 	polygon: autoDraw = True
965.9801 	DATA 	Mouse:  Left button up, pos=(937,215)
966.0793 	EXP 	Device response: <KeyPress from None: t=966.0735933000105, value=space, duration=None>
966.0803 	DATA 	Keypress: space
966.1460 	EXP 	Device response: <KeyPress from None: t=962.5821709000156, value=space, duration=3.5479165999859106>
966.7622 	INFO 	Keyboard events cleared
966.7621 	EXP 	polygon: autoDraw = False
966.7621 	EXP 	polygon_2: autoDraw = True
967.0956 	EXP 	Device response: <KeyPress from None: t=967.0820306999958, value=space, duration=None>
967.0977 	DATA 	Keypress: space
967.1118 	EXP 	polygon: autoDraw = False
967.1118 	EXP 	polygon_2: autoDraw = False
967.1456 	EXP 	Device response: <KeyPress from None: t=963.5829670999956, value=space, duration=3.556255500006955>
967.7953 	EXP 	Sound sound_1 reached end of file
967.8117 	EXP 	Playing sound sound_1 on speaker Speaker (Realtek(R) Audio)
968.1094 	EXP 	Sound sound_1 stopped
968.1183 	EXP 	text: autoDraw = True
968.1183 	EXP 	textbox: autoDraw = True
968.9618 	DATA 	Keypress: 6
968.9635 	EXP 	Device response: <KeyPress from None: t=968.9573330999992, value=6, duration=None>
969.1124 	EXP 	Device response: <KeyPress from None: t=968.9573330999992, value=6, duration=0.14963240001816303>
969.1784 	DATA 	Keypress: 7
969.1791 	EXP 	Device response: <KeyPress from None: t=969.1707925999945, value=7, duration=None>
969.3115 	DATA 	Keypress: 9
969.3136 	EXP 	Device response: <KeyPress from None: t=969.3020396000065, value=9, duration=None>
969.3136 	EXP 	Device response: <KeyPress from None: t=969.1707925999945, value=7, duration=0.13813170001958497>
969.5281 	EXP 	Device response: <KeyPress from None: t=969.3020396000065, value=9, duration=0.21020259999204427>
970.6315 	DATA 	Mouse: Left button down, pos=(937,215)
970.6447 	EXP 	New trial (rep=14, index=7): <Trial 175 (7 in rep 14) data={'delay': 0.7, 'freq': 400, 'condition': 'unexp', 'thisN': 175, 'thisTrialN': 7, 'thisRepN': 14}>
970.6606 	EXP 	text: autoDraw = False
970.6606 	EXP 	textbox: autoDraw = False
970.6606 	EXP 	polygon: autoDraw = True
970.8619 	DATA 	Mouse:  Left button up, pos=(937,215)
971.6440 	INFO 	Keyboard events cleared
971.6438 	EXP 	polygon_2: autoDraw = True
971.6602 	EXP 	polygon: autoDraw = False
973.8949 	DATA 	Mouse: Left button down, pos=(937,215)
974.1279 	DATA 	Mouse:  Left button up, pos=(937,215)
974.6932 	DATA 	Mouse: Left button down, pos=(937,215)
974.9109 	DATA 	Mouse:  Left button up, pos=(937,215)
979.6749 	EXP 	Device response: <KeyPress from None: t=979.6599355000071, value=space, duration=None>
979.6771 	DATA 	Keypress: space
979.6908 	EXP 	polygon: autoDraw = False
979.6908 	EXP 	polygon_2: autoDraw = False
979.7913 	EXP 	Device response: <KeyPress from None: t=966.0735933000105, value=space, duration=13.703072900010739>
980.3743 	EXP 	Sound sound_1 reached end of file
980.3907 	EXP 	Playing sound sound_1 on speaker Speaker (Realtek(R) Audio)
980.3910 	EXP 	Device response: <KeyPress from None: t=980.3872812000045, value=6, duration=None>
980.3916 	DATA 	Keypress: 6
980.5079 	EXP 	Device response: <KeyPress from None: t=980.3872812000045, value=6, duration=0.10471919999690726>
980.5744 	EXP 	Device response: <KeyPress from None: t=980.5621896999946, value=7, duration=None>
980.5753 	DATA 	Keypress: 7
980.6577 	EXP 	Device response: <KeyPress from None: t=980.5621896999946, value=7, duration=0.09251400001812726>
980.6914 	EXP 	Sound sound_1 stopped
980.7019 	EXP 	text: autoDraw = True
980.7019 	EXP 	textbox: autoDraw = True
981.4799 	DATA 	Keypress: 7
981.4910 	EXP 	Device response: <KeyPress from None: t=981.4788577000145, value=7, duration=None>
981.5764 	EXP 	Device response: <KeyPress from None: t=981.4788577000145, value=7, duration=0.095166999992216>
981.6427 	DATA 	Keypress: 7
981.6574 	EXP 	Device response: <KeyPress from None: t=981.6416227000009, value=7, duration=None>
981.7584 	EXP 	Device response: <KeyPress from None: t=981.6416227000009, value=7, duration=0.11210440000286326>
981.7744 	DATA 	Keypress: 7
981.7760 	EXP 	Device response: <KeyPress from None: t=981.7725871000148, value=7, duration=None>
981.9240 	EXP 	Device response: <KeyPress from None: t=981.7725871000148, value=7, duration=0.13717979998909868>
983.0238 	DATA 	Mouse: Left button down, pos=(937,215)
983.0245 	EXP 	New trial (rep=14, index=8): <Trial 176 (8 in rep 14) data={'delay': 0.1, 'freq': 1000, 'condition': 'exp', 'thisN': 176, 'thisTrialN': 8, 'thisRepN': 14}>
983.0397 	EXP 	text: autoDraw = False
983.0397 	EXP 	textbox: autoDraw = False
983.0397 	EXP 	polygon: autoDraw = True
983.2413 	DATA 	Mouse:  Left button up, pos=(937,215)
983.5731 	EXP 	Device response: <KeyPress from None: t=983.5686421999999, value=space, duration=None>
983.5742 	DATA 	Keypress: space
983.6403 	EXP 	Device response: <KeyPress from None: t=967.0820306999958, value=space, duration=16.54183020000346>
984.0400 	INFO 	Keyboard events cleared
984.0398 	EXP 	polygon: autoDraw = False
984.0398 	EXP 	polygon_2: autoDraw = True
984.3232 	EXP 	Device response: <KeyPress from None: t=984.3162371000217, value=space, duration=None>
984.3254 	DATA 	Keypress: space
984.3396 	EXP 	polygon: autoDraw = False
984.3396 	EXP 	polygon_2: autoDraw = False
984.3730 	EXP 	Device response: <KeyPress from None: t=979.6599355000071, value=space, duration=4.712050200003432>
984.4064 	EXP 	Sound sound_1 reached end of file
984.4227 	EXP 	Playing sound sound_1 on speaker Speaker (Realtek(R) Audio)
984.7188 	EXP 	Sound sound_1 stopped
984.7268 	EXP 	text: autoDraw = True
984.7268 	EXP 	textbox: autoDraw = True
985.6401 	DATA 	Keypress: 4
985.6410 	EXP 	Device response: <KeyPress from None: t=985.6318167000136, value=4, duration=None>
985.7566 	EXP 	Device response: <KeyPress from None: t=985.6318167000136, value=4, duration=0.12097499999799766>
985.8226 	DATA 	Keypress: 3
985.8238 	EXP 	Device response: <KeyPress from None: t=985.816416799993, value=3, duration=None>
985.9564 	EXP 	Device response: <KeyPress from None: t=985.816416799993, value=3, duration=0.12814820001949556>
986.3613 	DATA 	Keypress: 8
986.3727 	EXP 	Device response: <KeyPress from None: t=986.3605287999962, value=8, duration=None>
986.4902 	EXP 	Device response: <KeyPress from None: t=986.3605287999962, value=8, duration=0.12730230001034215>
987.7782 	DATA 	Mouse: Left button down, pos=(937,215)
987.7890 	EXP 	New trial (rep=14, index=9): <Trial 177 (9 in rep 14) data={'delay': 0.1, 'freq': 400, 'condition': 'unexp', 'thisN': 177, 'thisTrialN': 9, 'thisRepN': 14}>
987.8049 	EXP 	text: autoDraw = False
987.8049 	EXP 	textbox: autoDraw = False
987.8049 	EXP 	polygon: autoDraw = True
988.0067 	DATA 	Mouse:  Left button up, pos=(937,215)
988.8048 	INFO 	Keyboard events cleared
988.8046 	EXP 	polygon: autoDraw = False
988.8046 	EXP 	polygon_2: autoDraw = True
988.9216 	EXP 	Device response: <KeyPress from None: t=988.9087185999961, value=space, duration=None>
988.9236 	DATA 	Keypress: space
988.9378 	EXP 	polygon: autoDraw = False
988.9378 	EXP 	polygon_2: autoDraw = False
988.9883 	EXP 	Device response: <KeyPress from None: t=983.5686421999999, value=space, duration=5.406897900014883>
989.0047 	EXP 	Sound sound_1 reached end of file
989.0210 	EXP 	Playing sound sound_1 on speaker Speaker (Realtek(R) Audio)
989.3217 	EXP 	Sound sound_1 stopped
989.3316 	EXP 	text: autoDraw = True
989.3316 	EXP 	textbox: autoDraw = True
990.4215 	DATA 	Keypress: 7
990.4227 	EXP 	Device response: <KeyPress from None: t=990.420657300012, value=7, duration=None>
990.5379 	EXP 	Device response: <KeyPress from None: t=990.420657300012, value=7, duration=0.10042559998692013>
990.5749 	DATA 	Keypress: 7
990.5877 	EXP 	Device response: <KeyPress from None: t=990.5724730000074, value=7, duration=None>
990.6714 	EXP 	Device response: <KeyPress from None: t=990.5724730000074, value=7, duration=0.09501290001207963>
990.7043 	DATA 	Keypress: 7
990.7055 	EXP 	Device response: <KeyPress from None: t=990.7030147000041, value=7, duration=None>
990.8221 	EXP 	Device response: <KeyPress from None: t=990.7030147000041, value=7, duration=0.1161949000088498>
991.5071 	DATA 	Keypress: backspace
991.5207 	EXP 	Device response: <KeyPress from None: t=991.5059152000176, value=backspace, duration=None>
991.6710 	EXP 	Device response: <KeyPress from None: t=991.5059152000176, value=backspace, duration=0.1555889000010211>
991.9204 	DATA 	Keypress: 3
991.9218 	EXP 	Device response: <KeyPress from None: t=991.9091401000042, value=3, duration=None>
992.0220 	EXP 	Device response: <KeyPress from None: t=991.9091401000042, value=3, duration=0.10070850001648068>
992.8576 	DATA 	Mouse: Left button down, pos=(937,215)
992.8703 	EXP 	New trial (rep=14, index=10): <Trial 178 (10 in rep 14) data={'delay': 0.7, 'freq': 1000, 'condition': 'exp', 'thisN': 178, 'thisTrialN': 10, 'thisRepN': 14}>
992.8865 	EXP 	text: autoDraw = False
992.8865 	EXP 	textbox: autoDraw = False
992.8865 	EXP 	polygon: autoDraw = True
993.0882 	DATA 	Mouse:  Left button up, pos=(937,215)
993.8699 	INFO 	Keyboard events cleared
993.8697 	EXP 	polygon_2: autoDraw = True
993.8861 	EXP 	polygon: autoDraw = False
993.9701 	EXP 	Device response: <KeyPress from None: t=993.9603519999946, value=space, duration=None>
993.9723 	DATA 	Keypress: space
993.9862 	EXP 	polygon: autoDraw = False
993.9862 	EXP 	polygon_2: autoDraw = False
994.0699 	EXP 	Device response: <KeyPress from None: t=984.3162371000217, value=space, duration=9.73886629997287>
994.6695 	EXP 	Sound sound_1 reached end of file
994.6858 	EXP 	Playing sound sound_1 on speaker Speaker (Realtek(R) Audio)
994.9802 	EXP 	Sound sound_1 stopped
994.9878 	EXP 	text: autoDraw = True
994.9878 	EXP 	textbox: autoDraw = True
995.3693 	DATA 	Keypress: 1
995.3701 	EXP 	Device response: <KeyPress from None: t=995.3679156000144, value=1, duration=None>
995.4539 	EXP 	Device response: <KeyPress from None: t=995.3679156000144, value=1, duration=0.08376039998256601>
995.7027 	DATA 	Keypress: 1
995.7041 	EXP 	Device response: <KeyPress from None: t=995.6935103000142, value=1, duration=None>
995.8202 	EXP 	Device response: <KeyPress from None: t=995.6935103000142, value=1, duration=0.12306189999799244>
996.0690 	DATA 	Keypress: 1
996.0699 	EXP 	Device response: <KeyPress from None: t=996.0660904000106, value=1, duration=None>
996.1860 	EXP 	Device response: <KeyPress from None: t=996.0660904000106, value=1, duration=0.10606530000222847>
996.9693 	DATA 	Mouse: Left button down, pos=(937,215)
996.9698 	EXP 	New trial (rep=14, index=11): <Trial 179 (11 in rep 14) data={'delay': 0.4, 'freq': 1000, 'condition': 'exp', 'thisN': 179, 'thisTrialN': 11, 'thisRepN': 14}>
996.9857 	EXP 	text: autoDraw = False
996.9857 	EXP 	textbox: autoDraw = False
996.9857 	EXP 	polygon: autoDraw = True
997.1865 	DATA 	Mouse:  Left button up, pos=(937,215)
997.4854 	EXP 	Device response: <KeyPress from None: t=997.4784954000206, value=space, duration=None>
997.4865 	DATA 	Keypress: space
997.5356 	EXP 	Device response: <KeyPress from None: t=988.9087185999961, value=space, duration=8.625378199998522>
997.9849 	INFO 	Keyboard events cleared
997.9848 	EXP 	polygon: autoDraw = False
997.9848 	EXP 	polygon_2: autoDraw = True
999.0514 	EXP 	Device response: <KeyPress from None: t=999.0482944000105, value=6, duration=None>
999.0525 	DATA 	Keypress: 6
999.1513 	EXP 	Device response: <KeyPress from None: t=999.0482944000105, value=6, duration=0.10042639999301173>
999.2344 	EXP 	Device response: <KeyPress from None: t=999.2269596999977, value=9, duration=None>
999.2350 	DATA 	Keypress: 9
999.2682 	EXP 	Device response: <KeyPress from None: t=999.254838199995, value=5, duration=None>
999.2688 	DATA 	Keypress: 5
999.3682 	EXP 	Device response: <KeyPress from None: t=999.254838199995, value=5, duration=0.10662260002573021>
999.4015 	EXP 	Device response: <KeyPress from None: t=999.2269596999977, value=9, duration=0.17357240000274032>
999.4513 	EXP 	Device response: <KeyPress from None: t=999.43653430001, value=4, duration=None>
999.4523 	DATA 	Keypress: 4
999.5681 	EXP 	Device response: <KeyPress from None: t=999.43653430001, value=4, duration=0.12262049998389557>
1000.2510 	EXP 	Device response: <KeyPress from None: t=1000.2469310000015, value=space, duration=None>
1000.2532 	DATA 	Keypress: space
1000.2672 	EXP 	polygon: autoDraw = False
1000.2672 	EXP 	polygon_2: autoDraw = False
1000.3672 	EXP 	Device response: <KeyPress from None: t=993.9603519999946, value=space, duration=6.3975786000082735>
1000.6343 	EXP 	Sound sound_1 reached end of file
1000.6507 	EXP 	Playing sound sound_1 on speaker Speaker (Realtek(R) Audio)
1000.9504 	EXP 	Sound sound_1 stopped
1000.9581 	EXP 	text: autoDraw = True
1000.9581 	EXP 	textbox: autoDraw = True
1002.7040 	DATA 	Keypress: 5
1002.7176 	EXP 	Device response: <KeyPress from None: t=1002.7025110000104, value=5, duration=None>
1002.8008 	EXP 	Device response: <KeyPress from None: t=1002.7025110000104, value=5, duration=0.08259050000924617>
1002.9505 	DATA 	Keypress: 4
1002.9515 	EXP 	Device response: <KeyPress from None: t=1002.9403469999961, value=4, duration=None>
1003.0672 	EXP 	Device response: <KeyPress from None: t=1002.9403469999961, value=4, duration=0.12190590001409873>
1003.1835 	DATA 	Keypress: 3
1003.1847 	EXP 	Device response: <KeyPress from None: t=1003.1732813999988, value=3, duration=None>
1003.2850 	EXP 	Device response: <KeyPress from None: t=1003.1732813999988, value=3, duration=0.10847659999853931>
1004.6369 	DATA 	Mouse: Left button down, pos=(937,215)
1004.6502 	EXP 	New trial (rep=15, index=0): <Trial 180 (0 in rep 15) data={'delay': 0.4, 'freq': 1000, 'condition': 'exp', 'thisN': 180, 'thisTrialN': 0, 'thisRepN': 15}>
1004.6659 	EXP 	text: autoDraw = False
1004.6659 	EXP 	textbox: autoDraw = False
1004.6659 	EXP 	polygon: autoDraw = True
1004.8676 	DATA 	Mouse:  Left button up, pos=(937,215)
1005.2660 	EXP 	Device response: <KeyPress from None: t=1005.2530077999982, value=space, duration=None>
1005.2672 	DATA 	Keypress: space
1005.3160 	EXP 	Device response: <KeyPress from None: t=997.4784954000206, value=space, duration=7.823219299985794>
1005.6659 	INFO 	Keyboard events cleared
1005.6657 	EXP 	polygon: autoDraw = False
1005.6657 	EXP 	polygon_2: autoDraw = True
1006.5490 	EXP 	Device response: <KeyPress from None: t=1006.5362906999944, value=space, duration=None>
1006.5510 	DATA 	Keypress: space
1006.5652 	EXP 	polygon: autoDraw = False
1006.5652 	EXP 	polygon_2: autoDraw = False
1006.5991 	EXP 	Device response: <KeyPress from None: t=1000.2469310000015, value=space, duration=6.351241600001231>
1006.9322 	EXP 	Sound sound_1 reached end of file
1006.9485 	EXP 	Playing sound sound_1 on speaker Speaker (Realtek(R) Audio)
1007.2429 	EXP 	Sound sound_1 stopped
1007.2539 	EXP 	text: autoDraw = True
1007.2539 	EXP 	textbox: autoDraw = True
1007.6488 	DATA 	Keypress: 7
1007.6495 	EXP 	Device response: <KeyPress from None: t=1007.6452161000052, value=7, duration=None>
1007.7487 	EXP 	Device response: <KeyPress from None: t=1007.6452161000052, value=7, duration=0.09325090001220815>
1007.8319 	DATA 	Keypress: 7
1007.8327 	EXP 	Device response: <KeyPress from None: t=1007.8274499000108, value=7, duration=None>
1007.9323 	DATA 	Keypress: 9
1007.9348 	EXP 	Device response: <KeyPress from None: t=1007.9267244999937, value=9, duration=None>
1007.9348 	EXP 	Device response: <KeyPress from None: t=1007.8274499000108, value=7, duration=0.1057882999884896>
1008.0816 	EXP 	Device response: <KeyPress from None: t=1007.9267244999937, value=9, duration=0.139801700017415>
1009.7650 	DATA 	Mouse: Left button down, pos=(937,215)
1009.7657 	EXP 	New trial (rep=15, index=1): <Trial 181 (1 in rep 15) data={'delay': 0.7, 'freq': 400, 'condition': 'unexp', 'thisN': 181, 'thisTrialN': 1, 'thisRepN': 15}>
1009.7806 	EXP 	text: autoDraw = False
1009.7806 	EXP 	textbox: autoDraw = False
1009.7806 	EXP 	polygon: autoDraw = True
1009.9825 	DATA 	Mouse:  Left button up, pos=(937,215)
1010.3643 	EXP 	Device response: <KeyPress from None: t=1010.3524625000136, value=space, duration=None>
1010.3654 	DATA 	Keypress: space
1010.4142 	EXP 	Device response: <KeyPress from None: t=1005.2530077999982, value=space, duration=5.150004399998579>
1010.7806 	INFO 	Keyboard events cleared
1010.7805 	EXP 	polygon: autoDraw = False
1010.7805 	EXP 	polygon_2: autoDraw = True
1011.4802 	EXP 	Device response: <KeyPress from None: t=1011.4697895999998, value=space, duration=None>
1011.4814 	DATA 	Keypress: space
1011.4967 	EXP 	polygon: autoDraw = False
1011.4967 	EXP 	polygon_2: autoDraw = False
1011.5469 	EXP 	Device response: <KeyPress from None: t=1006.5362906999944, value=space, duration=4.995138500002213>
1012.1636 	EXP 	Sound sound_1 reached end of file
1012.1799 	EXP 	Playing sound sound_1 on speaker Speaker (Realtek(R) Audio)
1012.2807 	EXP 	Device response: <KeyPress from None: t=1012.2792955000186, value=6, duration=None>
1012.2815 	DATA 	Keypress: 6
1012.3805 	EXP 	Device response: <KeyPress from None: t=1012.2792955000186, value=6, duration=0.09436819999245927>
1012.4807 	EXP 	Sound sound_1 stopped
1012.4876 	EXP 	text: autoDraw = True
1012.4876 	EXP 	textbox: autoDraw = True
1012.9969 	DATA 	Keypress: 2
1012.9982 	EXP 	Device response: <KeyPress from None: t=1012.9918887999956, value=2, duration=None>
1013.0980 	EXP 	Device response: <KeyPress from None: t=1012.9918887999956, value=2, duration=0.09478760001366027>
1013.2467 	DATA 	Keypress: 3
1013.2479 	EXP 	Device response: <KeyPress from None: t=1013.2350089999964, value=3, duration=None>
1013.3476 	EXP 	Device response: <KeyPress from None: t=1013.2350089999964, value=3, duration=0.10724820001632906>
1014.3334 	DATA 	Mouse: Left button down, pos=(937,215)
1014.3466 	EXP 	New trial (rep=15, index=2): <Trial 182 (2 in rep 15) data={'delay': 0.4, 'freq': 1000, 'condition': 'exp', 'thisN': 182, 'thisTrialN': 2, 'thisRepN': 15}>
1014.3627 	EXP 	text: autoDraw = False
1014.3627 	EXP 	textbox: autoDraw = False
1014.3627 	EXP 	polygon: autoDraw = True
1014.5642 	DATA 	Mouse:  Left button up, pos=(937,215)
1015.3460 	INFO 	Keyboard events cleared
1015.3458 	EXP 	polygon_2: autoDraw = True
1015.3623 	EXP 	polygon: autoDraw = False
1015.5626 	EXP 	Device response: <KeyPress from None: t=1015.5520147000207, value=space, duration=None>
1015.5646 	DATA 	Keypress: space
1015.5789 	EXP 	polygon: autoDraw = False
1015.5789 	EXP 	polygon_2: autoDraw = False
1015.6459 	EXP 	Device response: <KeyPress from None: t=1010.3524625000136, value=space, duration=5.288312399992719>
1015.9623 	EXP 	Sound sound_1 reached end of file
1015.9786 	EXP 	Playing sound sound_1 on speaker Speaker (Realtek(R) Audio)
1016.2816 	EXP 	Sound sound_1 stopped
1016.2927 	EXP 	text: autoDraw = True
1016.2927 	EXP 	textbox: autoDraw = True
1016.9959 	DATA 	Keypress: 1
1016.9973 	EXP 	Device response: <KeyPress from None: t=1016.9907587000052, value=1, duration=None>
1017.1129 	EXP 	Device response: <KeyPress from None: t=1016.9907587000052, value=1, duration=0.11090259999036789>
1017.1956 	DATA 	Keypress: 3
1017.1972 	EXP 	Device response: <KeyPress from None: t=1017.1887589000107, value=3, duration=None>
1017.2806 	EXP 	Device response: <KeyPress from None: t=1017.1887589000107, value=3, duration=0.08997790000285022>
1017.3958 	DATA 	Keypress: 9
1017.3983 	EXP 	Device response: <KeyPress from None: t=1017.3852070000139, value=9, duration=None>
1017.5464 	EXP 	Device response: <KeyPress from None: t=1017.3852070000139, value=9, duration=0.14984689999255352>
1017.6118 	DATA 	Keypress: 6
1017.6128 	EXP 	Device response: <KeyPress from None: t=1017.6099534000095, value=6, duration=None>
1017.7127 	EXP 	Device response: <KeyPress from None: t=1017.6099534000095, value=6, duration=0.09957729998859577>
1017.9653 	DATA 	Keypress: backspace
1017.9788 	EXP 	Device response: <KeyPress from None: t=1017.964103700011, value=backspace, duration=None>
1018.0295 	EXP 	Device response: <KeyPress from None: t=1017.964103700011, value=backspace, duration=0.06150559999514371>
1018.4951 	DATA 	Mouse: Left button down, pos=(937,215)
1018.4960 	EXP 	New trial (rep=15, index=3): <Trial 183 (3 in rep 15) data={'delay': 0.1, 'freq': 1000, 'condition': 'exp', 'thisN': 183, 'thisTrialN': 3, 'thisRepN': 15}>
1018.5112 	EXP 	text: autoDraw = False
1018.5112 	EXP 	textbox: autoDraw = False
1018.5112 	EXP 	polygon: autoDraw = True
1018.7124 	DATA 	Mouse:  Left button up, pos=(937,215)
1019.2276 	EXP 	Device response: <KeyPress from None: t=1019.221406800003, value=space, duration=None>
1019.2282 	DATA 	Keypress: space
1019.2943 	EXP 	Device response: <KeyPress from None: t=1011.4697895999998, value=space, duration=7.814027400017949>
1019.5108 	INFO 	Keyboard events cleared
1019.5107 	EXP 	polygon: autoDraw = False
1019.5107 	EXP 	polygon_2: autoDraw = True
1019.8612 	EXP 	Device response: <KeyPress from None: t=1019.8484724000155, value=space, duration=None>
1019.8633 	DATA 	Keypress: space
1019.8772 	EXP 	polygon: autoDraw = False
1019.8772 	EXP 	polygon_2: autoDraw = False
1019.9111 	EXP 	Device response: <KeyPress from None: t=1015.5520147000207, value=space, duration=4.351844299992081>
1019.9444 	EXP 	Sound sound_1 reached end of file
1019.9607 	EXP 	Playing sound sound_1 on speaker Speaker (Realtek(R) Audio)
1020.2592 	EXP 	Sound sound_1 stopped
1020.2661 	EXP 	text: autoDraw = True
1020.2661 	EXP 	textbox: autoDraw = True
1020.8448 	DATA 	Keypress: 6
1020.8456 	EXP 	Device response: <KeyPress from None: t=1020.8390057999932, value=6, duration=None>
1020.9453 	EXP 	Device response: <KeyPress from None: t=1020.8390057999932, value=6, duration=0.10037000000011176>
1021.0277 	DATA 	Keypress: 7
1021.0303 	EXP 	Device response: <KeyPress from None: t=1021.021831399994, value=7, duration=None>
1021.1000 	DATA 	Keypress: 9
1021.1114 	EXP 	Device response: <KeyPress from None: t=1021.0988395000168, value=9, duration=None>
1021.1446 	EXP 	Device response: <KeyPress from None: t=1021.021831399994, value=7, duration=0.1112868000054732>
1021.2274 	DATA 	Keypress: 5
1021.2286 	EXP 	Device response: <KeyPress from None: t=1021.2222888999968, value=5, duration=None>
1021.3116 	EXP 	Device response: <KeyPress from None: t=1021.0988395000168, value=9, duration=0.20685029999003746>
1021.3468 	EXP 	Device response: <KeyPress from None: t=1021.2222888999968, value=5, duration=0.12125180001021363>
1021.8440 	DATA 	Keypress: backspace
1021.8461 	EXP 	Device response: <KeyPress from None: t=1021.839871300006, value=backspace, duration=None>
1021.9779 	EXP 	Device response: <KeyPress from None: t=1021.839871300006, value=backspace, duration=0.1285646999895107>
1022.3609 	DATA 	Mouse: Left button down, pos=(937,215)
1022.3616 	EXP 	New trial (rep=15, index=4): <Trial 184 (4 in rep 15) data={'delay': 0.7, 'freq': 1000, 'condition': 'exp', 'thisN': 184, 'thisTrialN': 4, 'thisRepN': 15}>
1022.3765 	EXP 	text: autoDraw = False
1022.3765 	EXP 	textbox: autoDraw = False
1022.3765 	EXP 	polygon: autoDraw = True
1022.5787 	DATA 	Mouse:  Left button up, pos=(937,215)
1023.3766 	INFO 	Keyboard events cleared
1023.3764 	EXP 	polygon: autoDraw = False
1023.3764 	EXP 	polygon_2: autoDraw = True
1023.5601 	EXP 	Device response: <KeyPress from None: t=1023.5478932000115, value=space, duration=None>
1023.5621 	DATA 	Keypress: space
1023.5761 	EXP 	polygon: autoDraw = False
1023.5761 	EXP 	polygon_2: autoDraw = False
1023.6100 	EXP 	Device response: <KeyPress from None: t=1019.221406800003, value=space, duration=4.383552699990105>
1024.2599 	EXP 	Sound sound_1 reached end of file
1024.2762 	EXP 	Playing sound sound_1 on speaker Speaker (Realtek(R) Audio)
1024.5732 	EXP 	Sound sound_1 stopped
1024.5809 	EXP 	text: autoDraw = True
1024.5809 	EXP 	textbox: autoDraw = True
1026.5979 	DATA 	Keypress: 7
1026.6090 	EXP 	Device response: <KeyPress from None: t=1026.5970644000045, value=7, duration=None>
1026.7261 	EXP 	Device response: <KeyPress from None: t=1026.5970644000045, value=7, duration=0.11199609999312088>
1026.7760 	DATA 	Keypress: 8
1026.7776 	EXP 	Device response: <KeyPress from None: t=1026.7742593000003, value=8, duration=None>
1026.8594 	EXP 	Device response: <KeyPress from None: t=1026.7742593000003, value=8, duration=0.08325820000027306>
1027.2657 	DATA 	Keypress: 9
1027.2755 	EXP 	Device response: <KeyPress from None: t=1027.2649158000131, value=9, duration=None>
1027.4101 	EXP 	Device response: <KeyPress from None: t=1027.2649158000131, value=9, duration=0.13285950000863522>
1029.1624 	DATA 	Mouse: Left button down, pos=(937,215)
1029.1751 	EXP 	New trial (rep=15, index=5): <Trial 185 (5 in rep 15) data={'delay': 0.4, 'freq': 400, 'condition': 'unexp', 'thisN': 185, 'thisTrialN': 5, 'thisRepN': 15}>
1029.1909 	EXP 	text: autoDraw = False
1029.1909 	EXP 	textbox: autoDraw = False
1029.1909 	EXP 	polygon: autoDraw = True
1029.3922 	DATA 	Mouse:  Left button up, pos=(937,215)
1030.1739 	INFO 	Keyboard events cleared
1030.1737 	EXP 	polygon_2: autoDraw = True
1030.1905 	EXP 	polygon: autoDraw = False
1032.9569 	EXP 	Device response: <KeyPress from None: t=1032.949063500011, value=space, duration=None>
1032.9592 	DATA 	Keypress: space
1032.9729 	EXP 	polygon: autoDraw = False
1032.9729 	EXP 	polygon_2: autoDraw = False
1033.0902 	EXP 	Device response: <KeyPress from None: t=1019.8484724000155, value=space, duration=13.228227699990384>
1033.3402 	EXP 	Sound sound_1 reached end of file
1033.3565 	EXP 	Playing sound sound_1 on speaker Speaker (Realtek(R) Audio)
1033.6502 	EXP 	Sound sound_1 stopped
1033.6579 	EXP 	text: autoDraw = True
1033.6579 	EXP 	textbox: autoDraw = True
1033.7902 	DATA 	Keypress: 3
1033.7909 	EXP 	Device response: <KeyPress from None: t=1033.7846270000155, value=3, duration=None>
1033.8741 	EXP 	Device response: <KeyPress from None: t=1033.7846270000155, value=3, duration=0.07791359999100678>
1034.0066 	DATA 	Keypress: 2
1034.0089 	EXP 	Device response: <KeyPress from None: t=1033.9957555000146, value=2, duration=None>
1034.0913 	EXP 	Device response: <KeyPress from None: t=1033.9957555000146, value=2, duration=0.08467149999341927>
1034.4729 	DATA 	Keypress: 5
1034.4743 	EXP 	Device response: <KeyPress from None: t=1034.4675276000053, value=5, duration=None>
1034.5737 	EXP 	Device response: <KeyPress from None: t=1034.4675276000053, value=5, duration=0.09637919999659061>
1035.6067 	DATA 	Mouse: Left button down, pos=(937,215)
1035.6074 	EXP 	New trial (rep=15, index=6): <Trial 186 (6 in rep 15) data={'delay': 0.1, 'freq': 1000, 'condition': 'exp', 'thisN': 186, 'thisTrialN': 6, 'thisRepN': 15}>
1035.6222 	EXP 	text: autoDraw = False
1035.6222 	EXP 	textbox: autoDraw = False
1035.6222 	EXP 	polygon: autoDraw = True
1035.8243 	DATA 	Mouse:  Left button up, pos=(937,215)
1036.6219 	INFO 	Keyboard events cleared
1036.6217 	EXP 	polygon: autoDraw = False
1036.6217 	EXP 	polygon_2: autoDraw = True
1039.5046 	EXP 	Device response: <KeyPress from None: t=1039.4932466000027, value=space, duration=None>
1039.5068 	DATA 	Keypress: space
1039.5206 	EXP 	polygon: autoDraw = False
1039.5206 	EXP 	polygon_2: autoDraw = False
1039.5877 	EXP 	Sound sound_1 reached end of file
1039.6041 	EXP 	Playing sound sound_1 on speaker Speaker (Realtek(R) Audio)
1039.5881 	EXP 	Device response: <KeyPress from None: t=1023.5478932000115, value=space, duration=16.034423300006893>
1039.9018 	EXP 	Sound sound_1 stopped
1039.9098 	EXP 	text: autoDraw = True
1039.9098 	EXP 	textbox: autoDraw = True
1044.8858 	DATA 	Keypress: 6
1044.8866 	EXP 	Device response: <KeyPress from None: t=1044.877282500005, value=6, duration=None>
1044.9878 	EXP 	Device response: <KeyPress from None: t=1044.877282500005, value=6, duration=0.1073274000082165>
1045.0361 	DATA 	Keypress: 7
1045.0369 	EXP 	Device response: <KeyPress from None: t=1045.024908099993, value=7, duration=None>
1045.1887 	EXP 	Device response: <KeyPress from None: t=1045.024908099993, value=7, duration=0.16113400002359413>
1045.4751 	DATA 	Keypress: 4
1045.4861 	EXP 	Device response: <KeyPress from None: t=1045.4727786000003, value=4, duration=None>
1045.5705 	EXP 	Device response: <KeyPress from None: t=1045.4727786000003, value=4, duration=0.09019240000634454>
1047.0698 	DATA 	Mouse: Left button down, pos=(937,215)
1047.0703 	EXP 	New trial (rep=15, index=7): <Trial 187 (7 in rep 15) data={'delay': 0.7, 'freq': 1000, 'condition': 'exp', 'thisN': 187, 'thisTrialN': 7, 'thisRepN': 15}>
1047.0847 	EXP 	text: autoDraw = False
1047.0847 	EXP 	textbox: autoDraw = False
1047.0847 	EXP 	polygon: autoDraw = True
1047.3030 	DATA 	Mouse:  Left button up, pos=(937,215)
1048.0848 	INFO 	Keyboard events cleared
1048.0847 	EXP 	polygon: autoDraw = False
1048.0847 	EXP 	polygon_2: autoDraw = True
1048.4016 	EXP 	Device response: <KeyPress from None: t=1048.3866350000026, value=space, duration=None>
1048.4036 	DATA 	Keypress: space
1048.4178 	EXP 	polygon: autoDraw = False
1048.4178 	EXP 	polygon_2: autoDraw = False
1048.4849 	EXP 	Device response: <KeyPress from None: t=1032.949063500011, value=space, duration=15.526917899987893>
1049.0846 	EXP 	Sound sound_1 reached end of file
1049.1009 	EXP 	Playing sound sound_1 on speaker Speaker (Realtek(R) Audio)
1049.4007 	EXP 	Sound sound_1 stopped
1049.4093 	EXP 	text: autoDraw = True
1049.4093 	EXP 	textbox: autoDraw = True
1050.4682 	DATA 	Keypress: 5
1050.4693 	EXP 	Device response: <KeyPress from None: t=1050.466639499995, value=5, duration=None>
1050.5843 	EXP 	Device response: <KeyPress from None: t=1050.466639499995, value=5, duration=0.10196530001121573>
1050.6506 	DATA 	Keypress: 6
1050.6524 	EXP 	Device response: <KeyPress from None: t=1050.6415306999988, value=6, duration=None>
1050.7688 	EXP 	Device response: <KeyPress from None: t=1050.6415306999988, value=6, duration=0.11712780001107603>
1050.9010 	DATA 	Keypress: 9
1050.9017 	EXP 	Device response: <KeyPress from None: t=1050.89305340001, value=9, duration=None>
1051.1017 	EXP 	Device response: <KeyPress from None: t=1050.89305340001, value=9, duration=0.20009170001139864>
1068.1114 	DATA 	Mouse: Left button down, pos=(936,215)
1068.1122 	EXP 	New trial (rep=15, index=8): <Trial 188 (8 in rep 15) data={'delay': 0.7, 'freq': 1000, 'condition': 'exp', 'thisN': 188, 'thisTrialN': 8, 'thisRepN': 15}>
1068.1277 	EXP 	text: autoDraw = False
1068.1277 	EXP 	textbox: autoDraw = False
1068.1277 	EXP 	polygon: autoDraw = True
1068.3298 	DATA 	Mouse:  Left button up, pos=(936,215)
1069.1277 	INFO 	Keyboard events cleared
1069.1276 	EXP 	polygon: autoDraw = False
1069.1276 	EXP 	polygon_2: autoDraw = True
1070.3774 	EXP 	Device response: <KeyPress from None: t=1070.3700225000212, value=4, duration=None>
1070.3781 	DATA 	Keypress: 4
1070.4614 	EXP 	Device response: <KeyPress from None: t=1070.3700225000212, value=4, duration=0.08980429999064654>
1070.5607 	EXP 	Device response: <KeyPress from None: t=1070.5462381000107, value=5, duration=None>
1070.5613 	DATA 	Keypress: 5
1070.6443 	EXP 	Device response: <KeyPress from None: t=1070.5462381000107, value=5, duration=0.09542329999385402>
1070.8106 	EXP 	Device response: <KeyPress from None: t=1070.7953909000207, value=3, duration=None>
1070.8116 	DATA 	Keypress: 3
1070.8941 	EXP 	Device response: <KeyPress from None: t=1070.7953909000207, value=3, duration=0.08665809998637997>
1071.7436 	EXP 	Device response: <KeyPress from None: t=1071.7292176000192, value=space, duration=None>
1071.7457 	DATA 	Keypress: space
1071.7602 	EXP 	polygon: autoDraw = False
1071.7602 	EXP 	polygon_2: autoDraw = False
1071.8269 	EXP 	Device response: <KeyPress from None: t=1039.4932466000027, value=space, duration=32.32538600001135>
1072.4268 	EXP 	Sound sound_1 reached end of file
1072.4431 	EXP 	Playing sound sound_1 on speaker Speaker (Realtek(R) Audio)
1072.4604 	EXP 	Device response: <KeyPress from None: t=1072.4537072000094, value=4, duration=None>
1072.4612 	DATA 	Keypress: 4
1072.5770 	EXP 	Device response: <KeyPress from None: t=1072.4537072000094, value=4, duration=0.11143339998670854>
1072.6605 	EXP 	Device response: <KeyPress from None: t=1072.6434051000106, value=5, duration=None>
1072.6609 	DATA 	Keypress: 5
1072.7427 	EXP 	Sound sound_1 stopped
1072.7535 	EXP 	text: autoDraw = True
1072.7535 	EXP 	textbox: autoDraw = True
1072.7611 	EXP 	Device response: <KeyPress from None: t=1072.6434051000106, value=5, duration=0.11291689999052323>
1072.9270 	DATA 	Keypress: 3
1072.9290 	EXP 	Device response: <KeyPress from None: t=1072.9224983000022, value=3, duration=None>
1073.0276 	EXP 	Device response: <KeyPress from None: t=1072.9224983000022, value=3, duration=0.10233029999653809>
1073.1823 	DATA 	Keypress: 9
1073.1933 	EXP 	Device response: <KeyPress from None: t=1073.181353299995, value=9, duration=None>
1073.2937 	EXP 	Device response: <KeyPress from None: t=1073.181353299995, value=9, duration=0.11084390000905842>
1073.7271 	DATA 	Keypress: 9
1073.7280 	EXP 	Device response: <KeyPress from None: t=1073.7227596000012, value=9, duration=None>
1073.8269 	EXP 	Device response: <KeyPress from None: t=1073.7227596000012, value=9, duration=0.10166499999468215>
1074.8928 	DATA 	Mouse: Left button down, pos=(936,215)
1074.8933 	EXP 	New trial (rep=15, index=9): <Trial 189 (9 in rep 15) data={'delay': 0.1, 'freq': 400, 'condition': 'unexp', 'thisN': 189, 'thisTrialN': 9, 'thisRepN': 15}>
1074.9089 	EXP 	text: autoDraw = False
1074.9089 	EXP 	textbox: autoDraw = False
1074.9089 	EXP 	polygon: autoDraw = True
1075.1103 	DATA 	Mouse:  Left button up, pos=(936,215)
1075.9085 	INFO 	Keyboard events cleared
1075.9083 	EXP 	polygon: autoDraw = False
1075.9083 	EXP 	polygon_2: autoDraw = True
1095.7854 	EXP 	Device response: <KeyPress from None: t=1095.7840986000083, value=space, duration=None>
1095.7870 	DATA 	Keypress: space
1095.8015 	EXP 	polygon: autoDraw = False
1095.8015 	EXP 	polygon_2: autoDraw = False
1095.8684 	EXP 	Sound sound_1 reached end of file
1095.8849 	EXP 	Playing sound sound_1 on speaker Speaker (Realtek(R) Audio)
1095.9021 	EXP 	Device response: <KeyPress from None: t=1048.3866350000026, value=space, duration=47.51450190000469>
1096.1786 	EXP 	Sound sound_1 stopped
1096.1862 	EXP 	text: autoDraw = True
1096.1862 	EXP 	textbox: autoDraw = True
1099.2711 	DATA 	Keypress: 4
1099.2848 	EXP 	Device response: <KeyPress from None: t=1099.2699989000103, value=4, duration=None>
1099.4018 	EXP 	Device response: <KeyPress from None: t=1099.2699989000103, value=4, duration=0.1294732000096701>
1099.5846 	DATA 	Keypress: 5
1099.5853 	EXP 	Device response: <KeyPress from None: t=1099.571576300019, value=5, duration=None>
1099.7018 	EXP 	Device response: <KeyPress from None: t=1099.571576300019, value=5, duration=0.1277059999993071>
1100.0388 	DATA 	Keypress: 5
1100.0504 	EXP 	Device response: <KeyPress from None: t=1100.0377151000139, value=5, duration=None>
1100.1342 	EXP 	Device response: <KeyPress from None: t=1100.0377151000139, value=5, duration=0.09482880000723526>
1155.3158 	DATA 	Mouse: Left button down, pos=(936,217)
1155.3163 	EXP 	New trial (rep=15, index=10): <Trial 190 (10 in rep 15) data={'delay': 0.1, 'freq': 1000, 'condition': 'exp', 'thisN': 190, 'thisTrialN': 10, 'thisRepN': 15}>
1155.3315 	EXP 	text: autoDraw = False
1155.3315 	EXP 	textbox: autoDraw = False
1155.3315 	EXP 	polygon: autoDraw = True
1155.5351 	DATA 	Mouse:  Left button up, pos=(936,217)
1156.3316 	INFO 	Keyboard events cleared
1156.3314 	EXP 	polygon: autoDraw = False
1156.3314 	EXP 	polygon_2: autoDraw = True
1160.6470 	EXP 	Device response: <KeyPress from None: t=1160.6395135000057, value=space, duration=None>
1160.6492 	DATA 	Keypress: space
1160.6631 	EXP 	polygon: autoDraw = False
1160.6631 	EXP 	polygon_2: autoDraw = False
1160.7137 	EXP 	Device response: <KeyPress from None: t=1071.7292176000192, value=space, duration=88.97968289998244>
1160.7305 	EXP 	Sound sound_1 reached end of file
1160.7468 	EXP 	Playing sound sound_1 on speaker Speaker (Realtek(R) Audio)
1161.0454 	EXP 	Sound sound_1 stopped
1161.0520 	EXP 	text: autoDraw = True
1161.0520 	EXP 	textbox: autoDraw = True
1162.4631 	DATA 	Keypress: 2
1162.4642 	EXP 	Device response: <KeyPress from None: t=1162.4570897000085, value=2, duration=None>
1162.5304 	EXP 	Device response: <KeyPress from None: t=1162.4570897000085, value=2, duration=0.06686729998909868>
1162.6965 	DATA 	Keypress: 3
1162.6972 	EXP 	Device response: <KeyPress from None: t=1162.6911690999987, value=3, duration=None>
1162.7640 	EXP 	Device response: <KeyPress from None: t=1162.6911690999987, value=3, duration=0.06865709999692626>
1162.8967 	DATA 	Keypress: 4
1162.8979 	EXP 	Device response: <KeyPress from None: t=1162.8862410000002, value=4, duration=None>
1162.9805 	EXP 	Device response: <KeyPress from None: t=1162.8862410000002, value=4, duration=0.08901960001094267>
1163.9628 	DATA 	Mouse: Left button down, pos=(936,217)
1163.9639 	EXP 	New trial (rep=15, index=11): <Trial 191 (11 in rep 15) data={'delay': 0.4, 'freq': 1000, 'condition': 'exp', 'thisN': 191, 'thisTrialN': 11, 'thisRepN': 15}>
1163.9789 	EXP 	text: autoDraw = False
1163.9789 	EXP 	textbox: autoDraw = False
1163.9789 	EXP 	polygon: autoDraw = True
1164.1803 	DATA 	Mouse:  Left button up, pos=(936,217)
1164.9788 	INFO 	Keyboard events cleared
1164.9786 	EXP 	polygon: autoDraw = False
1164.9786 	EXP 	polygon_2: autoDraw = True
1168.9943 	EXP 	Device response: <KeyPress from None: t=1168.9812585000182, value=space, duration=None>
1168.9963 	DATA 	Keypress: space
1169.0103 	EXP 	polygon: autoDraw = False
1169.0103 	EXP 	polygon_2: autoDraw = False
1169.0774 	EXP 	Device response: <KeyPress from None: t=1095.7840986000083, value=space, duration=73.28565710000112>
1169.3775 	EXP 	Sound sound_1 reached end of file
1169.3938 	EXP 	Playing sound sound_1 on speaker Speaker (Realtek(R) Audio)
1169.6934 	EXP 	Sound sound_1 stopped
1169.7011 	EXP 	text: autoDraw = True
1169.7011 	EXP 	textbox: autoDraw = True
1170.4311 	DATA 	Keypress: 7
1170.4441 	EXP 	Device response: <KeyPress from None: t=1170.428926099994, value=7, duration=None>
1170.5605 	EXP 	Device response: <KeyPress from None: t=1170.428926099994, value=7, duration=0.11649810001836158>
1170.6609 	DATA 	Keypress: 6
1170.6622 	EXP 	Device response: <KeyPress from None: t=1170.648563900002, value=6, duration=None>
1170.7610 	EXP 	Device response: <KeyPress from None: t=1170.648563900002, value=6, duration=0.105881399998907>
1170.8487 	DATA 	Keypress: 8
1170.8604 	EXP 	Device response: <KeyPress from None: t=1170.8482637999987, value=8, duration=None>
1170.9614 	EXP 	Device response: <KeyPress from None: t=1170.8482637999987, value=8, duration=0.11083660001168028>
1172.0267 	DATA 	Mouse: Left button down, pos=(936,217)
1172.0274 	EXP 	New trial (rep=16, index=0): <Trial 192 (0 in rep 16) data={'delay': 0.7, 'freq': 1000, 'condition': 'exp', 'thisN': 192, 'thisTrialN': 0, 'thisRepN': 16}>
1172.0429 	EXP 	text: autoDraw = False
1172.0429 	EXP 	textbox: autoDraw = False
1172.0429 	EXP 	polygon: autoDraw = True
1172.2446 	DATA 	Mouse:  Left button up, pos=(936,217)
1173.0426 	INFO 	Keyboard events cleared
1173.0425 	EXP 	polygon: autoDraw = False
1173.0425 	EXP 	polygon_2: autoDraw = True
1176.2585 	EXP 	Device response: <KeyPress from None: t=1176.243189700006, value=space, duration=None>
1176.2606 	DATA 	Keypress: space
1176.2749 	EXP 	polygon: autoDraw = False
1176.2749 	EXP 	polygon_2: autoDraw = False
1176.3917 	EXP 	Device response: <KeyPress from None: t=1160.6395135000057, value=space, duration=15.742152899998473>
1176.9582 	EXP 	Sound sound_1 reached end of file
1176.9743 	EXP 	Playing sound sound_1 on speaker Speaker (Realtek(R) Audio)
1177.2695 	EXP 	Sound sound_1 stopped
1177.2785 	EXP 	text: autoDraw = True
1177.2785 	EXP 	textbox: autoDraw = True
1179.8077 	DATA 	Keypress: 3
1179.8095 	EXP 	Device response: <KeyPress from None: t=1179.7997630000173, value=3, duration=None>
1179.9070 	EXP 	Device response: <KeyPress from None: t=1179.7997630000173, value=3, duration=0.09463029998005368>
1179.9745 	DATA 	Keypress: 2
1179.9764 	EXP 	Device response: <KeyPress from None: t=1179.9694036, value=2, duration=None>
1180.0902 	EXP 	Device response: <KeyPress from None: t=1179.9694036, value=2, duration=0.10473490000003949>
1180.3779 	DATA 	Keypress: 5
1180.3908 	EXP 	Device response: <KeyPress from None: t=1180.3760612000187, value=5, duration=None>
1180.4071 	DATA 	Keypress: 4
1180.4088 	EXP 	Device response: <KeyPress from None: t=1180.3969248000067, value=4, duration=None>
1180.4748 	EXP 	Device response: <KeyPress from None: t=1180.3760612000187, value=5, duration=0.0828847999800928>
1180.4749 	EXP 	Device response: <KeyPress from None: t=1180.3969248000067, value=4, duration=0.06621859999722801>
1181.1296 	DATA 	Keypress: bracketright
1181.1417 	EXP 	Device response: <KeyPress from None: t=1181.1285970000026, value=bracketright, duration=None>
1181.2236 	EXP 	Device response: <KeyPress from None: t=1181.1285970000026, value=bracketright, duration=0.08383940000203438>
1181.5463 	DATA 	Keypress: backspace
1181.5566 	EXP 	Device response: <KeyPress from None: t=1181.5454017000156, value=backspace, duration=None>
1181.6733 	EXP 	Device response: <KeyPress from None: t=1181.5454017000156, value=backspace, duration=0.1174950999848079>
1181.7099 	DATA 	Keypress: backspace
1181.7233 	EXP 	Device response: <KeyPress from None: t=1181.7091607000038, value=backspace, duration=None>
1181.8235 	EXP 	Device response: <KeyPress from None: t=1181.7091607000038, value=backspace, duration=0.11113959999056533>
1182.7264 	DATA 	Mouse: Left button down, pos=(930,197)
1182.7405 	EXP 	New trial (rep=16, index=1): <Trial 193 (1 in rep 16) data={'delay': 0.7, 'freq': 1000, 'condition': 'exp', 'thisN': 193, 'thisTrialN': 1, 'thisRepN': 16}>
1182.7559 	EXP 	text: autoDraw = False
1182.7559 	EXP 	textbox: autoDraw = False
1182.7559 	EXP 	polygon: autoDraw = True
1182.9572 	DATA 	Mouse:  Left button up, pos=(930,197)
1183.7227 	EXP 	Device response: <KeyPress from None: t=1183.7134746999945, value=space, duration=None>
1183.7238 	DATA 	Keypress: space
1183.7558 	INFO 	Keyboard events cleared
1183.7556 	EXP 	polygon: autoDraw = False
1183.7556 	EXP 	polygon_2: autoDraw = True
1183.8225 	EXP 	Device response: <KeyPress from None: t=1168.9812585000182, value=space, duration=14.83204849998583>
1186.2216 	EXP 	Device response: <KeyPress from None: t=1186.2182888000098, value=space, duration=None>
1186.2236 	DATA 	Keypress: space
1186.2379 	EXP 	polygon: autoDraw = False
1186.2379 	EXP 	polygon_2: autoDraw = False
1186.3047 	EXP 	Device response: <KeyPress from None: t=1176.243189700006, value=space, duration=10.059163300000364>
1186.9048 	EXP 	Sound sound_1 reached end of file
1186.9212 	EXP 	Playing sound sound_1 on speaker Speaker (Realtek(R) Audio)
1187.2207 	EXP 	Sound sound_1 stopped
1187.2278 	EXP 	text: autoDraw = True
1187.2278 	EXP 	textbox: autoDraw = True
1189.3040 	DATA 	Keypress: 7
1189.3047 	EXP 	Device response: <KeyPress from None: t=1189.301455800014, value=7, duration=None>
1189.3890 	EXP 	Device response: <KeyPress from None: t=1189.301455800014, value=7, duration=0.08277799998177215>
1189.5413 	DATA 	Keypress: 8
1189.5538 	EXP 	Device response: <KeyPress from None: t=1189.5405179999943, value=8, duration=None>
1189.6586 	DATA 	Keypress: 9
1189.6703 	EXP 	Device response: <KeyPress from None: t=1189.6563885000069, value=9, duration=None>
1189.7211 	EXP 	Device response: <KeyPress from None: t=1189.5405179999943, value=8, duration=0.17163320002146065>
1189.7870 	EXP 	Device response: <KeyPress from None: t=1189.6563885000069, value=9, duration=0.11698709998745471>
1190.7551 	DATA 	Mouse: Left button down, pos=(930,197)
1190.7556 	EXP 	New trial (rep=16, index=2): <Trial 194 (2 in rep 16) data={'delay': 0.4, 'freq': 1000, 'condition': 'exp', 'thisN': 194, 'thisTrialN': 2, 'thisRepN': 16}>
1190.7701 	EXP 	text: autoDraw = False
1190.7701 	EXP 	textbox: autoDraw = False
1190.7701 	EXP 	polygon: autoDraw = True
1190.9717 	DATA 	Mouse:  Left button up, pos=(930,197)
1191.7696 	INFO 	Keyboard events cleared
1191.7694 	EXP 	polygon: autoDraw = False
1191.7694 	EXP 	polygon_2: autoDraw = True
1191.7708 	DATA 	Keypress: space
1191.8699 	EXP 	Device response: <KeyPress from None: t=1183.7134746999945, value=space, duration=8.14144230002421>
1194.3524 	EXP 	Device response: <KeyPress from None: t=1194.3458548000199, value=space, duration=None>
1194.3536 	DATA 	Keypress: space
1194.3688 	EXP 	polygon: autoDraw = False
1194.3688 	EXP 	polygon_2: autoDraw = False
1194.4688 	EXP 	Device response: <KeyPress from None: t=1186.2182888000098, value=space, duration=8.238960699993186>
1194.7356 	EXP 	Sound sound_1 reached end of file
1194.7519 	EXP 	Playing sound sound_1 on speaker Speaker (Realtek(R) Audio)
1195.0510 	EXP 	Sound sound_1 stopped
1195.0585 	EXP 	text: autoDraw = True
1195.0585 	EXP 	textbox: autoDraw = True
1195.6852 	DATA 	Keypress: 2
1195.6863 	EXP 	Device response: <KeyPress from None: t=1195.675625600008, value=2, duration=None>
1195.8023 	EXP 	Device response: <KeyPress from None: t=1195.675625600008, value=2, duration=0.1244971000123769>
1196.1251 	DATA 	Keypress: 1
1196.1351 	EXP 	Device response: <KeyPress from None: t=1196.1245377000014, value=1, duration=None>
1196.2367 	EXP 	Device response: <KeyPress from None: t=1196.1245377000014, value=1, duration=0.10017439999501221>
1196.9855 	DATA 	Keypress: 3
1196.9870 	EXP 	Device response: <KeyPress from None: t=1196.9795328000037, value=3, duration=None>
1197.1023 	EXP 	Device response: <KeyPress from None: t=1196.9795328000037, value=3, duration=0.11654459999408573>
1198.1683 	DATA 	Mouse: Left button down, pos=(930,197)
1198.1694 	EXP 	New trial (rep=16, index=3): <Trial 195 (3 in rep 16) data={'delay': 0.1, 'freq': 400, 'condition': 'unexp', 'thisN': 195, 'thisTrialN': 3, 'thisRepN': 16}>
1198.1840 	EXP 	text: autoDraw = False
1198.1840 	EXP 	textbox: autoDraw = False
1198.1840 	EXP 	polygon: autoDraw = True
1198.4025 	DATA 	Mouse:  Left button up, pos=(930,197)
1198.8008 	EXP 	Device response: <KeyPress from None: t=1198.7944145000074, value=space, duration=None>
1198.8019 	DATA 	Keypress: space
1198.8506 	EXP 	Device response: <KeyPress from None: t=1194.3458548000199, value=space, duration=4.499197999975877>
1199.1839 	INFO 	Keyboard events cleared
1199.1838 	EXP 	polygon: autoDraw = False
1199.1838 	EXP 	polygon_2: autoDraw = True
1199.7840 	EXP 	Device response: <KeyPress from None: t=1199.77635260002, value=space, duration=None>
1199.7862 	DATA 	Keypress: space
1199.8002 	EXP 	polygon: autoDraw = False
1199.8002 	EXP 	polygon_2: autoDraw = False
1199.8336 	EXP 	Device response: <KeyPress from None: t=1198.7944145000074, value=space, duration=1.0377146000100765>
1199.8672 	EXP 	Sound sound_1 reached end of file
1199.8835 	EXP 	Playing sound sound_1 on speaker Speaker (Realtek(R) Audio)
1200.1828 	EXP 	Sound sound_1 stopped
1200.1925 	EXP 	text: autoDraw = True
1200.1925 	EXP 	textbox: autoDraw = True
1216.1291 	DATA 	Keypress: 6
1216.1305 	EXP 	Device response: <KeyPress from None: t=1216.125356900011, value=6, duration=None>
1216.2462 	EXP 	Device response: <KeyPress from None: t=1216.125356900011, value=6, duration=0.11111050000181422>
1216.3120 	DATA 	Keypress: 7
1216.3126 	EXP 	Device response: <KeyPress from None: t=1216.3043607000145, value=7, duration=None>
1216.4280 	EXP 	Device response: <KeyPress from None: t=1216.3043607000145, value=7, duration=0.10988549998728558>
1216.5285 	DATA 	Keypress: 9
1216.5301 	EXP 	Device response: <KeyPress from None: t=1216.5219426999975, value=9, duration=None>
1216.6474 	EXP 	Device response: <KeyPress from None: t=1216.5219426999975, value=9, duration=0.12289210001472384>
1217.6454 	DATA 	Mouse: Left button down, pos=(930,197)
1217.6459 	EXP 	New trial (rep=16, index=4): <Trial 196 (4 in rep 16) data={'delay': 0.4, 'freq': 1000, 'condition': 'exp', 'thisN': 196, 'thisTrialN': 4, 'thisRepN': 16}>
1217.6604 	EXP 	text: autoDraw = False
1217.6604 	EXP 	textbox: autoDraw = False
1217.6604 	EXP 	polygon: autoDraw = True
1217.8793 	DATA 	Mouse:  Left button up, pos=(930,197)
1218.6605 	INFO 	Keyboard events cleared
1218.6604 	EXP 	polygon: autoDraw = False
1218.6604 	EXP 	polygon_2: autoDraw = True
1219.0941 	EXP 	Device response: <KeyPress from None: t=1219.0902169000183, value=space, duration=None>
1219.0962 	DATA 	Keypress: space
1219.1101 	EXP 	polygon: autoDraw = False
1219.1101 	EXP 	polygon_2: autoDraw = False
1219.1441 	EXP 	Device response: <KeyPress from None: t=1199.77635260002, value=space, duration=19.36384609999368>
1219.3112 	EXP 	Device response: <KeyPress from None: t=1219.2952244000044, value=space, duration=None>
1219.3116 	DATA 	Keypress: space
1219.3605 	EXP 	Device response: <KeyPress from None: t=1219.0902169000183, value=space, duration=0.2560014999762643>
1219.4770 	EXP 	Sound sound_1 reached end of file
1219.4933 	EXP 	Playing sound sound_1 on speaker Speaker (Realtek(R) Audio)
1219.7912 	EXP 	Sound sound_1 stopped
1219.7989 	EXP 	text: autoDraw = True
1219.7989 	EXP 	textbox: autoDraw = True
1222.0624 	DATA 	Keypress: 6
1222.0765 	EXP 	Device response: <KeyPress from None: t=1222.0603136999998, value=6, duration=None>
1222.1769 	EXP 	Device response: <KeyPress from None: t=1222.0603136999998, value=6, duration=0.11155490000965074>
1222.3762 	DATA 	Keypress: 7
1222.3772 	EXP 	Device response: <KeyPress from None: t=1222.3719604000216, value=7, duration=None>
1222.4782 	EXP 	Device response: <KeyPress from None: t=1222.3719604000216, value=7, duration=0.10059399998863228>
1222.5598 	DATA 	Keypress: 9
1222.5606 	EXP 	Device response: <KeyPress from None: t=1222.5566552999953, value=9, duration=None>
1222.6772 	EXP 	Device response: <KeyPress from None: t=1222.5566552999953, value=9, duration=0.10678490001009777>
1224.0808 	DATA 	Mouse: Left button down, pos=(930,197)
1224.0928 	EXP 	New trial (rep=16, index=5): <Trial 197 (5 in rep 16) data={'delay': 0.1, 'freq': 1000, 'condition': 'exp', 'thisN': 197, 'thisTrialN': 5, 'thisRepN': 16}>
1224.1087 	EXP 	text: autoDraw = False
1224.1087 	EXP 	textbox: autoDraw = False
1224.1087 	EXP 	polygon: autoDraw = True
1224.3100 	DATA 	Mouse:  Left button up, pos=(930,197)
1225.0919 	INFO 	Keyboard events cleared
1225.0917 	EXP 	polygon_2: autoDraw = True
1225.1084 	EXP 	polygon: autoDraw = False
1225.1253 	EXP 	Device response: <KeyPress from None: t=1225.1242312999966, value=space, duration=None>
1225.1276 	DATA 	Keypress: space
1225.1414 	EXP 	polygon: autoDraw = False
1225.1414 	EXP 	polygon_2: autoDraw = False
1225.2087 	EXP 	Sound sound_1 reached end of file
1225.2249 	EXP 	Playing sound sound_1 on speaker Speaker (Realtek(R) Audio)
1225.2254 	EXP 	Device response: <KeyPress from None: t=1219.2952244000044, value=space, duration=5.92336929999874>
1225.5238 	EXP 	Sound sound_1 stopped
1225.5317 	EXP 	text: autoDraw = True
1225.5317 	EXP 	textbox: autoDraw = True
1226.7662 	DATA 	Keypress: 4
1226.7747 	EXP 	Device response: <KeyPress from None: t=1226.765499400004, value=4, duration=None>
1226.8264 	EXP 	Device response: <KeyPress from None: t=1226.765499400004, value=4, duration=0.05131869998876937>
1226.9915 	DATA 	Keypress: 3
1226.9936 	EXP 	Device response: <KeyPress from None: t=1226.986208300019, value=3, duration=None>
1227.0583 	EXP 	Device response: <KeyPress from None: t=1226.986208300019, value=3, duration=0.06055779999587685>
1227.2081 	DATA 	Keypress: 5
1227.2097 	EXP 	Device response: <KeyPress from None: t=1227.203610800003, value=5, duration=None>
1227.2913 	EXP 	Device response: <KeyPress from None: t=1227.203610800003, value=5, duration=0.07207339999149553>
1228.3599 	DATA 	Mouse: Left button down, pos=(930,197)
1228.3748 	EXP 	New trial (rep=16, index=6): <Trial 198 (6 in rep 16) data={'delay': 0.1, 'freq': 1000, 'condition': 'exp', 'thisN': 198, 'thisTrialN': 6, 'thisRepN': 16}>
1228.3904 	EXP 	text: autoDraw = False
1228.3904 	EXP 	textbox: autoDraw = False
1228.3904 	EXP 	polygon: autoDraw = True
1228.5920 	DATA 	Mouse:  Left button up, pos=(930,197)
1229.3901 	INFO 	Keyboard events cleared
1229.3900 	EXP 	polygon: autoDraw = False
1229.3900 	EXP 	polygon_2: autoDraw = True
1229.6070 	EXP 	Device response: <KeyPress from None: t=1229.605243099999, value=space, duration=None>
1229.6091 	DATA 	Keypress: space
1229.6233 	EXP 	polygon: autoDraw = False
1229.6233 	EXP 	polygon_2: autoDraw = False
1229.6906 	EXP 	Sound sound_1 reached end of file
1229.7070 	EXP 	Playing sound sound_1 on speaker Speaker (Realtek(R) Audio)
1229.6910 	EXP 	Device response: <KeyPress from None: t=1225.1242312999966, value=space, duration=4.558229700021911>
1230.0050 	EXP 	Sound sound_1 stopped
1230.0111 	EXP 	text: autoDraw = True
1230.0111 	EXP 	textbox: autoDraw = True
1241.0544 	DATA 	Keypress: 7
1241.0552 	EXP 	Device response: <KeyPress from None: t=1241.0433243000007, value=7, duration=None>
1241.1865 	EXP 	Device response: <KeyPress from None: t=1241.0433243000007, value=7, duration=0.12718239999958314>
1241.2431 	DATA 	Keypress: 8
1241.2531 	EXP 	Device response: <KeyPress from None: t=1241.2415308000054, value=8, duration=None>
1241.4205 	DATA 	Keypress: 6
1241.4215 	EXP 	Device response: <KeyPress from None: t=1241.2415308000054, value=8, duration=0.17284499999368563>
1241.4216 	EXP 	Device response: <KeyPress from None: t=1241.418571200018, value=6, duration=None>
1241.5886 	EXP 	Device response: <KeyPress from None: t=1241.418571200018, value=6, duration=0.16088119999039918>
1242.3697 	DATA 	Mouse: Left button down, pos=(930,197)
1242.3704 	EXP 	New trial (rep=16, index=7): <Trial 199 (7 in rep 16) data={'delay': 0.4, 'freq': 1000, 'condition': 'exp', 'thisN': 199, 'thisTrialN': 7, 'thisRepN': 16}>
1242.3857 	EXP 	text: autoDraw = False
1242.3857 	EXP 	textbox: autoDraw = False
1242.3857 	EXP 	polygon: autoDraw = True
1242.6040 	DATA 	Mouse:  Left button up, pos=(930,197)
1243.1359 	EXP 	Device response: <KeyPress from None: t=1243.1207013000094, value=space, duration=None>
1243.1370 	DATA 	Keypress: space
1243.1692 	EXP 	Device response: <KeyPress from None: t=1229.605243099999, value=space, duration=13.560608100000536>
1243.3855 	INFO 	Keyboard events cleared
1243.3853 	EXP 	polygon: autoDraw = False
1243.3853 	EXP 	polygon_2: autoDraw = True
1244.3021 	EXP 	Device response: <KeyPress from None: t=1244.2914500000188, value=space, duration=None>
1244.3046 	DATA 	Keypress: space
1244.3186 	EXP 	polygon: autoDraw = False
1244.3186 	EXP 	polygon_2: autoDraw = False
1244.4189 	EXP 	Device response: <KeyPress from None: t=1243.1207013000094, value=space, duration=1.2871768999902997>
1244.6855 	EXP 	Sound sound_1 reached end of file
1244.7018 	EXP 	Playing sound sound_1 on speaker Speaker (Realtek(R) Audio)
1245.0026 	EXP 	Sound sound_1 stopped
1245.0092 	EXP 	text: autoDraw = True
1245.0092 	EXP 	textbox: autoDraw = True
1247.7678 	DATA 	Keypress: 3
1247.7697 	EXP 	Device response: <KeyPress from None: t=1247.760343300004, value=3, duration=None>
1247.9009 	EXP 	Device response: <KeyPress from None: t=1247.760343300004, value=3, duration=0.12972530000843108>
1247.9401 	DATA 	Keypress: 2
1247.9509 	EXP 	Device response: <KeyPress from None: t=1247.937880500016, value=2, duration=None>
1248.0864 	EXP 	Device response: <KeyPress from None: t=1247.937880500016, value=2, duration=0.13864969997666776>
1248.1677 	DATA 	Keypress: 4
1248.1689 	EXP 	Device response: <KeyPress from None: t=1248.1619923000108, value=4, duration=None>
1248.2850 	DATA 	Keypress: 9
1248.2868 	EXP 	Device response: <KeyPress from None: t=1248.1619923000108, value=4, duration=0.10688770000706427>
1248.2869 	EXP 	Device response: <KeyPress from None: t=1248.2841657999961, value=9, duration=None>
1248.4510 	EXP 	Device response: <KeyPress from None: t=1248.2841657999961, value=9, duration=0.14989220001734793>
1248.7841 	DATA 	Keypress: backspace
1248.7853 	EXP 	Device response: <KeyPress from None: t=1248.7796919000102, value=backspace, duration=None>
1248.9513 	EXP 	Device response: <KeyPress from None: t=1248.7796919000102, value=backspace, duration=0.16804309998406097>
1249.2841 	DATA 	Mouse: Left button down, pos=(930,197)
1249.2850 	EXP 	New trial (rep=16, index=8): <Trial 200 (8 in rep 16) data={'delay': 0.7, 'freq': 400, 'condition': 'unexp', 'thisN': 200, 'thisTrialN': 8, 'thisRepN': 16}>
1249.3002 	EXP 	text: autoDraw = False
1249.3002 	EXP 	textbox: autoDraw = False
1249.3002 	EXP 	polygon: autoDraw = True
1249.5016 	DATA 	Mouse:  Left button up, pos=(930,197)
1250.3001 	INFO 	Keyboard events cleared
1250.2999 	EXP 	polygon: autoDraw = False
1250.2999 	EXP 	polygon_2: autoDraw = True
1251.0333 	EXP 	Device response: <KeyPress from None: t=1251.0308028, value=space, duration=None>
1251.0353 	DATA 	Keypress: space
1251.0496 	EXP 	polygon: autoDraw = False
1251.0496 	EXP 	polygon_2: autoDraw = False
1251.1002 	EXP 	Device response: <KeyPress from None: t=1244.2914500000188, value=space, duration=6.802093199978117>
1251.7162 	EXP 	Sound sound_1 reached end of file
1251.7326 	EXP 	Playing sound sound_1 on speaker Speaker (Realtek(R) Audio)
1252.0302 	EXP 	Sound sound_1 stopped
1252.0377 	EXP 	text: autoDraw = True
1252.0377 	EXP 	textbox: autoDraw = True
1255.5823 	DATA 	Keypress: 7
1255.5830 	EXP 	Device response: <KeyPress from None: t=1255.5781210999994, value=7, duration=None>
1255.6982 	EXP 	Device response: <KeyPress from None: t=1255.5781210999994, value=7, duration=0.1049189000041224>
1256.1848 	DATA 	Keypress: 6
1256.1984 	EXP 	Device response: <KeyPress from None: t=1256.183591900015, value=6, duration=None>
1256.3654 	EXP 	Device response: <KeyPress from None: t=1256.183591900015, value=6, duration=0.16643329997896217>
1257.0822 	DATA 	Keypress: 4
1257.0843 	EXP 	Device response: <KeyPress from None: t=1257.077444399998, value=4, duration=None>
1257.2319 	EXP 	Device response: <KeyPress from None: t=1257.077444399998, value=4, duration=0.14396960000158288>
1257.9810 	DATA 	Mouse: Left button down, pos=(930,197)
1257.9816 	EXP 	New trial (rep=16, index=9): <Trial 201 (9 in rep 16) data={'delay': 0.7, 'freq': 1000, 'condition': 'exp', 'thisN': 201, 'thisTrialN': 9, 'thisRepN': 16}>
1257.9971 	EXP 	text: autoDraw = False
1257.9971 	EXP 	textbox: autoDraw = False
1257.9971 	EXP 	polygon: autoDraw = True
1258.2145 	DATA 	Mouse:  Left button up, pos=(930,197)
1258.9971 	INFO 	Keyboard events cleared
1258.9970 	EXP 	polygon: autoDraw = False
1258.9970 	EXP 	polygon_2: autoDraw = True
1262.6462 	EXP 	Device response: <KeyPress from None: t=1262.6306104999967, value=space, duration=None>
1262.6484 	DATA 	Keypress: space
1262.6622 	EXP 	polygon: autoDraw = False
1262.6622 	EXP 	polygon_2: autoDraw = False
1262.6961 	EXP 	Device response: <KeyPress from None: t=1251.0308028, value=space, duration=11.656612999999197>
1263.3291 	EXP 	Sound sound_1 reached end of file
1263.3455 	EXP 	Playing sound sound_1 on speaker Speaker (Realtek(R) Audio)
1263.6394 	EXP 	Sound sound_1 stopped
1263.6466 	EXP 	text: autoDraw = True
1263.6466 	EXP 	textbox: autoDraw = True
1266.8951 	DATA 	Keypress: 5
1266.8959 	EXP 	Device response: <KeyPress from None: t=1266.892681600002, value=5, duration=None>
1266.9957 	EXP 	Device response: <KeyPress from None: t=1266.892681600002, value=5, duration=0.10046390001662076>
1267.3617 	DATA 	Keypress: 3
1267.3627 	EXP 	Device response: <KeyPress from None: t=1267.3527345000184, value=3, duration=None>
1267.4787 	EXP 	Device response: <KeyPress from None: t=1267.3527345000184, value=3, duration=0.11282599999685772>
1267.5614 	DATA 	Keypress: 2
1267.5621 	EXP 	Device response: <KeyPress from None: t=1267.5596353000146, value=2, duration=None>
1267.6789 	EXP 	Device response: <KeyPress from None: t=1267.5596353000146, value=2, duration=0.1121428000042215>
1268.7644 	DATA 	Mouse: Left button down, pos=(930,197)
1268.7777 	EXP 	New trial (rep=16, index=10): <Trial 202 (10 in rep 16) data={'delay': 0.1, 'freq': 1000, 'condition': 'exp', 'thisN': 202, 'thisTrialN': 10, 'thisRepN': 16}>
1268.7936 	EXP 	text: autoDraw = False
1268.7936 	EXP 	textbox: autoDraw = False
1268.7936 	EXP 	polygon: autoDraw = True
1268.9949 	DATA 	Mouse:  Left button up, pos=(930,197)
1269.7767 	INFO 	Keyboard events cleared
1269.7766 	EXP 	polygon_2: autoDraw = True
1269.7933 	EXP 	polygon: autoDraw = False
1270.1099 	EXP 	Device response: <KeyPress from None: t=1270.0940649000113, value=space, duration=None>
1270.1113 	DATA 	Keypress: space
1270.1261 	EXP 	polygon: autoDraw = False
1270.1261 	EXP 	polygon_2: autoDraw = False
1270.1602 	EXP 	Device response: <KeyPress from None: t=1262.6306104999967, value=space, duration=7.519869600015227>
1270.1934 	EXP 	Sound sound_1 reached end of file
1270.2097 	EXP 	Playing sound sound_1 on speaker Speaker (Realtek(R) Audio)
1270.5104 	EXP 	Sound sound_1 stopped
1270.5181 	EXP 	text: autoDraw = True
1270.5181 	EXP 	textbox: autoDraw = True
1272.6764 	DATA 	Keypress: 6
1272.6770 	EXP 	Device response: <KeyPress from None: t=1272.6723770000099, value=6, duration=None>
1272.7926 	EXP 	Device response: <KeyPress from None: t=1272.6723770000099, value=6, duration=0.10405619998346083>
1272.8762 	DATA 	Keypress: 7
1272.8786 	EXP 	Device response: <KeyPress from None: t=1272.872376400017, value=7, duration=None>
1272.9925 	EXP 	Device response: <KeyPress from None: t=1272.872376400017, value=7, duration=0.10543319999123923>
1273.3257 	DATA 	Keypress: 9
1273.3269 	EXP 	Device response: <KeyPress from None: t=1273.316791899997, value=9, duration=None>
1273.4269 	EXP 	Device response: <KeyPress from None: t=1273.316791899997, value=9, duration=0.0996820000000298>
1274.2287 	DATA 	Mouse: Left button down, pos=(930,197)
1274.2422 	EXP 	New trial (rep=16, index=11): <Trial 203 (11 in rep 16) data={'delay': 0.4, 'freq': 400, 'condition': 'unexp', 'thisN': 203, 'thisTrialN': 11, 'thisRepN': 16}>
1274.2580 	EXP 	text: autoDraw = False
1274.2580 	EXP 	textbox: autoDraw = False
1274.2580 	EXP 	polygon: autoDraw = True
1274.4597 	DATA 	Mouse:  Left button up, pos=(930,197)
1275.2419 	INFO 	Keyboard events cleared
1275.2417 	EXP 	polygon_2: autoDraw = True
1275.2584 	EXP 	polygon: autoDraw = False
1275.3250 	EXP 	Device response: <KeyPress from None: t=1275.3133723000064, value=space, duration=None>
1275.3260 	DATA 	Keypress: space
1275.3410 	EXP 	polygon: autoDraw = False
1275.3410 	EXP 	polygon_2: autoDraw = False
1275.4077 	EXP 	Device response: <KeyPress from None: t=1270.0940649000113, value=space, duration=5.299261200008914>
1275.7085 	EXP 	Sound sound_1 reached end of file
1275.7249 	EXP 	Playing sound sound_1 on speaker Speaker (Realtek(R) Audio)
1276.0215 	EXP 	Sound sound_1 stopped
1276.0300 	EXP 	text: autoDraw = True
1276.0300 	EXP 	textbox: autoDraw = True
1277.0455 	DATA 	Keypress: 2
1277.0580 	EXP 	Device response: <KeyPress from None: t=1277.044364500005, value=2, duration=None>
1277.1593 	EXP 	Device response: <KeyPress from None: t=1277.044364500005, value=2, duration=0.10669290000805631>
1277.2445 	DATA 	Keypress: 1
1277.2577 	EXP 	Device response: <KeyPress from None: t=1277.2423294000037, value=1, duration=None>
1277.3575 	EXP 	Device response: <KeyPress from None: t=1277.2423294000037, value=1, duration=0.0998775000043679>
1277.4409 	DATA 	Keypress: 1
1277.4421 	EXP 	Device response: <KeyPress from None: t=1277.4336160999956, value=1, duration=None>
1277.5590 	EXP 	Device response: <KeyPress from None: t=1277.4336160999956, value=1, duration=0.1173780000244733>
1278.4411 	DATA 	Mouse: Left button down, pos=(930,197)
1278.4418 	EXP 	New trial (rep=17, index=0): <Trial 204 (0 in rep 17) data={'delay': 0.7, 'freq': 1000, 'condition': 'exp', 'thisN': 204, 'thisTrialN': 0, 'thisRepN': 17}>
1278.4569 	EXP 	text: autoDraw = False
1278.4569 	EXP 	textbox: autoDraw = False
1278.4569 	EXP 	polygon: autoDraw = True
1278.6587 	DATA 	Mouse:  Left button up, pos=(930,197)
1279.1422 	DATA 	Keypress: space
1279.1572 	EXP 	Device response: <KeyPress from None: t=1279.1411221000017, value=space, duration=None>
1279.2070 	EXP 	Device response: <KeyPress from None: t=1275.3133723000064, value=space, duration=3.8908300999901257>
1279.4568 	INFO 	Keyboard events cleared
1279.4566 	EXP 	polygon: autoDraw = False
1279.4566 	EXP 	polygon_2: autoDraw = True
1280.5235 	EXP 	Device response: <KeyPress from None: t=1280.5087722000026, value=space, duration=None>
1280.5259 	DATA 	Keypress: space
1280.5394 	EXP 	polygon: autoDraw = False
1280.5394 	EXP 	polygon_2: autoDraw = False
1280.5902 	EXP 	Device response: <KeyPress from None: t=1279.1411221000017, value=space, duration=1.4407035000040196>
1281.2229 	EXP 	Sound sound_1 reached end of file
1281.2392 	EXP 	Playing sound sound_1 on speaker Speaker (Realtek(R) Audio)
1281.2897 	EXP 	Device response: <KeyPress from None: t=1281.2821062000003, value=space, duration=None>
1281.2905 	DATA 	Keypress: space
1281.3563 	EXP 	Device response: <KeyPress from None: t=1280.5087722000026, value=space, duration=0.831305900006555>
1281.5290 	EXP 	Sound sound_1 stopped
1281.5396 	EXP 	text: autoDraw = True
1281.5396 	EXP 	textbox: autoDraw = True
1282.5293 	DATA 	Keypress: 8
1282.5398 	EXP 	Device response: <KeyPress from None: t=1282.524838500016, value=8, duration=None>
1282.6225 	EXP 	Device response: <KeyPress from None: t=1282.524838500016, value=8, duration=0.08383859999594279>
1282.6756 	DATA 	Keypress: 9
1282.6897 	EXP 	Device response: <KeyPress from None: t=1282.6736205000198, value=9, duration=None>
1282.7564 	DATA 	Keypress: 7
1282.7581 	EXP 	Device response: <KeyPress from None: t=1282.755765400012, value=7, duration=None>
1282.8234 	EXP 	Device response: <KeyPress from None: t=1282.6736205000198, value=9, duration=0.1372912999941036>
1282.8565 	EXP 	Device response: <KeyPress from None: t=1282.755765400012, value=7, duration=0.09938599998713471>
1284.0272 	DATA 	Mouse: Left button down, pos=(930,197)
1284.0394 	EXP 	New trial (rep=17, index=1): <Trial 205 (1 in rep 17) data={'delay': 0.7, 'freq': 1000, 'condition': 'exp', 'thisN': 205, 'thisTrialN': 1, 'thisRepN': 17}>
1284.0551 	EXP 	text: autoDraw = False
1284.0551 	EXP 	textbox: autoDraw = False
1284.0551 	EXP 	polygon: autoDraw = True
1284.2570 	DATA 	Mouse:  Left button up, pos=(930,197)
1284.9550 	EXP 	Device response: <KeyPress from None: t=1284.9408449000039, value=space, duration=None>
1284.9561 	DATA 	Keypress: space
1285.0053 	EXP 	Device response: <KeyPress from None: t=1281.2821062000003, value=space, duration=3.715018799994141>
1285.0548 	INFO 	Keyboard events cleared
1285.0546 	EXP 	polygon: autoDraw = False
1285.0546 	EXP 	polygon_2: autoDraw = True
1286.4876 	EXP 	Device response: <KeyPress from None: t=1286.4726156000106, value=space, duration=None>
1286.4892 	DATA 	Keypress: space
1286.5047 	EXP 	polygon: autoDraw = False
1286.5047 	EXP 	polygon_2: autoDraw = False
1286.5379 	EXP 	Device response: <KeyPress from None: t=1284.9408449000039, value=space, duration=1.5938782000157516>
1287.1707 	EXP 	Sound sound_1 reached end of file
1287.1871 	EXP 	Playing sound sound_1 on speaker Speaker (Realtek(R) Audio)
1287.4818 	EXP 	Sound sound_1 stopped
1287.4886 	EXP 	text: autoDraw = True
1287.4886 	EXP 	textbox: autoDraw = True
1287.7379 	DATA 	Keypress: 6
1287.7395 	EXP 	Device response: <KeyPress from None: t=1287.7285619000031, value=6, duration=None>
1287.7886 	EXP 	Device response: <KeyPress from None: t=1287.7285619000031, value=6, duration=0.05054600001312792>
1287.8887 	DATA 	Keypress: 5
1287.8896 	EXP 	Device response: <KeyPress from None: t=1287.8869515999977, value=5, duration=None>
1288.0052 	EXP 	Device response: <KeyPress from None: t=1287.8869515999977, value=5, duration=0.10669280000729486>
1288.0374 	DATA 	Keypress: 7
1288.0383 	EXP 	Device response: <KeyPress from None: t=1288.0251328000159, value=7, duration=None>
1288.1544 	DATA 	Keypress: 3
1288.1560 	EXP 	Device response: <KeyPress from None: t=1288.1468912000128, value=3, duration=None>
1288.2045 	EXP 	Device response: <KeyPress from None: t=1288.0251328000159, value=7, duration=0.1623554999823682>
1288.2541 	EXP 	Device response: <KeyPress from None: t=1288.1468912000128, value=3, duration=0.09423759998753667>
1288.5876 	DATA 	Keypress: backspace
1288.5884 	EXP 	Device response: <KeyPress from None: t=1288.5859373999992, value=backspace, duration=None>
1288.7216 	EXP 	Device response: <KeyPress from None: t=1288.5859373999992, value=backspace, duration=0.12241110001923516>
1289.2204 	DATA 	Mouse: Left button down, pos=(928,234)
1289.2210 	EXP 	New trial (rep=17, index=2): <Trial 206 (2 in rep 17) data={'delay': 0.4, 'freq': 1000, 'condition': 'exp', 'thisN': 206, 'thisTrialN': 2, 'thisRepN': 17}>
1289.2366 	EXP 	text: autoDraw = False
1289.2366 	EXP 	textbox: autoDraw = False
1289.2366 	EXP 	polygon: autoDraw = True
1289.4386 	DATA 	Mouse:  Left button up, pos=(928,234)
1290.2362 	INFO 	Keyboard events cleared
1290.2360 	EXP 	polygon: autoDraw = False
1290.2360 	EXP 	polygon_2: autoDraw = True
1290.5364 	EXP 	Device response: <KeyPress from None: t=1290.5267727000173, value=space, duration=None>
1290.5378 	DATA 	Keypress: space
1290.5528 	EXP 	polygon: autoDraw = False
1290.5528 	EXP 	polygon_2: autoDraw = False
1290.6031 	EXP 	Device response: <KeyPress from None: t=1286.4726156000106, value=space, duration=4.116148200002499>
1290.9196 	EXP 	Sound sound_1 reached end of file
1290.9362 	EXP 	Playing sound sound_1 on speaker Speaker (Realtek(R) Audio)
1291.2293 	EXP 	Sound sound_1 stopped
1291.2392 	EXP 	text: autoDraw = True
1291.2392 	EXP 	textbox: autoDraw = True
1295.0851 	DATA 	Keypress: 6
1295.0858 	EXP 	Device response: <KeyPress from None: t=1295.0847779000178, value=6, duration=None>
1295.1858 	EXP 	Device response: <KeyPress from None: t=1295.0847779000178, value=6, duration=0.10028369998326525>
1295.2858 	DATA 	Keypress: 5
1295.2871 	EXP 	Device response: <KeyPress from None: t=1295.2771862999944, value=5, duration=None>
1295.4022 	EXP 	Device response: <KeyPress from None: t=1295.2771862999944, value=5, duration=0.12133080000057817>
1295.4683 	DATA 	Keypress: 9
1295.4693 	EXP 	Device response: <KeyPress from None: t=1295.4611072000116, value=9, duration=None>
1295.6022 	EXP 	Device response: <KeyPress from None: t=1295.4611072000116, value=9, duration=0.12792110000737011>
1296.7204 	DATA 	Mouse: Left button down, pos=(928,234)
1296.7350 	EXP 	New trial (rep=17, index=3): <Trial 207 (3 in rep 17) data={'delay': 0.1, 'freq': 400, 'condition': 'unexp', 'thisN': 207, 'thisTrialN': 3, 'thisRepN': 17}>
1296.7507 	EXP 	text: autoDraw = False
1296.7507 	EXP 	textbox: autoDraw = False
1296.7507 	EXP 	polygon: autoDraw = True
1296.9521 	DATA 	Mouse:  Left button up, pos=(928,234)
1297.7505 	INFO 	Keyboard events cleared
1297.7504 	EXP 	polygon: autoDraw = False
1297.7504 	EXP 	polygon_2: autoDraw = True
1299.8502 	EXP 	Device response: <KeyPress from None: t=1299.8399863000086, value=space, duration=None>
1299.8522 	DATA 	Keypress: space
1299.8664 	EXP 	polygon: autoDraw = False
1299.8664 	EXP 	polygon_2: autoDraw = False
1299.9332 	EXP 	Sound sound_1 reached end of file
1299.9495 	EXP 	Playing sound sound_1 on speaker Speaker (Realtek(R) Audio)
1299.9335 	EXP 	Device response: <KeyPress from None: t=1290.5267727000173, value=space, duration=9.398858200001996>
1300.2428 	EXP 	Sound sound_1 stopped
1300.2505 	EXP 	text: autoDraw = True
1300.2505 	EXP 	textbox: autoDraw = True
1301.0835 	DATA 	Keypress: 5
1301.0848 	EXP 	Device response: <KeyPress from None: t=1301.0813333000115, value=5, duration=None>
1301.1679 	EXP 	Device response: <KeyPress from None: t=1301.0813333000115, value=5, duration=0.0837251000048127>
1301.2694 	DATA 	Keypress: 6
1301.2830 	EXP 	Device response: <KeyPress from None: t=1301.2688851999992, value=6, duration=None>
1301.3837 	EXP 	Device response: <KeyPress from None: t=1301.2688851999992, value=6, duration=0.10584050000761636>
1301.3860 	DATA 	Keypress: 7
1301.3996 	EXP 	Device response: <KeyPress from None: t=1301.384971499996, value=7, duration=None>
1301.5000 	EXP 	Device response: <KeyPress from None: t=1301.384971499996, value=7, duration=0.1131267000164371>
1302.9490 	DATA 	Mouse: Left button down, pos=(928,234)
1302.9497 	EXP 	New trial (rep=17, index=4): <Trial 208 (4 in rep 17) data={'delay': 0.4, 'freq': 1000, 'condition': 'exp', 'thisN': 208, 'thisTrialN': 4, 'thisRepN': 17}>
1302.9653 	EXP 	text: autoDraw = False
1302.9653 	EXP 	textbox: autoDraw = False
1302.9653 	EXP 	polygon: autoDraw = True
1303.1666 	DATA 	Mouse:  Left button up, pos=(928,234)
1303.8830 	EXP 	Device response: <KeyPress from None: t=1303.869845600013, value=space, duration=None>
1303.8843 	DATA 	Keypress: space
1303.9322 	EXP 	Device response: <KeyPress from None: t=1299.8399863000086, value=space, duration=4.082959399995161>
1303.9653 	INFO 	Keyboard events cleared
1303.9652 	EXP 	polygon: autoDraw = False
1303.9652 	EXP 	polygon_2: autoDraw = True
1305.0819 	EXP 	Device response: <KeyPress from None: t=1305.0715227000182, value=space, duration=None>
1305.0841 	DATA 	Keypress: space
1305.0980 	EXP 	polygon: autoDraw = False
1305.0980 	EXP 	polygon_2: autoDraw = False
1305.1150 	EXP 	Device response: <KeyPress from None: t=1303.869845600013, value=space, duration=1.244658999989042>
1305.4648 	EXP 	Sound sound_1 reached end of file
1305.4812 	EXP 	Playing sound sound_1 on speaker Speaker (Realtek(R) Audio)
1305.7833 	EXP 	Sound sound_1 stopped
1305.7902 	EXP 	text: autoDraw = True
1305.7902 	EXP 	textbox: autoDraw = True
1305.9349 	DATA 	Keypress: 4
1305.9483 	EXP 	Device response: <KeyPress from None: t=1305.9340417000058, value=4, duration=None>
1306.0154 	EXP 	Device response: <KeyPress from None: t=1305.9340417000058, value=4, duration=0.07297060001292266>
1306.7710 	DATA 	Keypress: 3
1306.7807 	EXP 	Device response: <KeyPress from None: t=1306.7696103000198, value=3, duration=None>
1306.8810 	EXP 	Device response: <KeyPress from None: t=1306.7696103000198, value=3, duration=0.09959379999781959>
1307.9644 	DATA 	Keypress: 8
1307.9657 	EXP 	Device response: <KeyPress from None: t=1307.9572674999945, value=8, duration=None>
1308.2139 	EXP 	Device response: <KeyPress from None: t=1307.9572674999945, value=8, duration=0.2435976000269875>
1309.0858 	DATA 	Mouse: Left button down, pos=(928,234)
1309.0977 	EXP 	New trial (rep=17, index=5): <Trial 209 (5 in rep 17) data={'delay': 0.1, 'freq': 1000, 'condition': 'exp', 'thisN': 209, 'thisTrialN': 5, 'thisRepN': 17}>
1309.1134 	EXP 	text: autoDraw = False
1309.1134 	EXP 	textbox: autoDraw = False
1309.1134 	EXP 	polygon: autoDraw = True
1309.3148 	DATA 	Mouse:  Left button up, pos=(928,234)
1309.6816 	DATA 	Keypress: space
1309.6968 	EXP 	Device response: <KeyPress from None: t=1309.6807001999987, value=space, duration=None>
1309.7965 	EXP 	Device response: <KeyPress from None: t=1305.0715227000182, value=space, duration=4.714938899996923>
1310.1133 	INFO 	Keyboard events cleared
1310.1131 	EXP 	polygon: autoDraw = False
1310.1131 	EXP 	polygon_2: autoDraw = True
1331.0063 	EXP 	Device response: <KeyPress from None: t=1330.995330900012, value=space, duration=None>
1331.0083 	DATA 	Keypress: space
1331.0226 	EXP 	polygon: autoDraw = False
1331.0226 	EXP 	polygon_2: autoDraw = False
1331.0894 	EXP 	Sound sound_1 reached end of file
1331.1058 	EXP 	Playing sound sound_1 on speaker Speaker (Realtek(R) Audio)
1331.1230 	EXP 	Device response: <KeyPress from None: t=1309.6807001999987, value=space, duration=21.43186440001591>
1331.4021 	EXP 	Sound sound_1 stopped
1331.4109 	EXP 	text: autoDraw = True
1331.4109 	EXP 	textbox: autoDraw = True
1332.4398 	DATA 	Keypress: 1
1332.4416 	EXP 	Device response: <KeyPress from None: t=1332.4384188000113, value=1, duration=None>
1332.5399 	EXP 	Device response: <KeyPress from None: t=1332.4384188000113, value=1, duration=0.09952719998545945>
1332.6559 	DATA 	Keypress: 2
1332.6566 	EXP 	Device response: <KeyPress from None: t=1332.6455516999995, value=2, duration=None>
1332.7404 	EXP 	Device response: <KeyPress from None: t=1332.6455516999995, value=2, duration=0.08951710001565516>
1332.8284 	DATA 	Keypress: 3
1332.8399 	EXP 	Device response: <KeyPress from None: t=1332.8270077000197, value=3, duration=None>
1332.9390 	EXP 	Device response: <KeyPress from None: t=1332.8270077000197, value=3, duration=0.09582579997368157>
1334.2724 	DATA 	Mouse: Left button down, pos=(928,234)
1334.2728 	EXP 	New trial (rep=17, index=6): <Trial 210 (6 in rep 17) data={'delay': 0.1, 'freq': 1000, 'condition': 'exp', 'thisN': 210, 'thisTrialN': 6, 'thisRepN': 17}>
1334.2885 	EXP 	text: autoDraw = False
1334.2885 	EXP 	textbox: autoDraw = False
1334.2885 	EXP 	polygon: autoDraw = True
1334.5063 	DATA 	Mouse:  Left button up, pos=(928,234)
1335.2878 	INFO 	Keyboard events cleared
1335.2876 	EXP 	polygon: autoDraw = False
1335.2876 	EXP 	polygon_2: autoDraw = True
1335.5383 	EXP 	Device response: <KeyPress from None: t=1335.525395900011, value=space, duration=None>
1335.5404 	DATA 	Keypress: space
1335.5545 	EXP 	polygon: autoDraw = False
1335.5545 	EXP 	polygon_2: autoDraw = False
1335.5882 	EXP 	Device response: <KeyPress from None: t=1330.995330900012, value=space, duration=4.591778900008649>
1335.6211 	EXP 	Sound sound_1 reached end of file
1335.6375 	EXP 	Playing sound sound_1 on speaker Speaker (Realtek(R) Audio)
1335.9317 	EXP 	Sound sound_1 stopped
1335.9402 	EXP 	text: autoDraw = True
1335.9402 	EXP 	textbox: autoDraw = True
1339.2042 	DATA 	Keypress: 7
1339.2048 	EXP 	Device response: <KeyPress from None: t=1339.2026160999958, value=7, duration=None>
1339.3216 	DATA 	Keypress: 9
1339.3234 	EXP 	Device response: <KeyPress from None: t=1339.3121470000187, value=9, duration=None>
1339.3235 	EXP 	Device response: <KeyPress from None: t=1339.2026160999958, value=7, duration=0.11804339999798685>
1339.4039 	DATA 	Keypress: 8
1339.4061 	EXP 	Device response: <KeyPress from None: t=1339.4014672000194, value=8, duration=None>
1339.4368 	EXP 	Device response: <KeyPress from None: t=1339.3121470000187, value=9, duration=0.11101239998242818>
1339.5045 	EXP 	Device response: <KeyPress from None: t=1339.4014672000194, value=8, duration=0.0994527000002563>
1341.2912 	DATA 	Mouse: Left button down, pos=(928,234)
1341.3035 	EXP 	New trial (rep=17, index=7): <Trial 211 (7 in rep 17) data={'delay': 0.4, 'freq': 1000, 'condition': 'exp', 'thisN': 211, 'thisTrialN': 7, 'thisRepN': 17}>
1341.3190 	EXP 	text: autoDraw = False
1341.3190 	EXP 	textbox: autoDraw = False
1341.3190 	EXP 	polygon: autoDraw = True
1341.5205 	DATA 	Mouse:  Left button up, pos=(928,234)
1342.3191 	INFO 	Keyboard events cleared
1342.3189 	EXP 	polygon: autoDraw = False
1342.3189 	EXP 	polygon_2: autoDraw = True
1344.5353 	EXP 	Device response: <KeyPress from None: t=1344.5283624000149, value=space, duration=None>
1344.5375 	DATA 	Keypress: space
1344.5513 	EXP 	polygon: autoDraw = False
1344.5513 	EXP 	polygon_2: autoDraw = False
1344.6352 	EXP 	Device response: <KeyPress from None: t=1335.525395900011, value=space, duration=9.103520500008017>
1344.9183 	EXP 	Sound sound_1 reached end of file
1344.9346 	EXP 	Playing sound sound_1 on speaker Speaker (Realtek(R) Audio)
1345.2325 	EXP 	Sound sound_1 stopped
1345.2401 	EXP 	text: autoDraw = True
1345.2401 	EXP 	textbox: autoDraw = True
1345.4186 	DATA 	Keypress: 3
1345.4193 	EXP 	Device response: <KeyPress from None: t=1345.4066789000062, value=3, duration=None>
1345.5184 	EXP 	Device response: <KeyPress from None: t=1345.4066789000062, value=3, duration=0.09887710001203232>
1345.6182 	DATA 	Keypress: 3
1345.6193 	EXP 	Device response: <KeyPress from None: t=1345.6137640000088, value=3, duration=None>
1345.7194 	EXP 	Device response: <KeyPress from None: t=1345.6137640000088, value=3, duration=0.09540879999985918>
1345.8516 	DATA 	Keypress: 2
1345.8536 	EXP 	Device response: <KeyPress from None: t=1345.8449265999952, value=2, duration=None>
1345.9357 	EXP 	Device response: <KeyPress from None: t=1345.8449265999952, value=2, duration=0.08953450000262819>
1352.9491 	DATA 	Mouse: Left button down, pos=(928,234)
1352.9499 	EXP 	New trial (rep=17, index=8): <Trial 212 (8 in rep 17) data={'delay': 0.4, 'freq': 400, 'condition': 'unexp', 'thisN': 212, 'thisTrialN': 8, 'thisRepN': 17}>
1352.9653 	EXP 	text: autoDraw = False
1352.9653 	EXP 	textbox: autoDraw = False
1352.9653 	EXP 	polygon: autoDraw = True
1353.1670 	DATA 	Mouse:  Left button up, pos=(928,234)
1353.9650 	INFO 	Keyboard events cleared
1353.9649 	EXP 	polygon: autoDraw = False
1353.9649 	EXP 	polygon_2: autoDraw = True
1354.6984 	EXP 	Device response: <KeyPress from None: t=1354.6866725000145, value=space, duration=None>
1354.7005 	DATA 	Keypress: space
1354.7145 	EXP 	polygon: autoDraw = False
1354.7145 	EXP 	polygon_2: autoDraw = False
1354.7482 	EXP 	Device response: <KeyPress from None: t=1344.5283624000149, value=space, duration=10.214480800001184>
1355.0813 	EXP 	Sound sound_1 reached end of file
1355.0976 	EXP 	Playing sound sound_1 on speaker Speaker (Realtek(R) Audio)
1355.3946 	EXP 	Sound sound_1 stopped
1355.4028 	EXP 	text: autoDraw = True
1355.4028 	EXP 	textbox: autoDraw = True
1360.1813 	DATA 	Keypress: 3
1360.1820 	EXP 	Device response: <KeyPress from None: t=1360.180224300013, value=3, duration=None>
1360.2471 	EXP 	Device response: <KeyPress from None: t=1360.180224300013, value=3, duration=0.06120019999798387>
1361.2630 	DATA 	Keypress: 4
1361.2646 	EXP 	Device response: <KeyPress from None: t=1361.2551958000113, value=4, duration=None>
1361.4126 	EXP 	Device response: <KeyPress from None: t=1361.2551958000113, value=4, duration=0.14444489998277277>
1361.5629 	DATA 	Keypress: 5
1361.5649 	EXP 	Device response: <KeyPress from None: t=1361.55749810001, value=5, duration=None>
1361.6624 	EXP 	Device response: <KeyPress from None: t=1361.55749810001, value=5, duration=0.08901999998488463>
1364.5119 	DATA 	Mouse: Left button down, pos=(928,234)
1364.5127 	EXP 	New trial (rep=17, index=9): <Trial 213 (9 in rep 17) data={'delay': 0.7, 'freq': 400, 'condition': 'unexp', 'thisN': 213, 'thisTrialN': 9, 'thisRepN': 17}>
1364.5279 	EXP 	text: autoDraw = False
1364.5279 	EXP 	textbox: autoDraw = False
1364.5279 	EXP 	polygon: autoDraw = True
1364.7467 	DATA 	Mouse:  Left button up, pos=(928,234)
1365.5278 	INFO 	Keyboard events cleared
1365.5277 	EXP 	polygon: autoDraw = False
1365.5277 	EXP 	polygon_2: autoDraw = True
1388.3705 	EXP 	Device response: <KeyPress from None: t=1388.3677018000162, value=space, duration=None>
1388.3727 	DATA 	Keypress: space
1388.3865 	EXP 	polygon: autoDraw = False
1388.3865 	EXP 	polygon_2: autoDraw = False
1388.4369 	EXP 	Device response: <KeyPress from None: t=1354.6866725000145, value=space, duration=33.74275929998839>
1389.0702 	EXP 	Sound sound_1 reached end of file
1389.0865 	EXP 	Playing sound sound_1 on speaker Speaker (Realtek(R) Audio)
1389.3830 	EXP 	Sound sound_1 stopped
1389.3907 	EXP 	text: autoDraw = True
1389.3907 	EXP 	textbox: autoDraw = True
1390.0364 	DATA 	Keypress: 6
1390.0376 	EXP 	Device response: <KeyPress from None: t=1390.0356769000064, value=6, duration=None>
1390.1716 	EXP 	Device response: <KeyPress from None: t=1390.0356769000064, value=6, duration=0.13386530001298524>
1390.2198 	DATA 	Keypress: 7
1390.2209 	EXP 	Device response: <KeyPress from None: t=1390.2126763999986, value=7, duration=None>
1390.3546 	EXP 	Device response: <KeyPress from None: t=1390.2126763999986, value=7, duration=0.1401010999979917>
1390.4530 	DATA 	Keypress: 4
1390.4553 	EXP 	Device response: <KeyPress from None: t=1390.4513398999989, value=4, duration=None>
1390.5547 	EXP 	Device response: <KeyPress from None: t=1390.4513398999989, value=4, duration=0.09710509999422356>
1391.6863 	DATA 	Mouse: Left button down, pos=(928,234)
1391.6870 	EXP 	New trial (rep=17, index=10): <Trial 214 (10 in rep 17) data={'delay': 0.7, 'freq': 1000, 'condition': 'exp', 'thisN': 214, 'thisTrialN': 10, 'thisRepN': 17}>
1391.7020 	EXP 	text: autoDraw = False
1391.7020 	EXP 	textbox: autoDraw = False
1391.7020 	EXP 	polygon: autoDraw = True
1391.9208 	DATA 	Mouse:  Left button up, pos=(928,234)
1392.3856 	EXP 	Device response: <KeyPress from None: t=1392.3754271999933, value=space, duration=None>
1392.3867 	DATA 	Keypress: space
1392.4690 	EXP 	Device response: <KeyPress from None: t=1388.3677018000162, value=space, duration=4.098534499993548>
1392.7021 	INFO 	Keyboard events cleared
1392.7019 	EXP 	polygon: autoDraw = False
1392.7019 	EXP 	polygon_2: autoDraw = True
1393.0187 	EXP 	Device response: <KeyPress from None: t=1393.004123199993, value=space, duration=None>
1393.0208 	DATA 	Keypress: space
1393.0351 	EXP 	polygon: autoDraw = False
1393.0351 	EXP 	polygon_2: autoDraw = False
1393.0694 	EXP 	Device response: <KeyPress from None: t=1392.3754271999933, value=space, duration=0.6917840000241995>
1393.7017 	EXP 	Sound sound_1 reached end of file
1393.7180 	EXP 	Playing sound sound_1 on speaker Speaker (Realtek(R) Audio)
1394.0192 	EXP 	Sound sound_1 stopped
1394.0261 	EXP 	text: autoDraw = True
1394.0261 	EXP 	textbox: autoDraw = True
1394.2349 	DATA 	Keypress: 1
1394.2356 	EXP 	Device response: <KeyPress from None: t=1394.2279474000097, value=1, duration=None>
1394.3531 	EXP 	Device response: <KeyPress from None: t=1394.2279474000097, value=1, duration=0.12254620000021532>
1394.4068 	DATA 	Keypress: 1
1394.4186 	EXP 	Device response: <KeyPress from None: t=1394.4057500000054, value=1, duration=None>
1394.5516 	EXP 	Device response: <KeyPress from None: t=1394.4057500000054, value=1, duration=0.13343620000523515>
1395.2688 	DATA 	Keypress: 2
1395.2699 	EXP 	Device response: <KeyPress from None: t=1395.2623025000212, value=2, duration=None>
1395.4684 	EXP 	Device response: <KeyPress from None: t=1395.2623025000212, value=2, duration=0.19459919998189434>
1401.5025 	DATA 	Mouse: Left button down, pos=(928,234)
1401.5161 	EXP 	New trial (rep=17, index=11): <Trial 215 (11 in rep 17) data={'delay': 0.1, 'freq': 1000, 'condition': 'exp', 'thisN': 215, 'thisTrialN': 11, 'thisRepN': 17}>
1401.5321 	EXP 	text: autoDraw = False
1401.5321 	EXP 	textbox: autoDraw = False
1401.5321 	EXP 	polygon: autoDraw = True
1401.7336 	DATA 	Mouse:  Left button up, pos=(928,234)
1402.5153 	INFO 	Keyboard events cleared
1402.5151 	EXP 	polygon_2: autoDraw = True
1402.5319 	EXP 	polygon: autoDraw = False
1403.2988 	EXP 	Device response: <KeyPress from None: t=1403.2864991000097, value=9, duration=None>
1403.2999 	DATA 	Keypress: 9
1403.4987 	EXP 	Device response: <KeyPress from None: t=1403.2864991000097, value=9, duration=0.19880310000735335>
1403.5986 	EXP 	Device response: <KeyPress from None: t=1403.5931090000086, value=8, duration=None>
1403.5997 	DATA 	Keypress: 8
1403.7651 	EXP 	Device response: <KeyPress from None: t=1403.5931090000086, value=8, duration=0.17116920000989921>
1404.1813 	EXP 	Device response: <KeyPress from None: t=1404.1798050000216, value=space, duration=None>
1404.1827 	DATA 	Keypress: space
1404.1979 	EXP 	polygon: autoDraw = False
1404.1979 	EXP 	polygon_2: autoDraw = False
1404.2646 	EXP 	Sound sound_1 reached end of file
1404.2810 	EXP 	Playing sound sound_1 on speaker Speaker (Realtek(R) Audio)
1404.2983 	EXP 	Device response: <KeyPress from None: t=1393.004123199993, value=space, duration=11.287815700023202>
1404.5796 	EXP 	Sound sound_1 stopped
1404.5877 	EXP 	text: autoDraw = True
1404.5877 	EXP 	textbox: autoDraw = True
1405.4352 	DATA 	Keypress: 6
1405.4482 	EXP 	Device response: <KeyPress from None: t=1405.4342775999976, value=6, duration=None>
1405.5496 	EXP 	Device response: <KeyPress from None: t=1405.4342775999976, value=6, duration=0.11176830000476912>
1405.6482 	DATA 	Keypress: 5
1405.6506 	EXP 	Device response: <KeyPress from None: t=1405.646329900017, value=5, duration=None>
1405.7648 	EXP 	Device response: <KeyPress from None: t=1405.646329900017, value=5, duration=0.1129081999824848>
1405.8644 	DATA 	Keypress: 3
1405.8657 	EXP 	Device response: <KeyPress from None: t=1405.8613151000172, value=3, duration=None>
1405.9824 	EXP 	Device response: <KeyPress from None: t=1405.8613151000172, value=3, duration=0.11043609998887405>
1406.9642 	DATA 	Mouse: Left button down, pos=(928,234)
1406.9648 	EXP 	New trial (rep=18, index=0): <Trial 216 (0 in rep 18) data={'delay': 0.7, 'freq': 1000, 'condition': 'exp', 'thisN': 216, 'thisTrialN': 0, 'thisRepN': 18}>
1406.9803 	EXP 	text: autoDraw = False
1406.9803 	EXP 	textbox: autoDraw = False
1406.9803 	EXP 	polygon: autoDraw = True
1407.1825 	DATA 	Mouse:  Left button up, pos=(928,234)
1407.9805 	INFO 	Keyboard events cleared
1407.9803 	EXP 	polygon: autoDraw = False
1407.9803 	EXP 	polygon_2: autoDraw = True
1413.2448 	EXP 	Device response: <KeyPress from None: t=1413.2428458000068, value=space, duration=None>
1413.2459 	DATA 	Keypress: space
1413.2614 	EXP 	polygon: autoDraw = False
1413.2614 	EXP 	polygon_2: autoDraw = False
1413.4283 	EXP 	Device response: <KeyPress from None: t=1404.1798050000216, value=space, duration=9.246291499992367>
1413.9284 	EXP 	Sound sound_1 reached end of file
1413.9447 	EXP 	Playing sound sound_1 on speaker Speaker (Realtek(R) Audio)
1414.2401 	EXP 	Sound sound_1 stopped
1414.2470 	EXP 	text: autoDraw = True
1414.2470 	EXP 	textbox: autoDraw = True
1415.4144 	DATA 	Keypress: 5
1415.4278 	EXP 	Device response: <KeyPress from None: t=1415.4123900000122, value=5, duration=None>
1415.5289 	EXP 	Device response: <KeyPress from None: t=1415.4123900000122, value=5, duration=0.10723299998790026>
1415.6326 	DATA 	Keypress: 6
1415.6448 	EXP 	Device response: <KeyPress from None: t=1415.6310331000132, value=6, duration=None>
1415.7444 	EXP 	Device response: <KeyPress from None: t=1415.6310331000132, value=6, duration=0.09975570000824519>
1415.9279 	DATA 	Keypress: 8
1415.9299 	EXP 	Device response: <KeyPress from None: t=1415.917904300004, value=8, duration=None>
1416.0282 	EXP 	Device response: <KeyPress from None: t=1415.917904300004, value=8, duration=0.10019630001625046>
1417.3108 	DATA 	Mouse: Left button down, pos=(928,234)
1417.3118 	EXP 	New trial (rep=18, index=1): <Trial 217 (1 in rep 18) data={'delay': 0.7, 'freq': 1000, 'condition': 'exp', 'thisN': 217, 'thisTrialN': 1, 'thisRepN': 18}>
1417.3268 	EXP 	text: autoDraw = False
1417.3268 	EXP 	textbox: autoDraw = False
1417.3268 	EXP 	polygon: autoDraw = True
1417.5288 	DATA 	Mouse:  Left button up, pos=(928,234)
1418.3267 	INFO 	Keyboard events cleared
1418.3266 	EXP 	polygon: autoDraw = False
1418.3266 	EXP 	polygon_2: autoDraw = True
1418.9934 	EXP 	Device response: <KeyPress from None: t=1418.9790708000073, value=space, duration=None>
1418.9957 	DATA 	Keypress: space
1419.0096 	EXP 	polygon: autoDraw = False
1419.0096 	EXP 	polygon_2: autoDraw = False
1419.0764 	EXP 	Device response: <KeyPress from None: t=1413.2428458000068, value=space, duration=5.831160600006115>
1419.6764 	EXP 	Sound sound_1 reached end of file
1419.6927 	EXP 	Playing sound sound_1 on speaker Speaker (Realtek(R) Audio)
1419.9929 	EXP 	Sound sound_1 stopped
1420.0039 	EXP 	text: autoDraw = True
1420.0039 	EXP 	textbox: autoDraw = True
1420.9141 	DATA 	Keypress: 2
1420.9259 	EXP 	Device response: <KeyPress from None: t=1420.9128799000173, value=2, duration=None>
1421.0108 	EXP 	Device response: <KeyPress from None: t=1420.9128799000173, value=2, duration=0.09628289999091066>
1421.0925 	DATA 	Keypress: 2
1421.0941 	EXP 	Device response: <KeyPress from None: t=1421.0906185000204, value=2, duration=None>
1421.1939 	EXP 	Device response: <KeyPress from None: t=1421.0906185000204, value=2, duration=0.09330689997295849>
1421.3091 	DATA 	Keypress: 1
1421.3101 	EXP 	Device response: <KeyPress from None: t=1421.2992886000138, value=1, duration=None>
1421.3939 	EXP 	Device response: <KeyPress from None: t=1421.2992886000138, value=1, duration=0.08250869999756105>
1422.3757 	DATA 	Mouse: Left button down, pos=(928,234)
1422.3762 	EXP 	New trial (rep=18, index=2): <Trial 218 (2 in rep 18) data={'delay': 0.1, 'freq': 1000, 'condition': 'exp', 'thisN': 218, 'thisTrialN': 2, 'thisRepN': 18}>
1422.3919 	EXP 	text: autoDraw = False
1422.3919 	EXP 	textbox: autoDraw = False
1422.3919 	EXP 	polygon: autoDraw = True
1422.6100 	DATA 	Mouse:  Left button up, pos=(928,234)
1423.3915 	INFO 	Keyboard events cleared
1423.3913 	EXP 	polygon: autoDraw = False
1423.3913 	EXP 	polygon_2: autoDraw = True
1424.5748 	EXP 	Device response: <KeyPress from None: t=1424.5595136000193, value=space, duration=None>
1424.5775 	DATA 	Keypress: space
1424.5908 	EXP 	polygon: autoDraw = False
1424.5908 	EXP 	polygon_2: autoDraw = False
1424.6747 	EXP 	Sound sound_1 reached end of file
1424.6910 	EXP 	Playing sound sound_1 on speaker Speaker (Realtek(R) Audio)
1424.6750 	EXP 	Device response: <KeyPress from None: t=1418.9790708000073, value=space, duration=5.680789000005461>
1424.9907 	EXP 	Sound sound_1 stopped
1424.9990 	EXP 	text: autoDraw = True
1424.9990 	EXP 	textbox: autoDraw = True
1426.2080 	DATA 	Keypress: 9
1426.2102 	EXP 	Device response: <KeyPress from None: t=1426.1985136000148, value=9, duration=None>
1426.3593 	EXP 	Device response: <KeyPress from None: t=1426.1985136000148, value=9, duration=0.1493721999868285>
1426.5913 	DATA 	Keypress: 5
1426.5925 	EXP 	Device response: <KeyPress from None: t=1426.5836171999981, value=5, duration=None>
1426.6420 	EXP 	Device response: <KeyPress from None: t=1426.5836171999981, value=5, duration=0.05057580000720918>
1426.7920 	DATA 	Keypress: 5
1426.7934 	EXP 	Device response: <KeyPress from None: t=1426.789937900001, value=5, duration=None>
1426.8758 	EXP 	Device response: <KeyPress from None: t=1426.789937900001, value=5, duration=0.07952359999762848>
1427.6411 	DATA 	Mouse: Left button down, pos=(928,234)
1427.6418 	EXP 	New trial (rep=18, index=3): <Trial 219 (3 in rep 18) data={'delay': 0.1, 'freq': 1000, 'condition': 'exp', 'thisN': 219, 'thisTrialN': 3, 'thisRepN': 18}>
1427.6566 	EXP 	text: autoDraw = False
1427.6566 	EXP 	textbox: autoDraw = False
1427.6566 	EXP 	polygon: autoDraw = True
1427.8588 	DATA 	Mouse:  Left button up, pos=(928,234)
1428.6563 	INFO 	Keyboard events cleared
1428.6561 	EXP 	polygon: autoDraw = False
1428.6561 	EXP 	polygon_2: autoDraw = True
1429.4407 	DATA 	Mouse: Left button down, pos=(928,234)
1429.6743 	DATA 	Mouse:  Left button up, pos=(928,234)
1430.9724 	EXP 	Device response: <KeyPress from None: t=1430.97024710002, value=space, duration=None>
1430.9743 	DATA 	Keypress: space
1430.9889 	EXP 	polygon: autoDraw = False
1430.9889 	EXP 	polygon_2: autoDraw = False
1431.0225 	EXP 	Device response: <KeyPress from None: t=1424.5595136000193, value=space, duration=6.461597099987557>
1431.0558 	EXP 	Sound sound_1 reached end of file
1431.0721 	EXP 	Playing sound sound_1 on speaker Speaker (Realtek(R) Audio)
1431.3713 	EXP 	Sound sound_1 stopped
1431.3786 	EXP 	text: autoDraw = True
1431.3786 	EXP 	textbox: autoDraw = True
1432.4899 	DATA 	Keypress: 4
1432.4908 	EXP 	Device response: <KeyPress from None: t=1432.4800996000122, value=4, duration=None>
1432.5886 	EXP 	Device response: <KeyPress from None: t=1432.4800996000122, value=4, duration=0.09617509998497553>
1432.6395 	DATA 	Keypress: 5
1432.6418 	EXP 	Device response: <KeyPress from None: t=1432.6384488000185, value=5, duration=None>
1432.7573 	EXP 	Device response: <KeyPress from None: t=1432.6384488000185, value=5, duration=0.11674349999520928>
1432.7885 	DATA 	Keypress: 9
1432.7894 	EXP 	Device response: <KeyPress from None: t=1432.7864607000083, value=9, duration=None>
1432.9390 	EXP 	Device response: <KeyPress from None: t=1432.7864607000083, value=9, duration=0.13876430000527762>
1434.3599 	DATA 	Mouse: Left button down, pos=(928,234)
1434.3717 	EXP 	New trial (rep=18, index=4): <Trial 220 (4 in rep 18) data={'delay': 0.4, 'freq': 1000, 'condition': 'exp', 'thisN': 220, 'thisTrialN': 4, 'thisRepN': 18}>
1434.3876 	EXP 	text: autoDraw = False
1434.3876 	EXP 	textbox: autoDraw = False
1434.3876 	EXP 	polygon: autoDraw = True
1434.6062 	DATA 	Mouse:  Left button up, pos=(928,234)
1434.9381 	EXP 	Device response: <KeyPress from None: t=1434.9285978999978, value=space, duration=None>
1434.9392 	DATA 	Keypress: space
1434.9881 	EXP 	Device response: <KeyPress from None: t=1430.97024710002, value=space, duration=4.014095799997449>
1435.3707 	INFO 	Keyboard events cleared
1435.3706 	EXP 	polygon_2: autoDraw = True
1435.3871 	EXP 	polygon: autoDraw = False
1435.5044 	EXP 	Device response: <KeyPress from None: t=1435.4954375000088, value=space, duration=None>
1435.5065 	DATA 	Keypress: space
1435.5205 	EXP 	polygon: autoDraw = False
1435.5205 	EXP 	polygon_2: autoDraw = False
1435.5545 	EXP 	Device response: <KeyPress from None: t=1434.9285978999978, value=space, duration=0.6172944999998435>
1435.8876 	EXP 	Sound sound_1 reached end of file
1435.9039 	EXP 	Playing sound sound_1 on speaker Speaker (Realtek(R) Audio)
1436.2007 	EXP 	Sound sound_1 stopped
1436.2074 	EXP 	text: autoDraw = True
1436.2074 	EXP 	textbox: autoDraw = True
1437.2050 	DATA 	Keypress: 6
1437.2058 	EXP 	Device response: <KeyPress from None: t=1437.2043928000203, value=6, duration=None>
1437.3053 	EXP 	Device response: <KeyPress from None: t=1437.2043928000203, value=6, duration=0.09517019998747855>
1437.3740 	DATA 	Keypress: 7
1437.3871 	EXP 	Device response: <KeyPress from None: t=1437.3719753000187, value=7, duration=None>
1437.4712 	EXP 	Device response: <KeyPress from None: t=1437.3719753000187, value=7, duration=0.08895589999156073>
1437.5203 	DATA 	Keypress: 9
1437.5227 	EXP 	Device response: <KeyPress from None: t=1437.5172731000057, value=9, duration=None>
1437.6209 	EXP 	Device response: <KeyPress from None: t=1437.5172731000057, value=9, duration=0.09612520001246594>
1438.3367 	DATA 	Keypress: backspace
1438.3379 	EXP 	Device response: <KeyPress from None: t=1438.3341970000183, value=backspace, duration=None>
1438.4867 	EXP 	Device response: <KeyPress from None: t=1438.3341970000183, value=backspace, duration=0.13867029998800717>
1439.0700 	DATA 	Keypress: 2
1439.0722 	EXP 	Device response: <KeyPress from None: t=1439.068441600015, value=2, duration=None>
1439.1877 	EXP 	Device response: <KeyPress from None: t=1439.068441600015, value=2, duration=0.10556090000318363>
1440.0865 	DATA 	Mouse: Left button down, pos=(928,234)
1440.0872 	EXP 	New trial (rep=18, index=5): <Trial 221 (5 in rep 18) data={'delay': 0.4, 'freq': 1000, 'condition': 'exp', 'thisN': 221, 'thisTrialN': 5, 'thisRepN': 18}>
1440.1025 	EXP 	text: autoDraw = False
1440.1025 	EXP 	textbox: autoDraw = False
1440.1025 	EXP 	polygon: autoDraw = True
1440.3037 	DATA 	Mouse:  Left button up, pos=(928,234)
1441.1023 	INFO 	Keyboard events cleared
1441.1021 	EXP 	polygon: autoDraw = False
1441.1021 	EXP 	polygon_2: autoDraw = True
1443.9517 	EXP 	Device response: <KeyPress from None: t=1443.9366928999953, value=space, duration=None>
1443.9539 	DATA 	Keypress: space
1443.9678 	EXP 	polygon: autoDraw = False
1443.9678 	EXP 	polygon_2: autoDraw = False
1444.0849 	EXP 	Device response: <KeyPress from None: t=1435.4954375000088, value=space, duration=8.58000690001063>
1444.3346 	EXP 	Sound sound_1 reached end of file
1444.3510 	EXP 	Playing sound sound_1 on speaker Speaker (Realtek(R) Audio)
1444.6514 	EXP 	Sound sound_1 stopped
1444.6598 	EXP 	text: autoDraw = True
1444.6598 	EXP 	textbox: autoDraw = True
1445.5508 	DATA 	Keypress: 2
1445.5515 	EXP 	Device response: <KeyPress from None: t=1445.5466213000182, value=2, duration=None>
1445.6523 	EXP 	Device response: <KeyPress from None: t=1445.5466213000182, value=2, duration=0.09538079999038018>
1445.7343 	DATA 	Keypress: 1
1445.7357 	EXP 	Device response: <KeyPress from None: t=1445.731660599995, value=1, duration=None>
1445.8349 	EXP 	Device response: <KeyPress from None: t=1445.731660599995, value=1, duration=0.10149210001691245>
1445.9868 	DATA 	Keypress: 3
1446.0010 	EXP 	Device response: <KeyPress from None: t=1445.985759800009, value=3, duration=None>
1446.1009 	EXP 	Device response: <KeyPress from None: t=1445.985759800009, value=3, duration=0.09891629999037832>
1446.8508 	DATA 	Mouse: Left button down, pos=(928,234)
1446.8515 	EXP 	New trial (rep=18, index=6): <Trial 222 (6 in rep 18) data={'delay': 0.1, 'freq': 400, 'condition': 'unexp', 'thisN': 222, 'thisTrialN': 6, 'thisRepN': 18}>
1446.8669 	EXP 	text: autoDraw = False
1446.8669 	EXP 	textbox: autoDraw = False
1446.8669 	EXP 	polygon: autoDraw = True
1447.0852 	DATA 	Mouse:  Left button up, pos=(928,234)
1447.8668 	INFO 	Keyboard events cleared
1447.8666 	EXP 	polygon: autoDraw = False
1447.8666 	EXP 	polygon_2: autoDraw = True
1449.0497 	EXP 	Device response: <KeyPress from None: t=1449.0472756999952, value=space, duration=None>
1449.0518 	DATA 	Keypress: space
1449.0662 	EXP 	polygon: autoDraw = False
1449.0662 	EXP 	polygon_2: autoDraw = False
1449.1330 	EXP 	Sound sound_1 reached end of file
1449.1493 	EXP 	Playing sound sound_1 on speaker Speaker (Realtek(R) Audio)
1449.1665 	EXP 	Device response: <KeyPress from None: t=1443.9366928999953, value=space, duration=5.2219029999978375>
1449.4511 	EXP 	Sound sound_1 stopped
1449.4586 	EXP 	text: autoDraw = True
1449.4586 	EXP 	textbox: autoDraw = True
1450.2498 	DATA 	Keypress: 7
1450.2505 	EXP 	Device response: <KeyPress from None: t=1450.246368299995, value=7, duration=None>
1450.3500 	EXP 	Device response: <KeyPress from None: t=1450.246368299995, value=7, duration=0.1013616000127513>
1450.4540 	DATA 	Keypress: 5
1450.4659 	EXP 	Device response: <KeyPress from None: t=1450.4500744999968, value=5, duration=None>
1450.5665 	EXP 	Device response: <KeyPress from None: t=1450.4500744999968, value=5, duration=0.11071690000244416>
1450.6662 	DATA 	Keypress: 4
1450.6679 	EXP 	Device response: <KeyPress from None: t=1450.6607192000083, value=4, duration=None>
1450.7836 	EXP 	Device response: <KeyPress from None: t=1450.6607192000083, value=4, duration=0.11891499999910593>
1452.0823 	DATA 	Mouse: Left button down, pos=(928,234)
1452.0830 	EXP 	New trial (rep=18, index=7): <Trial 223 (7 in rep 18) data={'delay': 0.7, 'freq': 1000, 'condition': 'exp', 'thisN': 223, 'thisTrialN': 7, 'thisRepN': 18}>
1452.0983 	EXP 	text: autoDraw = False
1452.0983 	EXP 	textbox: autoDraw = False
1452.0983 	EXP 	polygon: autoDraw = True
1452.3164 	DATA 	Mouse:  Left button up, pos=(928,234)
1453.0980 	INFO 	Keyboard events cleared
1453.0979 	EXP 	polygon: autoDraw = False
1453.0979 	EXP 	polygon_2: autoDraw = True
1453.6168 	DATA 	Keypress: space
1453.6315 	EXP 	Device response: <KeyPress from None: t=1453.615956099995, value=space, duration=None>
1453.6478 	EXP 	polygon: autoDraw = False
1453.6478 	EXP 	polygon_2: autoDraw = False
1453.7315 	EXP 	Device response: <KeyPress from None: t=1449.0472756999952, value=space, duration=4.668560500023887>
1454.3146 	EXP 	Sound sound_1 reached end of file
1454.3309 	EXP 	Playing sound sound_1 on speaker Speaker (Realtek(R) Audio)
1454.6342 	EXP 	Sound sound_1 stopped
1454.6408 	EXP 	text: autoDraw = True
1454.6408 	EXP 	textbox: autoDraw = True
1455.5526 	DATA 	Keypress: 7
1455.5645 	EXP 	Device response: <KeyPress from None: t=1455.548451300012, value=7, duration=None>
1455.6641 	EXP 	Device response: <KeyPress from None: t=1455.548451300012, value=7, duration=0.10091690000263043>
1455.7839 	DATA 	Keypress: 8
1455.7975 	EXP 	Device response: <KeyPress from None: t=1455.781604799995, value=8, duration=None>
1455.8977 	DATA 	Keypress: 6
1455.8990 	EXP 	Device response: <KeyPress from None: t=1455.8922172000166, value=6, duration=None>
1455.9318 	EXP 	Device response: <KeyPress from None: t=1455.781604799995, value=8, duration=0.13888710000901483>
1455.9649 	EXP 	Device response: <KeyPress from None: t=1455.8922172000166, value=6, duration=0.06914320000214502>
1456.8980 	DATA 	Mouse: Left button down, pos=(928,234)
1456.8988 	EXP 	New trial (rep=18, index=8): <Trial 224 (8 in rep 18) data={'delay': 0.7, 'freq': 400, 'condition': 'unexp', 'thisN': 224, 'thisTrialN': 8, 'thisRepN': 18}>
1456.9134 	EXP 	text: autoDraw = False
1456.9134 	EXP 	textbox: autoDraw = False
1456.9134 	EXP 	polygon: autoDraw = True
1457.1322 	DATA 	Mouse:  Left button up, pos=(928,234)
1457.9133 	INFO 	Keyboard events cleared
1457.9131 	EXP 	polygon: autoDraw = False
1457.9131 	EXP 	polygon_2: autoDraw = True
1459.2965 	EXP 	Device response: <KeyPress from None: t=1459.2934582000016, value=6, duration=None>
1459.2976 	DATA 	Keypress: 6
1459.3795 	EXP 	Device response: <KeyPress from None: t=1459.2934582000016, value=6, duration=0.07653630001004785>
1461.2467 	DATA 	Mouse: Left button down, pos=(928,234)
1461.4800 	DATA 	Mouse:  Left button up, pos=(928,234)
1462.0790 	EXP 	Device response: <KeyPress from None: t=1462.0744188000099, value=6, duration=None>
1462.0800 	DATA 	Keypress: 6
1462.1621 	EXP 	Device response: <KeyPress from None: t=1462.0744188000099, value=6, duration=0.08240179999847896>
1463.6616 	EXP 	Device response: <KeyPress from None: t=1463.6483158000046, value=space, duration=None>
1463.6638 	DATA 	Keypress: space
1463.6778 	EXP 	polygon: autoDraw = False
1463.6778 	EXP 	polygon_2: autoDraw = False
1463.7450 	EXP 	Device response: <KeyPress from None: t=1453.615956099995, value=space, duration=10.121325800020713>
1464.3448 	EXP 	Sound sound_1 reached end of file
1464.3611 	EXP 	Playing sound sound_1 on speaker Speaker (Realtek(R) Audio)
1464.6634 	EXP 	Sound sound_1 stopped
1464.6693 	EXP 	text: autoDraw = True
1464.6693 	EXP 	textbox: autoDraw = True
1464.9611 	DATA 	Keypress: 1
1464.9624 	EXP 	Device response: <KeyPress from None: t=1464.9599893999984, value=1, duration=None>
1465.0954 	EXP 	Device response: <KeyPress from None: t=1464.9599893999984, value=1, duration=0.12803880000137724>
1465.1803 	DATA 	Keypress: 2
1465.1950 	EXP 	Device response: <KeyPress from None: t=1465.180035700003, value=2, duration=None>
1465.2615 	EXP 	Device response: <KeyPress from None: t=1465.180035700003, value=2, duration=0.0781524000049103>
1465.3447 	DATA 	Keypress: 3
1465.3455 	EXP 	Device response: <KeyPress from None: t=1465.3408426000096, value=3, duration=None>
1465.4451 	EXP 	Device response: <KeyPress from None: t=1465.3408426000096, value=3, duration=0.0939729000092484>
1466.3106 	DATA 	Mouse: Left button down, pos=(928,234)
1466.3112 	EXP 	New trial (rep=18, index=9): <Trial 225 (9 in rep 18) data={'delay': 0.1, 'freq': 1000, 'condition': 'exp', 'thisN': 225, 'thisTrialN': 9, 'thisRepN': 18}>
1466.3275 	EXP 	text: autoDraw = False
1466.3275 	EXP 	textbox: autoDraw = False
1466.3275 	EXP 	polygon: autoDraw = True
1466.5284 	DATA 	Mouse:  Left button up, pos=(928,234)
1467.3268 	INFO 	Keyboard events cleared
1467.3266 	EXP 	polygon: autoDraw = False
1467.3266 	EXP 	polygon_2: autoDraw = True
1469.6594 	EXP 	Device response: <KeyPress from None: t=1469.6585385999933, value=8, duration=None>
1469.6605 	DATA 	Keypress: 8
1469.7596 	EXP 	Device response: <KeyPress from None: t=1469.6585385999933, value=8, duration=0.09325850001187064>
1469.7759 	EXP 	Device response: <KeyPress from None: t=1469.7621601000137, value=9, duration=None>
1469.7768 	DATA 	Keypress: 9
1469.9263 	EXP 	Device response: <KeyPress from None: t=1469.7621601000137, value=9, duration=0.16078959999140352>
1470.3760 	EXP 	Device response: <KeyPress from None: t=1470.3679420000117, value=space, duration=None>
1470.3780 	DATA 	Keypress: space
1470.3923 	EXP 	polygon: autoDraw = False
1470.3923 	EXP 	polygon_2: autoDraw = False
1470.4592 	EXP 	Sound sound_1 reached end of file
1470.4755 	EXP 	Playing sound sound_1 on speaker Speaker (Realtek(R) Audio)
1470.4595 	EXP 	Device response: <KeyPress from None: t=1463.6483158000046, value=space, duration=6.797374100016896>
1470.7722 	EXP 	Sound sound_1 stopped
1470.7808 	EXP 	text: autoDraw = True
1470.7808 	EXP 	textbox: autoDraw = True
1471.1959 	DATA 	Keypress: 7
1471.2100 	EXP 	Device response: <KeyPress from None: t=1471.1936661000072, value=7, duration=None>
1471.3113 	EXP 	Device response: <KeyPress from None: t=1471.1936661000072, value=7, duration=0.10741029999917373>
1471.4759 	DATA 	Keypress: 5
1471.4784 	EXP 	Device response: <KeyPress from None: t=1471.4643409000128, value=5, duration=None>
1471.5426 	EXP 	Device response: <KeyPress from None: t=1471.4643409000128, value=5, duration=0.06595620000734925>
1471.8293 	DATA 	Keypress: 4
1471.8420 	EXP 	Device response: <KeyPress from None: t=1471.8276053000009, value=4, duration=None>
1471.9263 	EXP 	Device response: <KeyPress from None: t=1471.8276053000009, value=4, duration=0.09490050000022165>
1473.2419 	DATA 	Mouse: Left button down, pos=(956,229)
1473.2425 	EXP 	New trial (rep=18, index=10): <Trial 226 (10 in rep 18) data={'delay': 0.4, 'freq': 1000, 'condition': 'exp', 'thisN': 226, 'thisTrialN': 10, 'thisRepN': 18}>
1473.2580 	EXP 	text: autoDraw = False
1473.2580 	EXP 	textbox: autoDraw = False
1473.2580 	EXP 	polygon: autoDraw = True
1473.4762 	DATA 	Mouse:  Left button up, pos=(956,229)
1474.2581 	INFO 	Keyboard events cleared
1474.2580 	EXP 	polygon: autoDraw = False
1474.2580 	EXP 	polygon_2: autoDraw = True
1475.2744 	EXP 	Device response: <KeyPress from None: t=1475.2728026999976, value=space, duration=None>
1475.2756 	DATA 	Keypress: space
1475.2902 	EXP 	polygon: autoDraw = False
1475.2902 	EXP 	polygon_2: autoDraw = False
1475.3239 	EXP 	Device response: <KeyPress from None: t=1470.3679420000117, value=space, duration=4.955549599981168>
1475.6573 	EXP 	Sound sound_1 reached end of file
1475.6737 	EXP 	Playing sound sound_1 on speaker Speaker (Realtek(R) Audio)
1475.9733 	EXP 	Sound sound_1 stopped
1475.9812 	EXP 	text: autoDraw = True
1475.9812 	EXP 	textbox: autoDraw = True
1476.9281 	DATA 	Keypress: 6
1476.9410 	EXP 	Device response: <KeyPress from None: t=1476.9268664999981, value=6, duration=None>
1477.0076 	EXP 	Device response: <KeyPress from None: t=1476.9268664999981, value=6, duration=0.07256640002015047>
1477.1117 	DATA 	Keypress: 8
1477.1239 	DATA 	Keypress: 5
1477.1252 	EXP 	Device response: <KeyPress from None: t=1477.1107154000201, value=8, duration=None>
1477.1253 	EXP 	Device response: <KeyPress from None: t=1477.1223872000119, value=5, duration=None>
1477.2086 	EXP 	Device response: <KeyPress from None: t=1477.1223872000119, value=5, duration=0.07899740000721067>
1477.2420 	EXP 	Device response: <KeyPress from None: t=1477.1107154000201, value=8, duration=0.1224336999875959>
1478.1739 	DATA 	Mouse: Left button down, pos=(956,229)
1478.4070 	DATA 	Mouse:  Left button up, pos=(956,229)
1478.7448 	DATA 	Mouse: Left button down, pos=(956,229)
1478.7572 	EXP 	New trial (rep=18, index=11): <Trial 227 (11 in rep 18) data={'delay': 0.4, 'freq': 400, 'condition': 'unexp', 'thisN': 227, 'thisTrialN': 11, 'thisRepN': 18}>
1478.7728 	EXP 	text: autoDraw = False
1478.7728 	EXP 	textbox: autoDraw = False
1478.7728 	EXP 	polygon: autoDraw = True
1478.9751 	DATA 	Mouse:  Left button up, pos=(956,229)
1479.5231 	EXP 	Device response: <KeyPress from None: t=1479.5196545000072, value=space, duration=None>
1479.5242 	DATA 	Keypress: space
1479.5897 	EXP 	Device response: <KeyPress from None: t=1475.2728026999976, value=space, duration=4.3031146000139415>
1479.7727 	INFO 	Keyboard events cleared
1479.7726 	EXP 	polygon: autoDraw = False
1479.7726 	EXP 	polygon_2: autoDraw = True
1480.9723 	EXP 	Device response: <KeyPress from None: t=1480.9635820999974, value=space, duration=None>
1480.9744 	DATA 	Keypress: space
1480.9887 	EXP 	polygon: autoDraw = False
1480.9887 	EXP 	polygon_2: autoDraw = False
1481.0391 	EXP 	Device response: <KeyPress from None: t=1479.5196545000072, value=space, duration=1.5053427999955602>
1481.3557 	EXP 	Sound sound_1 reached end of file
1481.3720 	EXP 	Playing sound sound_1 on speaker Speaker (Realtek(R) Audio)
1481.6705 	EXP 	Sound sound_1 stopped
1481.6781 	EXP 	text: autoDraw = True
1481.6781 	EXP 	textbox: autoDraw = True
1481.7556 	DATA 	Keypress: 8
1481.7568 	EXP 	Device response: <KeyPress from None: t=1481.7487504000019, value=8, duration=None>
1481.8404 	EXP 	Device response: <KeyPress from None: t=1481.7487504000019, value=8, duration=0.08202430000528693>
1481.9056 	DATA 	Keypress: 9
1481.9076 	EXP 	Device response: <KeyPress from None: t=1481.8980584999954, value=9, duration=None>
1482.0055 	DATA 	Keypress: 7
1482.0072 	EXP 	Device response: <KeyPress from None: t=1481.997592700005, value=7, duration=None>
1482.0223 	EXP 	Device response: <KeyPress from None: t=1481.8980584999954, value=9, duration=0.11189320002449676>
1482.0898 	EXP 	Device response: <KeyPress from None: t=1481.997592700005, value=7, duration=0.08398450000095181>
1482.9550 	DATA 	Mouse: Left button down, pos=(956,229)
1482.9556 	EXP 	New trial (rep=19, index=0): <Trial 228 (0 in rep 19) data={'delay': 0.1, 'freq': 400, 'condition': 'unexp', 'thisN': 228, 'thisTrialN': 0, 'thisRepN': 19}>
1482.9713 	EXP 	text: autoDraw = False
1482.9713 	EXP 	textbox: autoDraw = False
1482.9713 	EXP 	polygon: autoDraw = True
1483.1893 	DATA 	Mouse:  Left button up, pos=(956,229)
1483.5216 	EXP 	Device response: <KeyPress from None: t=1483.5137464000145, value=space, duration=None>
1483.5227 	DATA 	Keypress: space
1483.5716 	EXP 	Device response: <KeyPress from None: t=1480.9635820999974, value=space, duration=2.596088799997233>
1483.8383 	EXP 	Device response: <KeyPress from None: t=1483.8245106000104, value=space, duration=None>
1483.8394 	DATA 	Keypress: space
1483.8883 	EXP 	Device response: <KeyPress from None: t=1483.5137464000145, value=space, duration=0.35674879999714904>
1483.9711 	INFO 	Keyboard events cleared
1483.9709 	EXP 	polygon: autoDraw = False
1483.9709 	EXP 	polygon_2: autoDraw = True
1484.3211 	EXP 	Device response: <KeyPress from None: t=1484.3142816000036, value=space, duration=None>
1484.3231 	DATA 	Keypress: space
1484.3376 	EXP 	polygon: autoDraw = False
1484.3376 	EXP 	polygon_2: autoDraw = False
1484.3711 	EXP 	Device response: <KeyPress from None: t=1483.8245106000104, value=space, duration=0.5339328999980353>
1484.4046 	EXP 	Sound sound_1 reached end of file
1484.4209 	EXP 	Playing sound sound_1 on speaker Speaker (Realtek(R) Audio)
1484.7238 	EXP 	Sound sound_1 stopped
1484.7307 	EXP 	text: autoDraw = True
1484.7307 	EXP 	textbox: autoDraw = True
1485.2547 	DATA 	Keypress: 5
1485.2565 	EXP 	Device response: <KeyPress from None: t=1485.241658700019, value=5, duration=None>
1485.3220 	EXP 	Device response: <KeyPress from None: t=1485.241658700019, value=5, duration=0.07772569998633116>
1485.4066 	DATA 	Keypress: 6
1485.4207 	EXP 	Device response: <KeyPress from None: t=1485.4046781999932, value=6, duration=None>
1485.5048 	EXP 	Device response: <KeyPress from None: t=1485.4046781999932, value=6, duration=0.09448750002775341>
1485.5232 	DATA 	Keypress: 7
1485.5378 	EXP 	Device response: <KeyPress from None: t=1485.5223196000152, value=7, duration=None>
1485.6901 	EXP 	Device response: <KeyPress from None: t=1485.5223196000152, value=7, duration=0.16556459999992512>
1486.6410 	DATA 	Mouse: Left button down, pos=(956,229)
1486.6549 	EXP 	New trial (rep=19, index=1): <Trial 229 (1 in rep 19) data={'delay': 0.4, 'freq': 1000, 'condition': 'exp', 'thisN': 229, 'thisTrialN': 1, 'thisRepN': 19}>
1486.6703 	EXP 	text: autoDraw = False
1486.6703 	EXP 	textbox: autoDraw = False
1486.6703 	EXP 	polygon: autoDraw = True
1486.8552 	DATA 	Mouse:  Left button up, pos=(956,229)
1486.9216 	DATA 	Mouse: Left button down, pos=(956,229)
1487.0714 	DATA 	Mouse:  Left button up, pos=(956,229)
1487.2538 	EXP 	Device response: <KeyPress from None: t=1487.2475381999975, value=space, duration=None>
1487.2549 	DATA 	Keypress: space
1487.3204 	EXP 	Device response: <KeyPress from None: t=1484.3142816000036, value=space, duration=2.995101300009992>
1487.6702 	INFO 	Keyboard events cleared
1487.6701 	EXP 	polygon: autoDraw = False
1487.6701 	EXP 	polygon_2: autoDraw = True
1487.9202 	EXP 	Device response: <KeyPress from None: t=1487.9074551000085, value=space, duration=None>
1487.9223 	DATA 	Keypress: space
1487.9363 	EXP 	polygon: autoDraw = False
1487.9363 	EXP 	polygon_2: autoDraw = False
1487.9703 	EXP 	Device response: <KeyPress from None: t=1487.2475381999975, value=space, duration=0.7068156000168528>
1488.3034 	EXP 	Sound sound_1 reached end of file
1488.3197 	EXP 	Playing sound sound_1 on speaker Speaker (Realtek(R) Audio)
1488.6116 	EXP 	Sound sound_1 stopped
1488.6199 	EXP 	text: autoDraw = True
1488.6199 	EXP 	textbox: autoDraw = True
1488.8380 	DATA 	Keypress: 2
1488.8393 	EXP 	Device response: <KeyPress from None: t=1488.836819100019, value=2, duration=None>
1488.9378 	EXP 	Device response: <KeyPress from None: t=1488.836819100019, value=2, duration=0.0890802999783773>
1489.0032 	DATA 	Keypress: 3
1489.0047 	EXP 	Device response: <KeyPress from None: t=1489.00150090002, value=3, duration=None>
1489.1371 	EXP 	Device response: <KeyPress from None: t=1489.00150090002, value=3, duration=0.1327162999950815>
1489.3200 	DATA 	Keypress: 9
1489.3207 	EXP 	Device response: <KeyPress from None: t=1489.3190002000192, value=9, duration=None>
1489.4874 	EXP 	Device response: <KeyPress from None: t=1489.3190002000192, value=9, duration=0.16624890000093728>
1490.5030 	DATA 	Mouse: Left button down, pos=(956,229)
1490.5037 	EXP 	New trial (rep=19, index=2): <Trial 230 (2 in rep 19) data={'delay': 0.7, 'freq': 1000, 'condition': 'exp', 'thisN': 230, 'thisTrialN': 2, 'thisRepN': 19}>
1490.5189 	EXP 	text: autoDraw = False
1490.5189 	EXP 	textbox: autoDraw = False
1490.5189 	EXP 	polygon: autoDraw = True
1490.7037 	DATA 	Mouse:  Left button up, pos=(956,229)
1490.7701 	DATA 	Mouse: Left button down, pos=(956,229)
1490.9368 	DATA 	Mouse:  Left button up, pos=(956,229)
1490.9871 	DATA 	Keypress: space
1491.0023 	EXP 	Device response: <KeyPress from None: t=1490.9861168000207, value=space, duration=None>
1491.0524 	EXP 	Device response: <KeyPress from None: t=1487.9074551000085, value=space, duration=3.140572800009977>
1491.4023 	EXP 	Device response: <KeyPress from None: t=1491.399312499998, value=space, duration=None>
1491.4034 	DATA 	Keypress: space
1491.4691 	EXP 	Device response: <KeyPress from None: t=1490.9861168000207, value=space, duration=0.4703962999919895>
1491.5188 	INFO 	Keyboard events cleared
1491.5186 	EXP 	polygon: autoDraw = False
1491.5186 	EXP 	polygon_2: autoDraw = True
1491.8856 	EXP 	Device response: <KeyPress from None: t=1491.8744990999985, value=space, duration=None>
1491.8878 	DATA 	Keypress: space
1491.9016 	EXP 	polygon: autoDraw = False
1491.9016 	EXP 	polygon_2: autoDraw = False
1491.9352 	EXP 	Device response: <KeyPress from None: t=1491.399312499998, value=space, duration=0.5306624000077136>
1492.5851 	EXP 	Sound sound_1 reached end of file
1492.6014 	EXP 	Playing sound sound_1 on speaker Speaker (Realtek(R) Audio)
1492.6353 	EXP 	Device response: <KeyPress from None: t=1492.6349215999944, value=8, duration=None>
1492.6361 	DATA 	Keypress: 8
1492.7185 	EXP 	Device response: <KeyPress from None: t=1492.6349215999944, value=8, duration=0.0777193000249099>
1492.8353 	EXP 	Device response: <KeyPress from None: t=1492.8204446000163, value=9, duration=None>
1492.8361 	DATA 	Keypress: 9
1492.8997 	EXP 	Sound sound_1 stopped
1492.9067 	EXP 	text: autoDraw = True
1492.9067 	EXP 	textbox: autoDraw = True
1492.9696 	EXP 	Device response: <KeyPress from None: t=1492.8204446000163, value=9, duration=0.1444240999990143>
1493.0585 	DATA 	Keypress: 7
1493.0683 	EXP 	Device response: <KeyPress from None: t=1493.0568411000131, value=7, duration=None>
1493.1520 	EXP 	Device response: <KeyPress from None: t=1493.0568411000131, value=7, duration=0.0840594999899622>
1493.4847 	DATA 	Keypress: 6
1493.4855 	EXP 	Device response: <KeyPress from None: t=1493.4757230000105, value=6, duration=None>
1493.5693 	EXP 	Device response: <KeyPress from None: t=1493.4757230000105, value=6, duration=0.08913059998303652>
1493.6849 	DATA 	Keypress: 8
1493.6864 	EXP 	Device response: <KeyPress from None: t=1493.676251099998, value=8, duration=None>
1493.8348 	EXP 	Device response: <KeyPress from None: t=1493.676251099998, value=8, duration=0.14461230000597425>
1495.2390 	DATA 	Mouse: Left button down, pos=(956,229)
1495.2513 	EXP 	New trial (rep=19, index=3): <Trial 231 (3 in rep 19) data={'delay': 0.7, 'freq': 1000, 'condition': 'exp', 'thisN': 231, 'thisTrialN': 3, 'thisRepN': 19}>
1495.2670 	EXP 	text: autoDraw = False
1495.2670 	EXP 	textbox: autoDraw = False
1495.2670 	EXP 	polygon: autoDraw = True
1495.4684 	DATA 	Mouse:  Left button up, pos=(956,229)
1496.2507 	INFO 	Keyboard events cleared
1496.2505 	EXP 	polygon_2: autoDraw = True
1496.2669 	EXP 	polygon: autoDraw = False
1497.3015 	DATA 	Keypress: space
1497.3170 	EXP 	Device response: <KeyPress from None: t=1497.2997297999973, value=space, duration=None>
1497.3332 	EXP 	polygon: autoDraw = False
1497.3332 	EXP 	polygon_2: autoDraw = False
1497.3505 	EXP 	Device response: <KeyPress from None: t=1491.8744990999985, value=space, duration=5.4709488000080455>
1497.5506 	EXP 	Device response: <KeyPress from None: t=1497.546357300016, value=space, duration=None>
1497.5511 	DATA 	Keypress: space
1497.6164 	EXP 	Device response: <KeyPress from None: t=1497.2997297999973, value=space, duration=0.3083127000136301>
1498.0000 	EXP 	Sound sound_1 reached end of file
1498.0163 	EXP 	Playing sound sound_1 on speaker Speaker (Realtek(R) Audio)
1498.3116 	EXP 	Sound sound_1 stopped
1498.3189 	EXP 	text: autoDraw = True
1498.3189 	EXP 	textbox: autoDraw = True
1498.4534 	DATA 	Keypress: 6
1498.4668 	EXP 	Device response: <KeyPress from None: t=1498.4527405000117, value=6, duration=None>
1498.5664 	EXP 	Device response: <KeyPress from None: t=1498.4527405000117, value=6, duration=0.09875929998815991>
1500.7164 	DATA 	Keypress: 8
1500.7172 	EXP 	Device response: <KeyPress from None: t=1500.7112621999986, value=8, duration=None>
1500.8329 	EXP 	Device response: <KeyPress from None: t=1500.7112621999986, value=8, duration=0.11355969999567606>
1501.1990 	DATA 	Keypress: 3
1501.1998 	EXP 	Device response: <KeyPress from None: t=1501.193273700017, value=3, duration=None>
1501.3332 	EXP 	Device response: <KeyPress from None: t=1501.193273700017, value=3, duration=0.13784549999400042>
1502.4195 	DATA 	Mouse: Left button down, pos=(956,229)
1502.4322 	EXP 	New trial (rep=19, index=4): <Trial 232 (4 in rep 19) data={'delay': 0.4, 'freq': 1000, 'condition': 'exp', 'thisN': 232, 'thisTrialN': 4, 'thisRepN': 19}>
1502.4482 	EXP 	text: autoDraw = False
1502.4482 	EXP 	textbox: autoDraw = False
1502.4482 	EXP 	polygon: autoDraw = True
1502.6495 	DATA 	Mouse:  Left button up, pos=(956,229)
1503.0326 	DATA 	Keypress: space
1503.0483 	EXP 	Device response: <KeyPress from None: t=1503.0317039999936, value=space, duration=None>
1503.1480 	EXP 	Device response: <KeyPress from None: t=1497.546357300016, value=space, duration=5.5904326000018045>
1503.4312 	INFO 	Keyboard events cleared
1503.4311 	EXP 	polygon_2: autoDraw = True
1503.4479 	EXP 	polygon: autoDraw = False
1505.9974 	EXP 	Device response: <KeyPress from None: t=1505.9900996000215, value=space, duration=None>
1505.9996 	DATA 	Keypress: space
1506.0135 	EXP 	polygon: autoDraw = False
1506.0135 	EXP 	polygon_2: autoDraw = False
1506.1137 	EXP 	Device response: <KeyPress from None: t=1503.0317039999936, value=space, duration=3.070274000026984>
1506.3804 	EXP 	Sound sound_1 reached end of file
1506.3967 	EXP 	Playing sound sound_1 on speaker Speaker (Realtek(R) Audio)
1506.6923 	EXP 	Sound sound_1 stopped
1506.6997 	EXP 	text: autoDraw = True
1506.6997 	EXP 	textbox: autoDraw = True
1507.6134 	DATA 	Keypress: 3
1507.6147 	EXP 	Device response: <KeyPress from None: t=1507.6087670999987, value=3, duration=None>
1507.7138 	EXP 	Device response: <KeyPress from None: t=1507.6087670999987, value=3, duration=0.10155029999441467>
1507.8350 	DATA 	Keypress: 2
1507.8469 	EXP 	Device response: <KeyPress from None: t=1507.8339464000019, value=2, duration=None>
1507.9488 	EXP 	Device response: <KeyPress from None: t=1507.8339464000019, value=2, duration=0.10605500001111068>
1507.9814 	DATA 	Keypress: 9
1507.9839 	EXP 	Device response: <KeyPress from None: t=1507.9803422999976, value=9, duration=None>
1508.1473 	EXP 	Device response: <KeyPress from None: t=1507.9803422999976, value=9, duration=0.1660998000006657>
1508.9974 	DATA 	Mouse: Left button down, pos=(956,229)
1508.9980 	EXP 	New trial (rep=19, index=5): <Trial 233 (5 in rep 19) data={'delay': 0.4, 'freq': 400, 'condition': 'unexp', 'thisN': 233, 'thisTrialN': 5, 'thisRepN': 19}>
1509.0125 	EXP 	text: autoDraw = False
1509.0125 	EXP 	textbox: autoDraw = False
1509.0125 	EXP 	polygon: autoDraw = True
1509.2142 	DATA 	Mouse:  Left button up, pos=(956,229)
1510.0123 	INFO 	Keyboard events cleared
1510.0121 	EXP 	polygon: autoDraw = False
1510.0121 	EXP 	polygon_2: autoDraw = True
1510.6125 	EXP 	Device response: <KeyPress from None: t=1510.5974432000075, value=space, duration=None>
1510.6147 	DATA 	Keypress: space
1510.6289 	EXP 	polygon: autoDraw = False
1510.6289 	EXP 	polygon_2: autoDraw = False
1510.7124 	EXP 	Device response: <KeyPress from None: t=1505.9900996000215, value=space, duration=4.718275999999605>
1510.9953 	EXP 	Sound sound_1 reached end of file
1511.0118 	EXP 	Playing sound sound_1 on speaker Speaker (Realtek(R) Audio)
1511.3103 	EXP 	Sound sound_1 stopped
1511.3176 	EXP 	text: autoDraw = True
1511.3176 	EXP 	textbox: autoDraw = True
1511.4327 	DATA 	Keypress: 1
1511.4456 	EXP 	Device response: <KeyPress from None: t=1511.4296422000043, value=1, duration=None>
1511.5454 	EXP 	Device response: <KeyPress from None: t=1511.4296422000043, value=1, duration=0.10063090000767261>
1511.5958 	DATA 	Keypress: 1
1511.5985 	EXP 	Device response: <KeyPress from None: t=1511.5845554000116, value=1, duration=None>
1511.6965 	EXP 	Device response: <KeyPress from None: t=1511.5845554000116, value=1, duration=0.09976829998777248>
1511.7454 	DATA 	Keypress: 1
1511.7465 	EXP 	Device response: <KeyPress from None: t=1511.7363776999991, value=1, duration=None>
1511.8623 	EXP 	Device response: <KeyPress from None: t=1511.7363776999991, value=1, duration=0.11088009999366477>
1512.9978 	DATA 	Mouse: Left button down, pos=(956,229)
1513.0122 	EXP 	New trial (rep=19, index=6): <Trial 234 (6 in rep 19) data={'delay': 0.4, 'freq': 1000, 'condition': 'exp', 'thisN': 234, 'thisTrialN': 6, 'thisRepN': 19}>
1513.0277 	EXP 	text: autoDraw = False
1513.0277 	EXP 	textbox: autoDraw = False
1513.0277 	EXP 	polygon: autoDraw = True
1513.2293 	DATA 	Mouse:  Left button up, pos=(956,229)
1513.4114 	EXP 	Device response: <KeyPress from None: t=1513.3965678999957, value=space, duration=None>
1513.4124 	DATA 	Keypress: space
1513.4448 	EXP 	Device response: <KeyPress from None: t=1510.5974432000075, value=space, duration=2.8445714999979828>
1513.6948 	EXP 	Device response: <KeyPress from None: t=1513.6843061000109, value=space, duration=None>
1513.6959 	DATA 	Keypress: space
1513.7449 	EXP 	Device response: <KeyPress from None: t=1513.3965678999957, value=space, duration=0.337837800005218>
1514.0118 	EXP 	Device response: <KeyPress from None: t=1514.0046905000054, value=space, duration=None>
1514.0129 	DATA 	Keypress: space
1514.0280 	INFO 	Keyboard events cleared
1514.0278 	EXP 	polygon: autoDraw = False
1514.0278 	EXP 	polygon_2: autoDraw = True
1514.0612 	EXP 	Device response: <KeyPress from None: t=1513.6843061000109, value=space, duration=0.3718544000003021>
1514.3110 	EXP 	Device response: <KeyPress from None: t=1514.3015053000126, value=space, duration=None>
1514.3119 	DATA 	Keypress: space
1514.3272 	EXP 	polygon: autoDraw = False
1514.3272 	EXP 	polygon_2: autoDraw = False
1514.3609 	EXP 	Device response: <KeyPress from None: t=1514.0046905000054, value=space, duration=0.3542780000134371>
1514.6944 	EXP 	Sound sound_1 reached end of file
1514.7108 	EXP 	Playing sound sound_1 on speaker Speaker (Realtek(R) Audio)
1515.0112 	EXP 	Sound sound_1 stopped
1515.0188 	EXP 	text: autoDraw = True
1515.0188 	EXP 	textbox: autoDraw = True
1515.2279 	DATA 	Keypress: 7
1515.2291 	EXP 	Device response: <KeyPress from None: t=1515.226041899994, value=7, duration=None>
1515.3117 	EXP 	Device response: <KeyPress from None: t=1515.226041899994, value=7, duration=0.08334110002033412>
1515.3778 	DATA 	Keypress: 8
1515.3785 	EXP 	Device response: <KeyPress from None: t=1515.3769485999946, value=8, duration=None>
1515.4772 	DATA 	Keypress: 5
1515.4783 	EXP 	Device response: <KeyPress from None: t=1515.471172999998, value=5, duration=None>
1515.4955 	EXP 	Device response: <KeyPress from None: t=1515.3769485999946, value=8, duration=0.1117089000181295>
1515.5774 	EXP 	Device response: <KeyPress from None: t=1515.471172999998, value=5, duration=0.09476350000477396>
1515.7605 	DATA 	Keypress: 9
1515.7612 	EXP 	Device response: <KeyPress from None: t=1515.7545233000128, value=9, duration=None>
1515.8777 	EXP 	Device response: <KeyPress from None: t=1515.7545233000128, value=9, duration=0.10949869998148642>
1516.2273 	DATA 	Keypress: backspace
1516.2292 	EXP 	Device response: <KeyPress from None: t=1516.2184165999934, value=backspace, duration=None>
1516.4113 	EXP 	Device response: <KeyPress from None: t=1516.2184165999934, value=backspace, duration=0.18878600001335144>
1516.7803 	DATA 	Mouse: Left button down, pos=(956,229)
1516.7944 	EXP 	New trial (rep=19, index=7): <Trial 235 (7 in rep 19) data={'delay': 0.7, 'freq': 400, 'condition': 'unexp', 'thisN': 235, 'thisTrialN': 7, 'thisRepN': 19}>
1516.8099 	EXP 	text: autoDraw = False
1516.8099 	EXP 	textbox: autoDraw = False
1516.8099 	EXP 	polygon: autoDraw = True
1517.0115 	DATA 	Mouse:  Left button up, pos=(956,229)
1517.7934 	INFO 	Keyboard events cleared
1517.7932 	EXP 	polygon_2: autoDraw = True
1517.8100 	EXP 	polygon: autoDraw = False
1517.9272 	EXP 	Device response: <KeyPress from None: t=1517.9189905000094, value=space, duration=None>
1517.9281 	DATA 	Keypress: space
1517.9430 	EXP 	polygon: autoDraw = False
1517.9430 	EXP 	polygon_2: autoDraw = False
1517.9933 	EXP 	Device response: <KeyPress from None: t=1514.3015053000126, value=space, duration=3.680293499986874>
1518.6263 	EXP 	Sound sound_1 reached end of file
1518.6426 	EXP 	Playing sound sound_1 on speaker Speaker (Realtek(R) Audio)
1518.9433 	EXP 	Sound sound_1 stopped
1518.9511 	EXP 	text: autoDraw = True
1518.9511 	EXP 	textbox: autoDraw = True
1520.0270 	DATA 	Mouse: Left button down, pos=(956,229)
1520.0276 	EXP 	New trial (rep=19, index=8): <Trial 236 (8 in rep 19) data={'delay': 0.7, 'freq': 1000, 'condition': 'exp', 'thisN': 236, 'thisTrialN': 8, 'thisRepN': 19}>
1520.0422 	EXP 	text: autoDraw = False
1520.0422 	EXP 	textbox: autoDraw = False
1520.0422 	EXP 	polygon: autoDraw = True
1520.2441 	DATA 	Mouse:  Left button up, pos=(956,229)
1521.0428 	INFO 	Keyboard events cleared
1521.0426 	EXP 	polygon: autoDraw = False
1521.0426 	EXP 	polygon_2: autoDraw = True
1521.0591 	EXP 	Device response: <KeyPress from None: t=1521.0443913000054, value=4, duration=None>
1521.0597 	DATA 	Keypress: 4
1521.1589 	EXP 	Device response: <KeyPress from None: t=1521.0443913000054, value=4, duration=0.10108570000738837>
1521.2256 	EXP 	Device response: <KeyPress from None: t=1521.2207879000052, value=5, duration=None>
1521.2268 	DATA 	Keypress: 5
1521.3089 	EXP 	Device response: <KeyPress from None: t=1521.3047718000016, value=8, duration=None>
1521.3100 	DATA 	Keypress: 8
1521.3257 	EXP 	Device response: <KeyPress from None: t=1521.2207879000052, value=5, duration=0.0955614999984391>
1521.4255 	EXP 	Device response: <KeyPress from None: t=1521.3047718000016, value=8, duration=0.10977800001273863>
1521.4590 	EXP 	Device response: <KeyPress from None: t=1521.4488661000214, value=3, duration=None>
1521.4602 	DATA 	Keypress: 3
1521.5256 	EXP 	Device response: <KeyPress from None: t=1521.4488661000214, value=3, duration=0.07240489998366684>
1522.3418 	EXP 	Device response: <KeyPress from None: t=1522.3314232999983, value=space, duration=None>
1522.3440 	DATA 	Keypress: space
1522.3582 	EXP 	polygon: autoDraw = False
1522.3582 	EXP 	polygon_2: autoDraw = False
1522.4417 	EXP 	Device response: <KeyPress from None: t=1517.9189905000094, value=space, duration=4.511864100000821>
1523.0249 	EXP 	Sound sound_1 reached end of file
1523.0412 	EXP 	Playing sound sound_1 on speaker Speaker (Realtek(R) Audio)
1523.2582 	EXP 	Device response: <KeyPress from None: t=1523.2540190000145, value=4, duration=None>
1523.2589 	DATA 	Keypress: 4
1523.3414 	EXP 	Sound sound_1 stopped
1523.3513 	EXP 	text: autoDraw = True
1523.3513 	EXP 	textbox: autoDraw = True
1523.4084 	EXP 	Device response: <KeyPress from None: t=1523.2540190000145, value=4, duration=0.14499749999959022>
1523.4589 	DATA 	Keypress: 3
1523.4605 	EXP 	Device response: <KeyPress from None: t=1523.4565365000162, value=3, duration=None>
1523.5766 	EXP 	Device response: <KeyPress from None: t=1523.4565365000162, value=3, duration=0.11064739999710582>
1523.6464 	DATA 	Keypress: 2
1523.6580 	EXP 	Device response: <KeyPress from None: t=1523.6454812000156, value=2, duration=None>
1523.7749 	EXP 	Device response: <KeyPress from None: t=1523.6454812000156, value=2, duration=0.11657409998588264>
1524.5915 	DATA 	Keypress: 1
1524.5928 	EXP 	Device response: <KeyPress from None: t=1524.5887661000015, value=1, duration=None>
1524.7078 	EXP 	Device response: <KeyPress from None: t=1524.5887661000015, value=1, duration=0.10586000001057982>
1525.6805 	DATA 	Mouse: Left button down, pos=(956,229)
1525.6912 	EXP 	New trial (rep=19, index=9): <Trial 237 (9 in rep 19) data={'delay': 0.1, 'freq': 1000, 'condition': 'exp', 'thisN': 237, 'thisTrialN': 9, 'thisRepN': 19}>
1525.7071 	EXP 	text: autoDraw = False
1525.7071 	EXP 	textbox: autoDraw = False
1525.7071 	EXP 	polygon: autoDraw = True
1525.9088 	DATA 	Mouse:  Left button up, pos=(956,229)
1526.3409 	EXP 	Device response: <KeyPress from None: t=1526.3344173000078, value=space, duration=None>
1526.3419 	DATA 	Keypress: space
1526.4072 	EXP 	Device response: <KeyPress from None: t=1522.3314232999983, value=space, duration=4.063892200007103>
1526.7067 	INFO 	Keyboard events cleared
1526.7065 	EXP 	polygon: autoDraw = False
1526.7065 	EXP 	polygon_2: autoDraw = True
1527.7065 	EXP 	Device response: <KeyPress from None: t=1527.6992929000116, value=space, duration=None>
1527.7082 	DATA 	Keypress: space
1527.7226 	EXP 	polygon: autoDraw = False
1527.7226 	EXP 	polygon_2: autoDraw = False
1527.7731 	EXP 	Device response: <KeyPress from None: t=1526.3344173000078, value=space, duration=1.433637699985411>
1527.7897 	EXP 	Sound sound_1 reached end of file
1527.8061 	EXP 	Playing sound sound_1 on speaker Speaker (Realtek(R) Audio)
1528.1017 	EXP 	Sound sound_1 stopped
1528.1095 	EXP 	text: autoDraw = True
1528.1095 	EXP 	textbox: autoDraw = True
1530.0227 	DATA 	Keypress: 7
1530.0235 	EXP 	Device response: <KeyPress from None: t=1530.0195749000122, value=7, duration=None>
1530.1238 	EXP 	Device response: <KeyPress from None: t=1530.0195749000122, value=7, duration=0.09361789998365566>
1530.1893 	DATA 	Keypress: 8
1530.1903 	EXP 	Device response: <KeyPress from None: t=1530.182544100011, value=8, duration=None>
1530.3227 	DATA 	Keypress: 6
1530.3244 	EXP 	Device response: <KeyPress from None: t=1530.3209900000074, value=6, duration=None>
1530.3389 	EXP 	Device response: <KeyPress from None: t=1530.182544100011, value=8, duration=0.1423032000020612>
1530.4393 	EXP 	Device response: <KeyPress from None: t=1530.3209900000074, value=6, duration=0.10626530001172796>
1531.1892 	DATA 	Mouse: Left button down, pos=(962,247)
1531.1903 	EXP 	New trial (rep=19, index=10): <Trial 238 (10 in rep 19) data={'delay': 0.1, 'freq': 1000, 'condition': 'exp', 'thisN': 238, 'thisTrialN': 10, 'thisRepN': 19}>
1531.2051 	EXP 	text: autoDraw = False
1531.2051 	EXP 	textbox: autoDraw = False
1531.2051 	EXP 	polygon: autoDraw = True
1531.4066 	DATA 	Mouse:  Left button up, pos=(962,247)
1531.9720 	EXP 	Device response: <KeyPress from None: t=1531.958864300017, value=space, duration=None>
1531.9731 	DATA 	Keypress: space
1532.0219 	EXP 	Device response: <KeyPress from None: t=1527.6992929000116, value=space, duration=4.309542400005739>
1532.2049 	INFO 	Keyboard events cleared
1532.2048 	EXP 	polygon: autoDraw = False
1532.2048 	EXP 	polygon_2: autoDraw = True
1532.3386 	EXP 	Device response: <KeyPress from None: t=1532.326908899995, value=space, duration=None>
1532.3408 	DATA 	Keypress: space
1532.3546 	EXP 	polygon: autoDraw = False
1532.3546 	EXP 	polygon_2: autoDraw = False
1532.4218 	EXP 	Sound sound_1 reached end of file
1532.4379 	EXP 	Playing sound sound_1 on speaker Speaker (Realtek(R) Audio)
1532.4385 	EXP 	Device response: <KeyPress from None: t=1531.958864300017, value=space, duration=0.4630890999978874>
1532.7331 	EXP 	Sound sound_1 stopped
1532.7413 	EXP 	text: autoDraw = True
1532.7413 	EXP 	textbox: autoDraw = True
1533.1881 	DATA 	Keypress: 4
1533.1887 	EXP 	Device response: <KeyPress from None: t=1533.1841644000087, value=4, duration=None>
1533.3046 	EXP 	Device response: <KeyPress from None: t=1533.1841644000087, value=4, duration=0.10558460000902414>
1533.3554 	DATA 	Keypress: 5
1533.3569 	EXP 	Device response: <KeyPress from None: t=1533.3473414000182, value=5, duration=None>
1533.4048 	DATA 	Keypress: 8
1533.4059 	EXP 	Device response: <KeyPress from None: t=1533.3973511999939, value=8, duration=None>
1533.4713 	EXP 	Device response: <KeyPress from None: t=1533.3473414000182, value=5, duration=0.11197929998161271>
1533.6061 	EXP 	Device response: <KeyPress from None: t=1533.3973511999939, value=8, duration=0.200022800010629>
1534.6736 	DATA 	Mouse: Left button down, pos=(962,247)
1534.6883 	EXP 	New trial (rep=19, index=11): <Trial 239 (11 in rep 19) data={'delay': 0.1, 'freq': 1000, 'condition': 'exp', 'thisN': 239, 'thisTrialN': 11, 'thisRepN': 19}>
1534.7039 	EXP 	text: autoDraw = False
1534.7039 	EXP 	textbox: autoDraw = False
1534.7039 	EXP 	polygon: autoDraw = True
1534.9051 	DATA 	Mouse:  Left button up, pos=(962,247)
1534.9208 	EXP 	Device response: <KeyPress from None: t=1534.9180250000209, value=space, duration=None>
1534.9223 	DATA 	Keypress: space
1534.9708 	EXP 	Device response: <KeyPress from None: t=1532.326908899995, value=space, duration=2.6372836000227835>
1535.4549 	EXP 	Device response: <KeyPress from None: t=1535.4414921000134, value=space, duration=None>
1535.4554 	DATA 	Keypress: space
1535.5036 	EXP 	Device response: <KeyPress from None: t=1534.9180250000209, value=space, duration=0.5792466999846511>
1535.7038 	INFO 	Keyboard events cleared
1535.7036 	EXP 	polygon: autoDraw = False
1535.7036 	EXP 	polygon_2: autoDraw = True
1535.9874 	EXP 	Device response: <KeyPress from None: t=1535.9809022000118, value=space, duration=None>
1535.9895 	DATA 	Keypress: space
1536.0034 	EXP 	polygon: autoDraw = False
1536.0034 	EXP 	polygon_2: autoDraw = False
1536.0538 	EXP 	Device response: <KeyPress from None: t=1535.4414921000134, value=space, duration=0.6005520999897271>
1536.0707 	EXP 	Sound sound_1 reached end of file
1536.0871 	EXP 	Playing sound sound_1 on speaker Speaker (Realtek(R) Audio)
1536.3857 	EXP 	Sound sound_1 stopped
1536.3929 	EXP 	text: autoDraw = True
1536.3929 	EXP 	textbox: autoDraw = True
1537.2210 	DATA 	Keypress: 6
1537.2217 	EXP 	Device response: <KeyPress from None: t=1537.2156927000033, value=6, duration=None>
1537.3367 	EXP 	Device response: <KeyPress from None: t=1537.2156927000033, value=6, duration=0.11048259999370202>
1537.5206 	DATA 	Keypress: 8
1537.5216 	EXP 	Device response: <KeyPress from None: t=1537.5188558000082, value=8, duration=None>
1537.6538 	EXP 	Device response: <KeyPress from None: t=1537.5188558000082, value=8, duration=0.12687730000470765>
1537.7073 	DATA 	Keypress: 5
1537.7201 	EXP 	Device response: <KeyPress from None: t=1537.706050400011, value=5, duration=None>
1537.8531 	EXP 	Device response: <KeyPress from None: t=1537.706050400011, value=5, duration=0.1330108999973163>
1538.8368 	DATA 	Mouse: Left button down, pos=(962,247)
1538.8373 	EXP 	New trial (rep=20, index=0): <Trial 240 (0 in rep 20) data={'delay': 0.4, 'freq': 1000, 'condition': 'exp', 'thisN': 240, 'thisTrialN': 0, 'thisRepN': 20}>
1538.8523 	EXP 	text: autoDraw = False
1538.8523 	EXP 	textbox: autoDraw = False
1538.8523 	EXP 	polygon: autoDraw = True
1539.0707 	DATA 	Mouse:  Left button up, pos=(962,247)
1539.8523 	INFO 	Keyboard events cleared
1539.8522 	EXP 	polygon: autoDraw = False
1539.8522 	EXP 	polygon_2: autoDraw = True
1542.6535 	DATA 	Keypress: 6
1542.6684 	EXP 	Device response: <KeyPress from None: t=1542.6524305000203, value=6, duration=None>
1542.8183 	EXP 	Device response: <KeyPress from None: t=1542.6524305000203, value=6, duration=0.15571989997988567>
1542.9185 	EXP 	Device response: <KeyPress from None: t=1542.9170003000181, value=7, duration=None>
1542.9196 	DATA 	Keypress: 7
1543.0182 	EXP 	Device response: <KeyPress from None: t=1542.9170003000181, value=7, duration=0.08850009998423047>
1543.8178 	EXP 	Device response: <KeyPress from None: t=1543.8133218000003, value=space, duration=None>
1543.8200 	DATA 	Keypress: space
1543.8342 	EXP 	polygon: autoDraw = False
1543.8342 	EXP 	polygon_2: autoDraw = False
1543.9179 	EXP 	Device response: <KeyPress from None: t=1535.9809022000118, value=space, duration=7.9271652000024915>
1544.2009 	EXP 	Sound sound_1 reached end of file
1544.2173 	EXP 	Playing sound sound_1 on speaker Speaker (Realtek(R) Audio)
1544.5118 	EXP 	Sound sound_1 stopped
1544.5221 	EXP 	text: autoDraw = True
1544.5221 	EXP 	textbox: autoDraw = True
1544.8842 	DATA 	Keypress: 4
1544.8854 	EXP 	Device response: <KeyPress from None: t=1544.8815508999978, value=4, duration=None>
1544.9862 	EXP 	Device response: <KeyPress from None: t=1544.8815508999978, value=4, duration=0.09979380000731908>
1545.0843 	DATA 	Keypress: 5
1545.0867 	EXP 	Device response: <KeyPress from None: t=1545.0817933999933, value=5, duration=None>
1545.2016 	EXP 	Device response: <KeyPress from None: t=1545.0817933999933, value=5, duration=0.10585469999932684>
1545.3178 	DATA 	Keypress: 6
1545.3193 	EXP 	Device response: <KeyPress from None: t=1545.3081518000108, value=6, duration=None>
1545.4013 	EXP 	Device response: <KeyPress from None: t=1545.3081518000108, value=6, duration=0.08271699998294935>
1546.9504 	DATA 	Mouse: Left button down, pos=(962,247)
1546.9511 	EXP 	New trial (rep=20, index=1): <Trial 241 (1 in rep 20) data={'delay': 0.7, 'freq': 1000, 'condition': 'exp', 'thisN': 241, 'thisTrialN': 1, 'thisRepN': 20}>
1546.9664 	EXP 	text: autoDraw = False
1546.9664 	EXP 	textbox: autoDraw = False
1546.9664 	EXP 	polygon: autoDraw = True
1547.1850 	DATA 	Mouse:  Left button up, pos=(962,247)
1547.9664 	INFO 	Keyboard events cleared
1547.9663 	EXP 	polygon: autoDraw = False
1547.9663 	EXP 	polygon_2: autoDraw = True
1548.3164 	EXP 	Device response: <KeyPress from None: t=1548.3115128000209, value=7, duration=None>
1548.3175 	DATA 	Keypress: 7
1548.4331 	EXP 	Device response: <KeyPress from None: t=1548.3115128000209, value=7, duration=0.11187529997550882>
1548.4498 	EXP 	Device response: <KeyPress from None: t=1548.440323000017, value=8, duration=None>
1548.4510 	DATA 	Keypress: 8
1548.6165 	EXP 	Device response: <KeyPress from None: t=1548.440323000017, value=8, duration=0.1622915999905672>
1549.2160 	EXP 	Device response: <KeyPress from None: t=1549.2055799000082, value=space, duration=None>
1549.2181 	DATA 	Keypress: space
1549.2323 	EXP 	polygon: autoDraw = False
1549.2323 	EXP 	polygon_2: autoDraw = False
1549.3494 	EXP 	Device response: <KeyPress from None: t=1543.8133218000003, value=space, duration=5.527073200006271>
1549.8988 	EXP 	Sound sound_1 reached end of file
1549.9152 	EXP 	Playing sound sound_1 on speaker Speaker (Realtek(R) Audio)
1550.2121 	EXP 	Sound sound_1 stopped
1550.2194 	EXP 	text: autoDraw = True
1550.2194 	EXP 	textbox: autoDraw = True
1550.3161 	DATA 	Keypress: 6
1550.3171 	EXP 	Device response: <KeyPress from None: t=1550.3153344000166, value=6, duration=None>
1550.4351 	EXP 	Device response: <KeyPress from None: t=1550.3153344000166, value=6, duration=0.11744639999233186>
1550.4822 	DATA 	Keypress: 8
1550.4833 	EXP 	Device response: <KeyPress from None: t=1550.4715851999936, value=8, duration=None>
1550.5830 	EXP 	Device response: <KeyPress from None: t=1550.4715851999936, value=8, duration=0.10673130000941455>
1550.6492 	DATA 	Keypress: 7
1550.6500 	EXP 	Device response: <KeyPress from None: t=1550.6451758000185, value=7, duration=None>
1550.7488 	EXP 	Device response: <KeyPress from None: t=1550.6451758000185, value=7, duration=0.08828809999977238>
1551.7320 	DATA 	Mouse: Left button down, pos=(962,247)
1551.7327 	EXP 	New trial (rep=20, index=2): <Trial 242 (2 in rep 20) data={'delay': 0.1, 'freq': 1000, 'condition': 'exp', 'thisN': 242, 'thisTrialN': 2, 'thisRepN': 20}>
1551.7482 	EXP 	text: autoDraw = False
1551.7482 	EXP 	textbox: autoDraw = False
1551.7482 	EXP 	polygon: autoDraw = True
1551.9510 	DATA 	Mouse:  Left button up, pos=(962,247)
1552.7480 	INFO 	Keyboard events cleared
1552.7478 	EXP 	polygon: autoDraw = False
1552.7478 	EXP 	polygon_2: autoDraw = True
1553.1314 	EXP 	Device response: <KeyPress from None: t=1553.125594400015, value=space, duration=None>
1553.1335 	DATA 	Keypress: space
1553.1478 	EXP 	polygon: autoDraw = False
1553.1478 	EXP 	polygon_2: autoDraw = False
1553.1979 	EXP 	Device response: <KeyPress from None: t=1549.2055799000082, value=space, duration=3.980823699996108>
1553.2145 	EXP 	Sound sound_1 reached end of file
1553.2308 	EXP 	Playing sound sound_1 on speaker Speaker (Realtek(R) Audio)
1553.5308 	EXP 	Sound sound_1 stopped
1553.5422 	EXP 	text: autoDraw = True
1553.5422 	EXP 	textbox: autoDraw = True
1555.0513 	DATA 	Keypress: 7
1555.0643 	EXP 	Device response: <KeyPress from None: t=1555.0505240000202, value=7, duration=None>
1555.1481 	EXP 	Device response: <KeyPress from None: t=1555.0505240000202, value=7, duration=0.09154409999609925>
1555.1990 	DATA 	Keypress: 8
1555.2138 	EXP 	Device response: <KeyPress from None: t=1555.1986363000178, value=8, duration=None>
1555.3479 	EXP 	Device response: <KeyPress from None: t=1555.1986363000178, value=8, duration=0.13358719999087043>
1556.2638 	DATA 	Mouse: Left button down, pos=(962,247)
1556.2646 	EXP 	New trial (rep=20, index=3): <Trial 243 (3 in rep 20) data={'delay': 0.1, 'freq': 1000, 'condition': 'exp', 'thisN': 243, 'thisTrialN': 3, 'thisRepN': 20}>
1556.2801 	EXP 	text: autoDraw = False
1556.2801 	EXP 	textbox: autoDraw = False
1556.2801 	EXP 	polygon: autoDraw = True
1556.4983 	DATA 	Mouse:  Left button up, pos=(962,247)
1557.2799 	INFO 	Keyboard events cleared
1557.2797 	EXP 	polygon: autoDraw = False
1557.2797 	EXP 	polygon_2: autoDraw = True
1557.2968 	EXP 	Device response: <KeyPress from None: t=1557.2877168999985, value=space, duration=None>
1557.2988 	DATA 	Keypress: space
1557.3131 	EXP 	polygon: autoDraw = False
1557.3131 	EXP 	polygon_2: autoDraw = False
1557.3633 	EXP 	Device response: <KeyPress from None: t=1553.125594400015, value=space, duration=4.2234259999822825>
1557.3798 	EXP 	Sound sound_1 reached end of file
1557.3962 	EXP 	Playing sound sound_1 on speaker Speaker (Realtek(R) Audio)
1557.6914 	EXP 	Sound sound_1 stopped
1557.6987 	EXP 	text: autoDraw = True
1557.6987 	EXP 	textbox: autoDraw = True
1559.4960 	DATA 	Keypress: 4
1559.4976 	EXP 	Device response: <KeyPress from None: t=1559.4920786000148, value=4, duration=None>
1559.5965 	EXP 	Device response: <KeyPress from None: t=1559.4920786000148, value=4, duration=0.09396870000637136>
1559.7295 	DATA 	Keypress: 5
1559.7307 	EXP 	Device response: <KeyPress from None: t=1559.7194475000142, value=5, duration=None>
1559.8302 	EXP 	Device response: <KeyPress from None: t=1559.7194475000142, value=5, duration=0.105195799987996>
1559.9291 	DATA 	Keypress: 9
1559.9297 	EXP 	Device response: <KeyPress from None: t=1559.927816600015, value=9, duration=None>
1560.1636 	EXP 	Device response: <KeyPress from None: t=1559.927816600015, value=9, duration=0.23306830000365153>
1561.0126 	DATA 	Mouse: Left button down, pos=(962,247)
1561.0133 	EXP 	New trial (rep=20, index=4): <Trial 244 (4 in rep 20) data={'delay': 0.4, 'freq': 1000, 'condition': 'exp', 'thisN': 244, 'thisTrialN': 4, 'thisRepN': 20}>
1561.0281 	EXP 	text: autoDraw = False
1561.0281 	EXP 	textbox: autoDraw = False
1561.0281 	EXP 	polygon: autoDraw = True
1561.2304 	DATA 	Mouse:  Left button up, pos=(962,247)
1562.0282 	INFO 	Keyboard events cleared
1562.0281 	EXP 	polygon: autoDraw = False
1562.0281 	EXP 	polygon_2: autoDraw = True
1573.8747 	EXP 	Device response: <KeyPress from None: t=1573.8674019000027, value=1, duration=None>
1573.8758 	DATA 	Keypress: 1
1573.9911 	EXP 	Device response: <KeyPress from None: t=1573.8674019000027, value=1, duration=0.110553800011985>
1574.0911 	EXP 	Device response: <KeyPress from None: t=1574.0806536000164, value=2, duration=None>
1574.0923 	DATA 	Keypress: 2
1574.2250 	EXP 	Device response: <KeyPress from None: t=1574.0806536000164, value=2, duration=0.12968859999091364>
1574.3075 	EXP 	Device response: <KeyPress from None: t=1574.3012528000108, value=3, duration=None>
1574.3086 	DATA 	Keypress: 3
1574.4406 	EXP 	Device response: <KeyPress from None: t=1574.3012528000108, value=3, duration=0.13772850000532344>
1575.2075 	EXP 	Device response: <KeyPress from None: t=1575.1972542000003, value=space, duration=None>
1575.2099 	DATA 	Keypress: space
1575.2237 	EXP 	polygon: autoDraw = False
1575.2237 	EXP 	polygon_2: autoDraw = False
1575.2740 	EXP 	Device response: <KeyPress from None: t=1557.2877168999985, value=space, duration=17.982355400017696>
1575.6072 	EXP 	Sound sound_1 reached end of file
1575.6235 	EXP 	Playing sound sound_1 on speaker Speaker (Realtek(R) Audio)
1575.9216 	EXP 	Sound sound_1 stopped
1575.9286 	EXP 	text: autoDraw = True
1575.9286 	EXP 	textbox: autoDraw = True
1578.8399 	DATA 	Keypress: 1
1578.8405 	EXP 	Device response: <KeyPress from None: t=1578.8310636999959, value=1, duration=None>
1578.9417 	EXP 	Device response: <KeyPress from None: t=1578.8310636999959, value=1, duration=0.10666119999950752>
1579.0238 	DATA 	Keypress: 2
1579.0249 	EXP 	Device response: <KeyPress from None: t=1579.02229730002, value=2, duration=None>
1579.1398 	EXP 	Device response: <KeyPress from None: t=1579.02229730002, value=2, duration=0.10209949998534285>
1579.2237 	DATA 	Keypress: 3
1579.2257 	EXP 	Device response: <KeyPress from None: t=1579.2229075000214, value=3, duration=None>
1579.3736 	EXP 	Device response: <KeyPress from None: t=1579.2229075000214, value=3, duration=0.13893069999176078>
1580.4556 	DATA 	Mouse: Left button down, pos=(962,247)
1580.4563 	EXP 	New trial (rep=20, index=5): <Trial 245 (5 in rep 20) data={'delay': 0.1, 'freq': 1000, 'condition': 'exp', 'thisN': 245, 'thisTrialN': 5, 'thisRepN': 20}>
1580.4718 	EXP 	text: autoDraw = False
1580.4718 	EXP 	textbox: autoDraw = False
1580.4718 	EXP 	polygon: autoDraw = True
1580.6731 	DATA 	Mouse:  Left button up, pos=(962,247)
1581.4718 	INFO 	Keyboard events cleared
1581.4716 	EXP 	polygon: autoDraw = False
1581.4716 	EXP 	polygon_2: autoDraw = True
1582.2383 	EXP 	Device response: <KeyPress from None: t=1582.233652099996, value=7, duration=None>
1582.2393 	DATA 	Keypress: 7
1582.3383 	EXP 	Device response: <KeyPress from None: t=1582.233652099996, value=7, duration=0.09982080000918359>
1582.8049 	EXP 	Device response: <KeyPress from None: t=1582.8004636999976, value=space, duration=None>
1582.8072 	DATA 	Keypress: space
1582.8210 	EXP 	polygon: autoDraw = False
1582.8210 	EXP 	polygon_2: autoDraw = False
1582.8880 	EXP 	Sound sound_1 reached end of file
1582.9043 	EXP 	Playing sound sound_1 on speaker Speaker (Realtek(R) Audio)
1582.9380 	EXP 	Device response: <KeyPress from None: t=1575.1972542000003, value=space, duration=7.736341900017578>
1583.2001 	EXP 	Sound sound_1 stopped
1583.2057 	EXP 	text: autoDraw = True
1583.2057 	EXP 	textbox: autoDraw = True
1583.7714 	DATA 	Keypress: 7
1583.7720 	EXP 	Device response: <KeyPress from None: t=1583.7665534999978, value=7, duration=None>
1583.8879 	EXP 	Device response: <KeyPress from None: t=1583.7665534999978, value=7, duration=0.10571630002232268>
1583.9083 	DATA 	Keypress: 8
1583.9208 	EXP 	Device response: <KeyPress from None: t=1583.9059621000197, value=8, duration=None>
1583.9878 	DATA 	Keypress: 6
1583.9891 	EXP 	Device response: <KeyPress from None: t=1583.984404000017, value=6, duration=None>
1584.0391 	EXP 	Device response: <KeyPress from None: t=1583.9059621000197, value=8, duration=0.12807669999892823>
1584.1043 	EXP 	Device response: <KeyPress from None: t=1583.984404000017, value=6, duration=0.10613369999919087>
1606.6971 	DATA 	Keypress: space
1606.6991 	EXP 	Device response: <KeyPress from None: t=1606.6953024000104, value=space, duration=None>
1606.7978 	EXP 	Device response: <KeyPress from None: t=1582.8004636999976, value=space, duration=23.994723600015277>
1607.8322 	DATA 	Mouse: Left button down, pos=(930,215)
1607.8468 	EXP 	New trial (rep=20, index=6): <Trial 246 (6 in rep 20) data={'delay': 0.7, 'freq': 1000, 'condition': 'exp', 'thisN': 246, 'thisTrialN': 6, 'thisRepN': 20}>
1607.8624 	EXP 	text: autoDraw = False
1607.8624 	EXP 	textbox: autoDraw = False
1607.8624 	EXP 	polygon: autoDraw = True
1608.0639 	DATA 	Mouse:  Left button up, pos=(930,215)
1608.8625 	INFO 	Keyboard events cleared
1608.8623 	EXP 	polygon: autoDraw = False
1608.8623 	EXP 	polygon_2: autoDraw = True
1615.7438 	EXP 	Device response: <KeyPress from None: t=1615.7287903999968, value=space, duration=None>
1615.7460 	DATA 	Keypress: space
1615.7601 	EXP 	polygon: autoDraw = False
1615.7601 	EXP 	polygon_2: autoDraw = False
1615.8438 	EXP 	Device response: <KeyPress from None: t=1606.6953024000104, value=space, duration=9.134038399992278>
1616.4267 	EXP 	Sound sound_1 reached end of file
1616.4431 	EXP 	Playing sound sound_1 on speaker Speaker (Realtek(R) Audio)
1616.7422 	EXP 	Sound sound_1 stopped
1616.7503 	EXP 	text: autoDraw = True
1616.7503 	EXP 	textbox: autoDraw = True
1617.6461 	DATA 	Keypress: 1
1617.6600 	EXP 	Device response: <KeyPress from None: t=1617.6443671000015, value=1, duration=None>
1617.7777 	EXP 	Device response: <KeyPress from None: t=1617.6443671000015, value=1, duration=0.12197070001275279>
1617.8477 	DATA 	Keypress: 2
1617.8598 	EXP 	Device response: <KeyPress from None: t=1617.8468186999962, value=2, duration=None>
1617.9595 	EXP 	Device response: <KeyPress from None: t=1617.8468186999962, value=2, duration=0.09847260001697578>
1618.0432 	DATA 	Keypress: 3
1618.0448 	EXP 	Device response: <KeyPress from None: t=1618.0359758000122, value=3, duration=None>
1618.1761 	EXP 	Device response: <KeyPress from None: t=1618.0359758000122, value=3, duration=0.12968119999277405>
1619.3425 	DATA 	Mouse: Left button down, pos=(930,215)
1619.3432 	EXP 	New trial (rep=20, index=7): <Trial 247 (7 in rep 20) data={'delay': 0.1, 'freq': 400, 'condition': 'unexp', 'thisN': 247, 'thisTrialN': 7, 'thisRepN': 20}>
1619.3588 	EXP 	text: autoDraw = False
1619.3588 	EXP 	textbox: autoDraw = False
1619.3588 	EXP 	polygon: autoDraw = True
1619.5766 	DATA 	Mouse:  Left button up, pos=(930,215)
1620.3587 	INFO 	Keyboard events cleared
1620.3585 	EXP 	polygon: autoDraw = False
1620.3585 	EXP 	polygon_2: autoDraw = True
1620.8587 	EXP 	Device response: <KeyPress from None: t=1620.853242400015, value=space, duration=None>
1620.8598 	DATA 	Keypress: space
1620.8746 	EXP 	polygon: autoDraw = False
1620.8746 	EXP 	polygon_2: autoDraw = False
1620.9421 	EXP 	Sound sound_1 reached end of file
1620.9585 	EXP 	Playing sound sound_1 on speaker Speaker (Realtek(R) Audio)
1620.9919 	EXP 	Device response: <KeyPress from None: t=1615.7287903999968, value=space, duration=5.261728200013749>
1621.2568 	EXP 	Sound sound_1 stopped
1621.2639 	EXP 	text: autoDraw = True
1621.2639 	EXP 	textbox: autoDraw = True
1622.5948 	DATA 	Keypress: 6
1622.6079 	EXP 	Device response: <KeyPress from None: t=1622.5941770000209, value=6, duration=None>
1622.6925 	EXP 	Device response: <KeyPress from None: t=1622.5941770000209, value=6, duration=0.08884779998334125>
1622.7762 	DATA 	Keypress: 7
1622.7778 	EXP 	Device response: <KeyPress from None: t=1622.7744693999994, value=7, duration=None>
1622.8925 	EXP 	Device response: <KeyPress from None: t=1622.7744693999994, value=7, duration=0.1113203999993857>
1622.9423 	DATA 	Keypress: 8
1622.9438 	EXP 	Device response: <KeyPress from None: t=1622.9406881000032, value=8, duration=None>
1623.0417 	EXP 	Device response: <KeyPress from None: t=1622.9406881000032, value=8, duration=0.09459260001312941>
1623.9610 	DATA 	Mouse: Left button down, pos=(930,215)
1623.9749 	EXP 	New trial (rep=20, index=8): <Trial 248 (8 in rep 20) data={'delay': 0.4, 'freq': 400, 'condition': 'unexp', 'thisN': 248, 'thisTrialN': 8, 'thisRepN': 20}>
1623.9911 	EXP 	text: autoDraw = False
1623.9911 	EXP 	textbox: autoDraw = False
1623.9911 	EXP 	polygon: autoDraw = True
1624.1914 	DATA 	Mouse:  Left button up, pos=(930,215)
1624.6738 	EXP 	Device response: <KeyPress from None: t=1624.66461170002, value=space, duration=None>
1624.6747 	DATA 	Keypress: space
1624.7906 	EXP 	Device response: <KeyPress from None: t=1620.853242400015, value=space, duration=3.9224008999881335>
1624.9906 	INFO 	Keyboard events cleared
1624.9904 	EXP 	polygon_2: autoDraw = True
1625.0075 	EXP 	polygon: autoDraw = False
1631.4385 	EXP 	Device response: <KeyPress from None: t=1631.4247248000174, value=6, duration=None>
1631.4396 	DATA 	Keypress: 6
1631.5217 	EXP 	Device response: <KeyPress from None: t=1631.4247248000174, value=6, duration=0.0830114999844227>
1631.6883 	EXP 	Device response: <KeyPress from None: t=1631.6851222999976, value=7, duration=None>
1631.6894 	DATA 	Keypress: 7
1631.7715 	EXP 	Device response: <KeyPress from None: t=1631.6851222999976, value=7, duration=0.0795739000022877>
1632.1382 	EXP 	Device response: <KeyPress from None: t=1632.1340399000037, value=space, duration=None>
1632.1403 	DATA 	Keypress: space
1632.1545 	EXP 	polygon: autoDraw = False
1632.1545 	EXP 	polygon_2: autoDraw = False
1632.2382 	EXP 	Device response: <KeyPress from None: t=1624.66461170002, value=space, duration=7.564917799987597>
1632.5211 	EXP 	Sound sound_1 reached end of file
1632.5374 	EXP 	Playing sound sound_1 on speaker Speaker (Realtek(R) Audio)
1632.8337 	EXP 	Sound sound_1 stopped
1632.8417 	EXP 	text: autoDraw = True
1632.8417 	EXP 	textbox: autoDraw = True
1742.1688 	DATA 	Keypress: 4
1742.1697 	EXP 	Device response: <KeyPress from None: t=1742.1574366000132, value=4, duration=None>
1742.2694 	EXP 	Device response: <KeyPress from None: t=1742.1574366000132, value=4, duration=0.1008023000031244>
1742.3344 	DATA 	Keypress: 5
1742.3351 	EXP 	Device response: <KeyPress from None: t=1742.3248388000065, value=5, duration=None>
1742.4361 	EXP 	Device response: <KeyPress from None: t=1742.3248388000065, value=5, duration=0.0993845000048168>
1742.4885 	DATA 	Keypress: 6
1742.5010 	EXP 	Device response: <KeyPress from None: t=1742.4876675000123, value=6, duration=None>
1742.6351 	EXP 	Device response: <KeyPress from None: t=1742.4876675000123, value=6, duration=0.1393017999944277>
1744.9500 	DATA 	Mouse: Left button down, pos=(926,209)
1744.9507 	EXP 	New trial (rep=20, index=9): <Trial 249 (9 in rep 20) data={'delay': 0.4, 'freq': 1000, 'condition': 'exp', 'thisN': 249, 'thisTrialN': 9, 'thisRepN': 20}>
1744.9663 	EXP 	text: autoDraw = False
1744.9663 	EXP 	textbox: autoDraw = False
1744.9663 	EXP 	polygon: autoDraw = True
1745.1844 	DATA 	Mouse:  Left button up, pos=(926,209)
1745.9662 	INFO 	Keyboard events cleared
1745.9660 	EXP 	polygon: autoDraw = False
1745.9660 	EXP 	polygon_2: autoDraw = True
1751.1981 	EXP 	Device response: <KeyPress from None: t=1751.1890304000117, value=space, duration=None>
1751.2003 	DATA 	Keypress: space
1751.2142 	EXP 	polygon: autoDraw = False
1751.2142 	EXP 	polygon_2: autoDraw = False
1751.3312 	EXP 	Device response: <KeyPress from None: t=1632.1340399000037, value=space, duration=119.1940344000177>
1751.5811 	EXP 	Sound sound_1 reached end of file
1751.5974 	EXP 	Playing sound sound_1 on speaker Speaker (Realtek(R) Audio)
1751.8925 	EXP 	Sound sound_1 stopped
1751.9011 	EXP 	text: autoDraw = True
1751.9011 	EXP 	textbox: autoDraw = True
1752.7347 	DATA 	Keypress: 5
1752.7473 	EXP 	Device response: <KeyPress from None: t=1752.7315727999958, value=5, duration=None>
1752.8490 	EXP 	Device response: <KeyPress from None: t=1752.7315727999958, value=5, duration=0.10578640000312589>
1752.9154 	DATA 	Keypress: 6
1752.9176 	EXP 	Device response: <KeyPress from None: t=1752.914677599998, value=6, duration=None>
1753.0314 	DATA 	Keypress: 7
1753.0329 	EXP 	Device response: <KeyPress from None: t=1753.0253427000134, value=7, duration=None>
1753.0329 	EXP 	Device response: <KeyPress from None: t=1752.914677599998, value=6, duration=0.11247930000536144>
1753.1647 	EXP 	Device response: <KeyPress from None: t=1753.0253427000134, value=7, duration=0.12734790000831708>
1753.9971 	DATA 	Mouse: Left button down, pos=(926,209)
1753.9978 	EXP 	New trial (rep=20, index=10): <Trial 250 (10 in rep 20) data={'delay': 0.7, 'freq': 1000, 'condition': 'exp', 'thisN': 250, 'thisTrialN': 10, 'thisRepN': 20}>
1754.0134 	EXP 	text: autoDraw = False
1754.0134 	EXP 	textbox: autoDraw = False
1754.0134 	EXP 	polygon: autoDraw = True
1754.2142 	DATA 	Mouse:  Left button up, pos=(926,209)
1755.0136 	INFO 	Keyboard events cleared
1755.0135 	EXP 	polygon: autoDraw = False
1755.0135 	EXP 	polygon_2: autoDraw = True
1757.3128 	EXP 	Device response: <KeyPress from None: t=1757.3066746999975, value=space, duration=None>
1757.3148 	DATA 	Keypress: space
1757.3290 	EXP 	polygon: autoDraw = False
1757.3290 	EXP 	polygon_2: autoDraw = False
1757.3794 	EXP 	Device response: <KeyPress from None: t=1751.1890304000117, value=space, duration=6.173133899981622>
1757.9958 	EXP 	Sound sound_1 reached end of file
1758.0121 	EXP 	Playing sound sound_1 on speaker Speaker (Realtek(R) Audio)
1758.3129 	EXP 	Sound sound_1 stopped
1758.3226 	EXP 	text: autoDraw = True
1758.3226 	EXP 	textbox: autoDraw = True
1758.5296 	DATA 	Keypress: 7
1758.5310 	EXP 	Device response: <KeyPress from None: t=1758.5171534999972, value=7, duration=None>
1758.6455 	EXP 	Device response: <KeyPress from None: t=1758.5171534999972, value=7, duration=0.11704650000319816>
1758.7125 	DATA 	Keypress: 8
1758.7138 	EXP 	Device response: <KeyPress from None: t=1758.7015093000082, value=8, duration=None>
1758.8132 	EXP 	Device response: <KeyPress from None: t=1758.7015093000082, value=8, duration=0.10492720000911504>
1759.0646 	DATA 	Keypress: 5
1759.0788 	EXP 	Device response: <KeyPress from None: t=1759.062197399995, value=5, duration=None>
1759.1463 	EXP 	Device response: <KeyPress from None: t=1759.062197399995, value=5, duration=0.07255870001972653>
1763.4474 	DATA 	Mouse: Left button down, pos=(926,209)
1763.4613 	EXP 	New trial (rep=20, index=11): <Trial 251 (11 in rep 20) data={'delay': 0.7, 'freq': 400, 'condition': 'unexp', 'thisN': 251, 'thisTrialN': 11, 'thisRepN': 20}>
1763.4769 	EXP 	text: autoDraw = False
1763.4769 	EXP 	textbox: autoDraw = False
1763.4769 	EXP 	polygon: autoDraw = True
1763.6794 	DATA 	Mouse:  Left button up, pos=(926,209)
1764.4768 	INFO 	Keyboard events cleared
1764.4766 	EXP 	polygon: autoDraw = False
1764.4766 	EXP 	polygon_2: autoDraw = True
1766.5429 	EXP 	Device response: <KeyPress from None: t=1766.5315059999994, value=space, duration=None>
1766.5451 	DATA 	Keypress: space
1766.5592 	EXP 	polygon: autoDraw = False
1766.5592 	EXP 	polygon_2: autoDraw = False
1766.6426 	EXP 	Device response: <KeyPress from None: t=1757.3066746999975, value=space, duration=9.334700200008228>
1767.2425 	EXP 	Sound sound_1 reached end of file
1767.2588 	EXP 	Playing sound sound_1 on speaker Speaker (Realtek(R) Audio)
1767.5564 	EXP 	Sound sound_1 stopped
1767.5625 	EXP 	text: autoDraw = True
1767.5625 	EXP 	textbox: autoDraw = True
1767.6934 	DATA 	Keypress: 5
1767.6941 	EXP 	Device response: <KeyPress from None: t=1767.6825170000084, value=5, duration=None>
1767.7932 	EXP 	Device response: <KeyPress from None: t=1767.6825170000084, value=5, duration=0.10607290000189096>
1768.0097 	DATA 	Keypress: 4
1768.0106 	EXP 	Device response: <KeyPress from None: t=1768.0025824000186, value=4, duration=None>
1768.1095 	EXP 	Device response: <KeyPress from None: t=1768.0025824000186, value=4, duration=0.09982969998964109>
1768.2761 	DATA 	Keypress: 6
1768.2774 	EXP 	Device response: <KeyPress from None: t=1768.267542799993, value=6, duration=None>
1768.3936 	EXP 	Device response: <KeyPress from None: t=1768.267542799993, value=6, duration=0.11713030000100844>
1769.3255 	DATA 	Mouse: Left button down, pos=(926,209)
1769.3262 	EXP 	New trial (rep=21, index=0): <Trial 252 (0 in rep 21) data={'delay': 0.4, 'freq': 400, 'condition': 'unexp', 'thisN': 252, 'thisTrialN': 0, 'thisRepN': 21}>
1769.3414 	EXP 	text: autoDraw = False
1769.3414 	EXP 	textbox: autoDraw = False
1769.3414 	EXP 	polygon: autoDraw = True
1769.5600 	DATA 	Mouse:  Left button up, pos=(926,209)
1769.9085 	EXP 	Device response: <KeyPress from None: t=1769.9025165000057, value=space, duration=None>
1769.9096 	DATA 	Keypress: space
1769.9750 	EXP 	Device response: <KeyPress from None: t=1766.5315059999994, value=space, duration=3.4278024999948684>
1770.3413 	INFO 	Keyboard events cleared
1770.3411 	EXP 	polygon: autoDraw = False
1770.3411 	EXP 	polygon_2: autoDraw = True
1772.1255 	DATA 	Keypress: space
1772.1412 	EXP 	Device response: <KeyPress from None: t=1772.1248212000064, value=space, duration=None>
1772.1570 	EXP 	polygon: autoDraw = False
1772.1570 	EXP 	polygon_2: autoDraw = False
1772.1908 	EXP 	Device response: <KeyPress from None: t=1769.9025165000057, value=space, duration=2.2787253000133205>
1772.5242 	EXP 	Sound sound_1 reached end of file
1772.5405 	EXP 	Playing sound sound_1 on speaker Speaker (Realtek(R) Audio)
1772.8337 	EXP 	Sound sound_1 stopped
1772.8439 	EXP 	text: autoDraw = True
1772.8439 	EXP 	textbox: autoDraw = True
1785.4088 	DATA 	Keypress: 6
1785.4196 	EXP 	Device response: <KeyPress from None: t=1785.4051013000135, value=6, duration=None>
1785.5544 	EXP 	Device response: <KeyPress from None: t=1785.4051013000135, value=6, duration=0.13929989997996017>
1785.9866 	DATA 	Keypress: 5
1785.9882 	EXP 	Device response: <KeyPress from None: t=1785.9770262000093, value=5, duration=None>
1786.1709 	EXP 	Device response: <KeyPress from None: t=1785.9770262000093, value=5, duration=0.18840059998910874>
1786.5697 	DATA 	Keypress: 4
1786.5710 	EXP 	Device response: <KeyPress from None: t=1786.5667789000145, value=4, duration=None>
1786.7038 	EXP 	Device response: <KeyPress from None: t=1786.5667789000145, value=4, duration=0.1287951999984216>
1790.3514 	DATA 	Mouse: Left button down, pos=(941,206)
1790.3520 	EXP 	New trial (rep=21, index=1): <Trial 253 (1 in rep 21) data={'delay': 0.4, 'freq': 1000, 'condition': 'exp', 'thisN': 253, 'thisTrialN': 1, 'thisRepN': 21}>
1790.3679 	EXP 	text: autoDraw = False
1790.3679 	EXP 	textbox: autoDraw = False
1790.3679 	EXP 	polygon: autoDraw = True
1790.5857 	DATA 	Mouse:  Left button up, pos=(941,206)
1791.3675 	INFO 	Keyboard events cleared
1791.3674 	EXP 	polygon: autoDraw = False
1791.3674 	EXP 	polygon_2: autoDraw = True
1793.3839 	EXP 	Device response: <KeyPress from None: t=1793.3719185999944, value=space, duration=None>
1793.3860 	DATA 	Keypress: space
1793.4003 	EXP 	polygon: autoDraw = False
1793.4003 	EXP 	polygon_2: autoDraw = False
1793.4672 	EXP 	Device response: <KeyPress from None: t=1772.1248212000064, value=space, duration=21.33602419999079>
1793.7670 	EXP 	Sound sound_1 reached end of file
1793.7834 	EXP 	Playing sound sound_1 on speaker Speaker (Realtek(R) Audio)
1794.0811 	EXP 	Sound sound_1 stopped
1794.0894 	EXP 	text: autoDraw = True
1794.0894 	EXP 	textbox: autoDraw = True
1797.2658 	DATA 	Keypress: 6
1797.2673 	EXP 	Device response: <KeyPress from None: t=1797.2643765000103, value=6, duration=None>
1797.3994 	EXP 	Device response: <KeyPress from None: t=1797.2643765000103, value=6, duration=0.12260239999159239>
1797.4825 	DATA 	Keypress: 7
1797.4840 	EXP 	Device response: <KeyPress from None: t=1797.4766177000129, value=7, duration=None>
1797.5845 	EXP 	Device response: <KeyPress from None: t=1797.4766177000129, value=7, duration=0.09990030000335537>
1798.5830 	DATA 	Keypress: 3
1798.5850 	EXP 	Device response: <KeyPress from None: t=1798.5776677000104, value=3, duration=None>
1798.7326 	EXP 	Device response: <KeyPress from None: t=1798.5776677000104, value=3, duration=0.14822249999269843>
1799.5518 	DATA 	Mouse: Left button down, pos=(941,206)
1799.5659 	EXP 	New trial (rep=21, index=2): <Trial 254 (2 in rep 21) data={'delay': 0.7, 'freq': 1000, 'condition': 'exp', 'thisN': 254, 'thisTrialN': 2, 'thisRepN': 21}>
1799.5812 	EXP 	text: autoDraw = False
1799.5812 	EXP 	textbox: autoDraw = False
1799.5812 	EXP 	polygon: autoDraw = True
1799.7825 	DATA 	Mouse:  Left button up, pos=(941,206)
1800.5810 	INFO 	Keyboard events cleared
1800.5808 	EXP 	polygon: autoDraw = False
1800.5808 	EXP 	polygon_2: autoDraw = True
1800.8812 	EXP 	Device response: <KeyPress from None: t=1800.8727384000085, value=space, duration=None>
1800.8832 	DATA 	Keypress: space
1800.8977 	EXP 	polygon: autoDraw = False
1800.8977 	EXP 	polygon_2: autoDraw = False
1800.9313 	EXP 	Device response: <KeyPress from None: t=1793.3719185999944, value=space, duration=7.558244800020475>
1801.5641 	EXP 	Sound sound_1 reached end of file
1801.5805 	EXP 	Playing sound sound_1 on speaker Speaker (Realtek(R) Audio)
1801.8811 	EXP 	Sound sound_1 stopped
1801.8893 	EXP 	text: autoDraw = True
1801.8893 	EXP 	textbox: autoDraw = True
1804.1009 	DATA 	Keypress: 9
1804.1138 	EXP 	Device response: <KeyPress from None: t=1804.1001231000118, value=9, duration=None>
1804.2641 	EXP 	Device response: <KeyPress from None: t=1804.1001231000118, value=9, duration=0.16068800000357442>
1804.4304 	DATA 	Keypress: 3
1804.4315 	EXP 	Device response: <KeyPress from None: t=1804.4181270000117, value=3, duration=None>
1804.5818 	EXP 	Device response: <KeyPress from None: t=1804.4181270000117, value=3, duration=0.1495359999826178>
1804.6309 	DATA 	Keypress: 2
1804.6328 	EXP 	Device response: <KeyPress from None: t=1804.6294527999999, value=2, duration=None>
1804.8305 	EXP 	Device response: <KeyPress from None: t=1804.6294527999999, value=2, duration=0.1938244000193663>
1805.8801 	DATA 	Mouse: Left button down, pos=(941,206)
1805.8805 	EXP 	New trial (rep=21, index=3): <Trial 255 (3 in rep 21) data={'delay': 0.7, 'freq': 1000, 'condition': 'exp', 'thisN': 255, 'thisTrialN': 3, 'thisRepN': 21}>
1805.8969 	EXP 	text: autoDraw = False
1805.8969 	EXP 	textbox: autoDraw = False
1805.8969 	EXP 	polygon: autoDraw = True
1806.1139 	DATA 	Mouse:  Left button up, pos=(941,206)
1806.8958 	INFO 	Keyboard events cleared
1806.8956 	EXP 	polygon_2: autoDraw = True
1806.9123 	EXP 	polygon: autoDraw = False
1807.0468 	DATA 	Keypress: space
1807.0622 	EXP 	Device response: <KeyPress from None: t=1807.0461481999955, value=space, duration=None>
1807.0784 	EXP 	polygon: autoDraw = False
1807.0784 	EXP 	polygon_2: autoDraw = False
1807.1791 	EXP 	Device response: <KeyPress from None: t=1800.8727384000085, value=space, duration=6.28952570000547>
1807.7457 	EXP 	Sound sound_1 reached end of file
1807.7620 	EXP 	Playing sound sound_1 on speaker Speaker (Realtek(R) Audio)
1808.0637 	EXP 	Sound sound_1 stopped
1808.0719 	EXP 	text: autoDraw = True
1808.0719 	EXP 	textbox: autoDraw = True
1827.5226 	DATA 	Keypress: 6
1827.5240 	EXP 	Device response: <KeyPress from None: t=1827.5144054999982, value=6, duration=None>
1827.6235 	EXP 	Device response: <KeyPress from None: t=1827.5144054999982, value=6, duration=0.100114200002281>
1827.7930 	DATA 	Keypress: 7
1827.8053 	EXP 	Device response: <KeyPress from None: t=1827.7909624000022, value=7, duration=None>
1827.9054 	EXP 	Device response: <KeyPress from None: t=1827.7909624000022, value=7, duration=0.09982780000427738>
1828.8889 	DATA 	Keypress: 8
1828.8911 	EXP 	Device response: <KeyPress from None: t=1828.8824991000001, value=8, duration=None>
1828.9392 	EXP 	Device response: <KeyPress from None: t=1828.8824991000001, value=8, duration=0.05103500001132488>
1829.8550 	DATA 	Mouse: Left button down, pos=(941,206)
1829.8557 	EXP 	New trial (rep=21, index=4): <Trial 256 (4 in rep 21) data={'delay': 0.1, 'freq': 1000, 'condition': 'exp', 'thisN': 256, 'thisTrialN': 4, 'thisRepN': 21}>
1829.8714 	EXP 	text: autoDraw = False
1829.8714 	EXP 	textbox: autoDraw = False
1829.8714 	EXP 	polygon: autoDraw = True
1830.0903 	DATA 	Mouse:  Left button up, pos=(941,206)
1830.8710 	INFO 	Keyboard events cleared
1830.8709 	EXP 	polygon: autoDraw = False
1830.8709 	EXP 	polygon_2: autoDraw = True
1850.5646 	EXP 	Device response: <KeyPress from None: t=1850.5628395999956, value=space, duration=None>
1850.5667 	DATA 	Keypress: space
1850.5807 	EXP 	polygon: autoDraw = False
1850.5807 	EXP 	polygon_2: autoDraw = False
1850.6476 	EXP 	Sound sound_1 reached end of file
1850.6640 	EXP 	Playing sound sound_1 on speaker Speaker (Realtek(R) Audio)
1850.6649 	EXP 	Device response: <KeyPress from None: t=1807.0461481999955, value=space, duration=43.61668930001906>
1850.9639 	EXP 	Sound sound_1 stopped
1850.9704 	EXP 	text: autoDraw = True
1850.9704 	EXP 	textbox: autoDraw = True
1852.8475 	DATA 	Keypress: 3
1852.8482 	EXP 	Device response: <KeyPress from None: t=1852.8402031000005, value=3, duration=None>
1852.9473 	EXP 	Device response: <KeyPress from None: t=1852.8402031000005, value=3, duration=0.094410899997456>
1853.0638 	DATA 	Keypress: 4
1853.0645 	EXP 	Device response: <KeyPress from None: t=1853.0552336999972, value=4, duration=None>
1853.1810 	EXP 	Device response: <KeyPress from None: t=1853.0552336999972, value=4, duration=0.11798930002260022>
1853.3805 	DATA 	Keypress: 7
1853.3819 	EXP 	Device response: <KeyPress from None: t=1853.3727742000192, value=7, duration=None>
1853.5310 	EXP 	Device response: <KeyPress from None: t=1853.3727742000192, value=7, duration=0.15536019997671247>
1854.4501 	DATA 	Mouse: Left button down, pos=(941,206)
1854.4640 	EXP 	New trial (rep=21, index=5): <Trial 257 (5 in rep 21) data={'delay': 0.1, 'freq': 1000, 'condition': 'exp', 'thisN': 257, 'thisTrialN': 5, 'thisRepN': 21}>
1854.4797 	EXP 	text: autoDraw = False
1854.4797 	EXP 	textbox: autoDraw = False
1854.4797 	EXP 	polygon: autoDraw = True
1854.6815 	DATA 	Mouse:  Left button up, pos=(941,206)
1855.4793 	INFO 	Keyboard events cleared
1855.4791 	EXP 	polygon: autoDraw = False
1855.4791 	EXP 	polygon_2: autoDraw = True
1857.5789 	EXP 	Device response: <KeyPress from None: t=1857.5753851000045, value=space, duration=None>
1857.5799 	DATA 	Keypress: space
1857.5954 	EXP 	polygon: autoDraw = False
1857.5954 	EXP 	polygon_2: autoDraw = False
1857.6621 	EXP 	Sound sound_1 reached end of file
1857.6785 	EXP 	Playing sound sound_1 on speaker Speaker (Realtek(R) Audio)
1857.6956 	EXP 	Device response: <KeyPress from None: t=1850.5628395999956, value=space, duration=7.11887950001983>
1857.9760 	EXP 	Sound sound_1 stopped
1857.9826 	EXP 	text: autoDraw = True
1857.9826 	EXP 	textbox: autoDraw = True
1861.8108 	DATA 	Keypress: 7
1861.8114 	EXP 	Device response: <KeyPress from None: t=1861.80656680002, value=7, duration=None>
1861.9440 	EXP 	Device response: <KeyPress from None: t=1861.80656680002, value=7, duration=0.12415999997756444>
1862.2442 	DATA 	Keypress: 8
1862.2457 	EXP 	Device response: <KeyPress from None: t=1862.2348244000168, value=8, duration=None>
1862.3277 	EXP 	Device response: <KeyPress from None: t=1862.2348244000168, value=8, duration=0.07734389998950064>
1862.5180 	DATA 	Keypress: 9
1862.5275 	EXP 	Device response: <KeyPress from None: t=1862.5160593000182, value=9, duration=None>
1862.6438 	EXP 	Device response: <KeyPress from None: t=1862.5160593000182, value=9, duration=0.11319459998048842>
1863.4477 	DATA 	Mouse: Left button down, pos=(941,206)
1863.4607 	EXP 	New trial (rep=21, index=6): <Trial 258 (6 in rep 21) data={'delay': 0.4, 'freq': 1000, 'condition': 'exp', 'thisN': 258, 'thisTrialN': 6, 'thisRepN': 21}>
1863.4765 	EXP 	text: autoDraw = False
1863.4765 	EXP 	textbox: autoDraw = False
1863.4765 	EXP 	polygon: autoDraw = True
1863.6778 	DATA 	Mouse:  Left button up, pos=(941,206)
1864.4267 	EXP 	Device response: <KeyPress from None: t=1864.4210187999997, value=space, duration=None>
1864.4277 	DATA 	Keypress: space
1864.4764 	INFO 	Keyboard events cleared
1864.4762 	EXP 	polygon: autoDraw = False
1864.4762 	EXP 	polygon_2: autoDraw = True
1864.5100 	EXP 	Device response: <KeyPress from None: t=1857.5753851000045, value=space, duration=6.923720199993113>
1865.6762 	EXP 	Device response: <KeyPress from None: t=1865.6666493999946, value=space, duration=None>
1865.6788 	DATA 	Keypress: space
1865.6924 	EXP 	polygon: autoDraw = False
1865.6924 	EXP 	polygon_2: autoDraw = False
1865.7596 	EXP 	Device response: <KeyPress from None: t=1864.4210187999997, value=space, duration=1.3348283999948762>
1866.0758 	EXP 	Sound sound_1 reached end of file
1866.0921 	EXP 	Playing sound sound_1 on speaker Speaker (Realtek(R) Audio)
1866.3595 	EXP 	Device response: <KeyPress from None: t=1866.3548847000056, value=4, duration=None>
1866.3603 	DATA 	Keypress: 4
1866.3896 	EXP 	Sound sound_1 stopped
1866.3979 	EXP 	text: autoDraw = True
1866.3979 	EXP 	textbox: autoDraw = True
1866.4766 	EXP 	Device response: <KeyPress from None: t=1866.3548847000056, value=4, duration=0.10937019999255426>
1866.6260 	DATA 	Keypress: 5
1866.6272 	EXP 	Device response: <KeyPress from None: t=1866.6176265999966, value=5, duration=None>
1866.7926 	EXP 	Device response: <KeyPress from None: t=1866.6176265999966, value=5, duration=0.16145200000028126>
1866.8597 	DATA 	Keypress: 6
1866.8611 	EXP 	Device response: <KeyPress from None: t=1866.8495201000187, value=6, duration=None>
1867.0110 	EXP 	Device response: <KeyPress from None: t=1866.8495201000187, value=6, duration=0.15090049998252653>
1868.0589 	DATA 	Keypress: 9
1868.0601 	EXP 	Device response: <KeyPress from None: t=1868.050431200012, value=9, duration=None>
1868.2585 	EXP 	Device response: <KeyPress from None: t=1868.050431200012, value=9, duration=0.19427519998862408>
1869.5920 	DATA 	Mouse: Left button down, pos=(941,206)
1869.5929 	EXP 	New trial (rep=21, index=7): <Trial 259 (7 in rep 21) data={'delay': 0.4, 'freq': 1000, 'condition': 'exp', 'thisN': 259, 'thisTrialN': 7, 'thisRepN': 21}>
1869.6077 	EXP 	text: autoDraw = False
1869.6077 	EXP 	textbox: autoDraw = False
1869.6077 	EXP 	polygon: autoDraw = True
1869.8090 	DATA 	Mouse:  Left button up, pos=(941,206)
1870.1248 	EXP 	Device response: <KeyPress from None: t=1870.1116514000169, value=space, duration=None>
1870.1258 	DATA 	Keypress: space
1870.1911 	EXP 	Device response: <KeyPress from None: t=1865.6666493999946, value=space, duration=4.523371700022835>
1870.6076 	INFO 	Keyboard events cleared
1870.6074 	EXP 	polygon: autoDraw = False
1870.6074 	EXP 	polygon_2: autoDraw = True
1872.4736 	EXP 	Device response: <KeyPress from None: t=1872.467279000004, value=space, duration=None>
1872.4746 	DATA 	Keypress: space
1872.4900 	EXP 	polygon: autoDraw = False
1872.4900 	EXP 	polygon_2: autoDraw = False
1872.5737 	EXP 	Device response: <KeyPress from None: t=1870.1116514000169, value=space, duration=2.4455935999867506>
1872.8570 	EXP 	Sound sound_1 reached end of file
1872.8733 	EXP 	Playing sound sound_1 on speaker Speaker (Realtek(R) Audio)
1873.1723 	EXP 	Sound sound_1 stopped
1873.1809 	EXP 	text: autoDraw = True
1873.1809 	EXP 	textbox: autoDraw = True
1873.5296 	DATA 	Keypress: 1
1873.5402 	EXP 	Device response: <KeyPress from None: t=1873.529446200002, value=1, duration=None>
1873.6898 	EXP 	Device response: <KeyPress from None: t=1873.529446200002, value=1, duration=0.14450480000232346>
1873.7901 	DATA 	Keypress: 2
1873.7910 	EXP 	Device response: <KeyPress from None: t=1873.7855592000124, value=2, duration=None>
1873.9248 	EXP 	Device response: <KeyPress from None: t=1873.7855592000124, value=2, duration=0.13364240000373684>
1874.7231 	DATA 	Keypress: 8
1874.7258 	EXP 	Device response: <KeyPress from None: t=1874.7200557000178, value=8, duration=None>
1874.8738 	EXP 	Device response: <KeyPress from None: t=1874.7200557000178, value=8, duration=0.14485479998984374>
1875.6918 	DATA 	Mouse: Left button down, pos=(941,206)
1875.7062 	EXP 	New trial (rep=21, index=8): <Trial 260 (8 in rep 21) data={'delay': 0.7, 'freq': 400, 'condition': 'unexp', 'thisN': 260, 'thisTrialN': 8, 'thisRepN': 21}>
1875.7223 	EXP 	text: autoDraw = False
1875.7223 	EXP 	textbox: autoDraw = False
1875.7223 	EXP 	polygon: autoDraw = True
1875.9239 	DATA 	Mouse:  Left button up, pos=(941,206)
1876.7058 	INFO 	Keyboard events cleared
1876.7057 	EXP 	polygon_2: autoDraw = True
1876.7223 	EXP 	polygon: autoDraw = False
1877.0223 	EXP 	Device response: <KeyPress from None: t=1877.0151609000168, value=space, duration=None>
1877.0245 	DATA 	Keypress: space
1877.0385 	EXP 	polygon: autoDraw = False
1877.0385 	EXP 	polygon_2: autoDraw = False
1877.1059 	EXP 	Device response: <KeyPress from None: t=1872.467279000004, value=space, duration=4.637508699990576>
1877.7054 	EXP 	Sound sound_1 reached end of file
1877.7218 	EXP 	Playing sound sound_1 on speaker Speaker (Realtek(R) Audio)
1878.0243 	EXP 	Sound sound_1 stopped
1878.0353 	EXP 	text: autoDraw = True
1878.0353 	EXP 	textbox: autoDraw = True
1878.8051 	DATA 	Keypress: 5
1878.8059 	EXP 	Device response: <KeyPress from None: t=1878.7947236000036, value=5, duration=None>
1878.9391 	EXP 	Device response: <KeyPress from None: t=1878.7947236000036, value=5, duration=0.13885560000198893>
1879.0215 	DATA 	Keypress: 5
1879.0229 	EXP 	Device response: <KeyPress from None: t=1879.0195404000115, value=5, duration=None>
1879.1883 	DATA 	Keypress: 9
1879.1898 	EXP 	Device response: <KeyPress from None: t=1879.1783253000176, value=9, duration=None>
1879.1899 	EXP 	Device response: <KeyPress from None: t=1879.0195404000115, value=5, duration=0.16467470000497997>
1879.3220 	EXP 	Device response: <KeyPress from None: t=1879.1783253000176, value=9, duration=0.13985769997816533>
1880.1051 	DATA 	Mouse: Left button down, pos=(941,206)
1880.1056 	EXP 	New trial (rep=21, index=9): <Trial 261 (9 in rep 21) data={'delay': 0.1, 'freq': 1000, 'condition': 'exp', 'thisN': 261, 'thisTrialN': 9, 'thisRepN': 21}>
1880.1208 	EXP 	text: autoDraw = False
1880.1208 	EXP 	textbox: autoDraw = False
1880.1208 	EXP 	polygon: autoDraw = True
1880.3223 	DATA 	Mouse:  Left button up, pos=(941,206)
1880.8378 	EXP 	Device response: <KeyPress from None: t=1880.8301906000124, value=space, duration=None>
1880.8389 	DATA 	Keypress: space
1880.9375 	EXP 	Device response: <KeyPress from None: t=1877.0151609000168, value=space, duration=3.920578999997815>
1881.1207 	INFO 	Keyboard events cleared
1881.1205 	EXP 	polygon: autoDraw = False
1881.1205 	EXP 	polygon_2: autoDraw = True
1881.6211 	EXP 	Device response: <KeyPress from None: t=1881.6200941000134, value=space, duration=None>
1881.6234 	DATA 	Keypress: space
1881.6368 	EXP 	polygon: autoDraw = False
1881.6368 	EXP 	polygon_2: autoDraw = False
1881.7040 	EXP 	Sound sound_1 reached end of file
1881.7204 	EXP 	Playing sound sound_1 on speaker Speaker (Realtek(R) Audio)
1881.7875 	EXP 	Device response: <KeyPress from None: t=1880.8301906000124, value=space, duration=0.9409723999851849>
1882.0219 	EXP 	Sound sound_1 stopped
1882.0298 	EXP 	text: autoDraw = True
1882.0298 	EXP 	textbox: autoDraw = True
1882.7786 	DATA 	Keypress: 5
1882.7881 	EXP 	Device response: <KeyPress from None: t=1882.7780553000048, value=5, duration=None>
1882.9036 	EXP 	Device response: <KeyPress from None: t=1882.7780553000048, value=5, duration=0.11088270001346245>
1883.0038 	DATA 	Keypress: 7
1883.0050 	EXP 	Device response: <KeyPress from None: t=1882.9922805000097, value=7, duration=None>
1883.1706 	DATA 	Keypress: 4
1883.1718 	EXP 	Device response: <KeyPress from None: t=1883.1649416, value=4, duration=None>
1883.1718 	EXP 	Device response: <KeyPress from None: t=1882.9922805000097, value=7, duration=0.1742794000019785>
1883.2552 	EXP 	Device response: <KeyPress from None: t=1883.1649416, value=4, duration=0.08314140001311898>
1884.2365 	DATA 	Mouse: Left button down, pos=(941,206)
1884.2372 	EXP 	New trial (rep=21, index=10): <Trial 262 (10 in rep 21) data={'delay': 0.7, 'freq': 1000, 'condition': 'exp', 'thisN': 262, 'thisTrialN': 10, 'thisRepN': 21}>
1884.2527 	EXP 	text: autoDraw = False
1884.2527 	EXP 	textbox: autoDraw = False
1884.2527 	EXP 	polygon: autoDraw = True
1884.4547 	DATA 	Mouse:  Left button up, pos=(941,206)
1884.8698 	EXP 	Device response: <KeyPress from None: t=1884.860808700003, value=space, duration=None>
1884.8709 	DATA 	Keypress: space
1884.9863 	EXP 	Device response: <KeyPress from None: t=1881.6200941000134, value=space, duration=3.3633198000025004>
1885.2527 	INFO 	Keyboard events cleared
1885.2525 	EXP 	polygon: autoDraw = False
1885.2525 	EXP 	polygon_2: autoDraw = True
1886.4195 	EXP 	Device response: <KeyPress from None: t=1886.418055200018, value=9, duration=None>
1886.4206 	DATA 	Keypress: 9
1886.5523 	EXP 	Device response: <KeyPress from None: t=1886.418055200018, value=9, duration=0.12278849998256192>
1886.6356 	EXP 	Device response: <KeyPress from None: t=1886.6209226000065, value=9, duration=None>
1886.6362 	DATA 	Keypress: 9
1886.8024 	EXP 	Device response: <KeyPress from None: t=1886.6209226000065, value=9, duration=0.17306050000479445>
1887.3534 	DATA 	Keypress: space
1887.3687 	EXP 	Device response: <KeyPress from None: t=1887.3519513999927, value=space, duration=None>
1887.3851 	EXP 	polygon: autoDraw = False
1887.3851 	EXP 	polygon_2: autoDraw = False
1887.8185 	EXP 	Device response: <KeyPress from None: t=1884.860808700003, value=space, duration=2.9551419999916106>
1888.0517 	EXP 	Sound sound_1 reached end of file
1888.0680 	EXP 	Playing sound sound_1 on speaker Speaker (Realtek(R) Audio)
1888.3350 	EXP 	Device response: <KeyPress from None: t=1888.3328825000208, value=9, duration=None>
1888.3357 	DATA 	Keypress: 9
1888.3618 	EXP 	Sound sound_1 stopped
1888.3723 	EXP 	text: autoDraw = True
1888.3723 	EXP 	textbox: autoDraw = True
1888.4864 	EXP 	Device response: <KeyPress from None: t=1888.3328825000208, value=9, duration=0.14446089998818934>
1888.9691 	DATA 	Keypress: 3
1888.9698 	EXP 	Device response: <KeyPress from None: t=1888.9640778000175, value=3, duration=None>
1889.1513 	DATA 	Keypress: 8
1889.1521 	EXP 	Device response: <KeyPress from None: t=1889.14998810002, value=8, duration=None>
1889.2023 	EXP 	Device response: <KeyPress from None: t=1888.9640778000175, value=3, duration=0.23601359999156557>
1889.3354 	EXP 	Device response: <KeyPress from None: t=1889.14998810002, value=8, duration=0.18399829999543726>
1889.3851 	DATA 	Keypress: 2
1889.3865 	EXP 	Device response: <KeyPress from None: t=1889.383583000017, value=2, duration=None>
1889.5188 	EXP 	Device response: <KeyPress from None: t=1889.383583000017, value=2, duration=0.1278137999761384>
1890.5678 	DATA 	Mouse: Left button down, pos=(941,206)
1890.5684 	EXP 	New trial (rep=21, index=11): <Trial 263 (11 in rep 21) data={'delay': 0.1, 'freq': 400, 'condition': 'unexp', 'thisN': 263, 'thisTrialN': 11, 'thisRepN': 21}>
1890.5839 	EXP 	text: autoDraw = False
1890.5839 	EXP 	textbox: autoDraw = False
1890.5839 	EXP 	polygon: autoDraw = True
1890.7854 	DATA 	Mouse:  Left button up, pos=(941,206)
1891.5673 	INFO 	Keyboard events cleared
1891.5671 	EXP 	polygon_2: autoDraw = True
1891.5838 	EXP 	polygon: autoDraw = False
1892.8836 	EXP 	Device response: <KeyPress from None: t=1892.8737391000031, value=space, duration=None>
1892.8856 	DATA 	Keypress: space
1892.8998 	EXP 	polygon: autoDraw = False
1892.8998 	EXP 	polygon_2: autoDraw = False
1892.9668 	EXP 	Sound sound_1 reached end of file
1892.9831 	EXP 	Playing sound sound_1 on speaker Speaker (Realtek(R) Audio)
1892.9837 	EXP 	Device response: <KeyPress from None: t=1887.3519513999927, value=space, duration=5.626534400013043>
1893.2844 	EXP 	Sound sound_1 stopped
1893.2918 	EXP 	text: autoDraw = True
1893.2918 	EXP 	textbox: autoDraw = True
1894.2504 	DATA 	Keypress: 7
1894.2513 	EXP 	Device response: <KeyPress from None: t=1894.245589099999, value=7, duration=None>
1894.3998 	EXP 	Device response: <KeyPress from None: t=1894.245589099999, value=7, duration=0.1455984000058379>
1894.4203 	DATA 	Keypress: 8
1894.4330 	EXP 	Device response: <KeyPress from None: t=1894.4196799000201, value=8, duration=None>
1894.6837 	EXP 	Device response: <KeyPress from None: t=1894.4196799000201, value=8, duration=0.25527619998320006>
1894.7045 	DATA 	Keypress: 6
1894.7162 	EXP 	Device response: <KeyPress from None: t=1894.7033849, value=6, duration=None>
1894.8003 	EXP 	Device response: <KeyPress from None: t=1894.7033849, value=6, duration=0.09517869999399409>
1896.6350 	DATA 	Mouse: Left button down, pos=(941,206)
1896.6492 	EXP 	New trial (rep=22, index=0): <Trial 264 (0 in rep 22) data={'delay': 0.4, 'freq': 400, 'condition': 'unexp', 'thisN': 264, 'thisTrialN': 0, 'thisRepN': 22}>
1896.6652 	EXP 	text: autoDraw = False
1896.6652 	EXP 	textbox: autoDraw = False
1896.6652 	EXP 	polygon: autoDraw = True
1896.8672 	DATA 	Mouse:  Left button up, pos=(941,206)
1897.6484 	INFO 	Keyboard events cleared
1897.6482 	EXP 	polygon_2: autoDraw = True
1897.6650 	EXP 	polygon: autoDraw = False
1899.9145 	EXP 	Device response: <KeyPress from None: t=1899.9024162999995, value=space, duration=None>
1899.9167 	DATA 	Keypress: space
1899.9309 	EXP 	polygon: autoDraw = False
1899.9309 	EXP 	polygon_2: autoDraw = False
1900.0475 	EXP 	Device response: <KeyPress from None: t=1892.8737391000031, value=space, duration=7.165599600004498>
1900.2976 	EXP 	Sound sound_1 reached end of file
1900.3139 	EXP 	Playing sound sound_1 on speaker Speaker (Realtek(R) Audio)
1900.6144 	EXP 	Sound sound_1 stopped
1900.6206 	EXP 	text: autoDraw = True
1900.6206 	EXP 	textbox: autoDraw = True
1901.1501 	DATA 	Keypress: 5
1901.1639 	EXP 	Device response: <KeyPress from None: t=1901.1491336000036, value=5, duration=None>
1901.2991 	EXP 	Device response: <KeyPress from None: t=1901.1491336000036, value=5, duration=0.1394972999987658>
1901.4147 	DATA 	Keypress: 6
1901.4166 	EXP 	Device response: <KeyPress from None: t=1901.4129257000168, value=6, duration=None>
1901.5477 	EXP 	Device response: <KeyPress from None: t=1901.4129257000168, value=6, duration=0.12797639999189414>
1901.5812 	DATA 	Keypress: 7
1901.5830 	EXP 	Device response: <KeyPress from None: t=1901.5799166000215, value=7, duration=None>
1901.7140 	EXP 	Device response: <KeyPress from None: t=1901.5799166000215, value=7, duration=0.11768499997560866>
1903.5178 	DATA 	Mouse: Left button down, pos=(941,206)
1903.5304 	EXP 	New trial (rep=22, index=1): <Trial 265 (1 in rep 22) data={'delay': 0.1, 'freq': 1000, 'condition': 'exp', 'thisN': 265, 'thisTrialN': 1, 'thisRepN': 22}>
1903.5463 	EXP 	text: autoDraw = False
1903.5463 	EXP 	textbox: autoDraw = False
1903.5463 	EXP 	polygon: autoDraw = True
1903.7476 	DATA 	Mouse:  Left button up, pos=(941,206)
1904.5462 	INFO 	Keyboard events cleared
1904.5460 	EXP 	polygon: autoDraw = False
1904.5460 	EXP 	polygon_2: autoDraw = True
1906.7957 	EXP 	Device response: <KeyPress from None: t=1906.7902563000098, value=6, duration=None>
1906.7967 	DATA 	Keypress: 6
1906.8457 	EXP 	Device response: <KeyPress from None: t=1906.7902563000098, value=6, duration=0.04993609999655746>
1907.6461 	DATA 	Mouse: Left button down, pos=(941,206)
1907.8628 	DATA 	Mouse:  Left button up, pos=(941,206)
1908.4284 	EXP 	Device response: <KeyPress from None: t=1908.4198998000065, value=space, duration=None>
1908.4304 	DATA 	Keypress: space
1908.4447 	EXP 	polygon: autoDraw = False
1908.4447 	EXP 	polygon_2: autoDraw = False
1908.5115 	EXP 	Sound sound_1 reached end of file
1908.5278 	EXP 	Playing sound sound_1 on speaker Speaker (Realtek(R) Audio)
1908.5284 	EXP 	Device response: <KeyPress from None: t=1899.9024162999995, value=space, duration=8.617440700007137>
1908.8305 	EXP 	Sound sound_1 stopped
1908.8377 	EXP 	text: autoDraw = True
1908.8377 	EXP 	textbox: autoDraw = True
1909.6280 	DATA 	Keypress: 6
1909.6293 	EXP 	Device response: <KeyPress from None: t=1909.62447900002, value=6, duration=None>
1909.7114 	EXP 	Device response: <KeyPress from None: t=1909.62447900002, value=6, duration=0.08479949997854419>
1909.9616 	DATA 	Keypress: 8
1909.9625 	EXP 	Device response: <KeyPress from None: t=1909.9553737000097, value=8, duration=None>
1910.1120 	DATA 	Keypress: 5
1910.1131 	EXP 	Device response: <KeyPress from None: t=1910.1097993000003, value=5, duration=None>
1910.1781 	EXP 	Device response: <KeyPress from None: t=1909.9553737000097, value=8, duration=0.21577589999651536>
1910.2444 	EXP 	Device response: <KeyPress from None: t=1910.1097993000003, value=5, duration=0.12224140000762418>
1911.6613 	DATA 	Mouse: Left button down, pos=(941,206)
1911.6620 	EXP 	New trial (rep=22, index=2): <Trial 266 (2 in rep 22) data={'delay': 0.1, 'freq': 1000, 'condition': 'exp', 'thisN': 266, 'thisTrialN': 2, 'thisRepN': 22}>
1911.6769 	EXP 	text: autoDraw = False
1911.6769 	EXP 	textbox: autoDraw = False
1911.6769 	EXP 	polygon: autoDraw = True
1911.8950 	DATA 	Mouse:  Left button up, pos=(941,206)
1912.6768 	INFO 	Keyboard events cleared
1912.6766 	EXP 	polygon: autoDraw = False
1912.6766 	EXP 	polygon_2: autoDraw = True
1914.1779 	DATA 	Keypress: space
1914.1929 	EXP 	Device response: <KeyPress from None: t=1914.1769577999949, value=space, duration=None>
1914.2091 	EXP 	polygon: autoDraw = False
1914.2091 	EXP 	polygon_2: autoDraw = False
1914.2765 	EXP 	Sound sound_1 reached end of file
1914.2930 	EXP 	Playing sound sound_1 on speaker Speaker (Realtek(R) Audio)
1914.2931 	EXP 	Device response: <KeyPress from None: t=1908.4198998000065, value=space, duration=5.87176070001442>
1914.5911 	EXP 	Sound sound_1 stopped
1914.5987 	EXP 	text: autoDraw = True
1914.5987 	EXP 	textbox: autoDraw = True
1916.0098 	DATA 	Keypress: 5
1916.0114 	EXP 	Device response: <KeyPress from None: t=1915.9997188000125, value=5, duration=None>
1916.0777 	EXP 	Device response: <KeyPress from None: t=1915.9997188000125, value=5, duration=0.07267460000002757>
1916.3954 	DATA 	Keypress: 7
1916.4091 	EXP 	Device response: <KeyPress from None: t=1916.3927247000101, value=7, duration=None>
1916.5756 	EXP 	Device response: <KeyPress from None: t=1916.3927247000101, value=7, duration=0.16653439999208786>
1917.3301 	DATA 	Keypress: 3
1917.3419 	EXP 	Device response: <KeyPress from None: t=1917.3286238000146, value=3, duration=None>
1917.5937 	EXP 	Device response: <KeyPress from None: t=1917.3286238000146, value=3, duration=0.2565003999916371>
1918.7105 	DATA 	Mouse: Left button down, pos=(941,206)
1918.7252 	EXP 	New trial (rep=22, index=3): <Trial 267 (3 in rep 22) data={'delay': 0.4, 'freq': 1000, 'condition': 'exp', 'thisN': 267, 'thisTrialN': 3, 'thisRepN': 22}>
1918.7410 	EXP 	text: autoDraw = False
1918.7410 	EXP 	textbox: autoDraw = False
1918.7410 	EXP 	polygon: autoDraw = True
1918.9431 	DATA 	Mouse:  Left button up, pos=(941,206)
1919.7245 	INFO 	Keyboard events cleared
1919.7243 	EXP 	polygon_2: autoDraw = True
1919.7409 	EXP 	polygon: autoDraw = False
1922.2239 	EXP 	Device response: <KeyPress from None: t=1922.2130578999931, value=space, duration=None>
1922.2248 	DATA 	Keypress: space
1922.2399 	EXP 	polygon: autoDraw = False
1922.2399 	EXP 	polygon_2: autoDraw = False
1922.4569 	EXP 	Device response: <KeyPress from None: t=1914.1769577999949, value=space, duration=8.269133699999657>
1922.6069 	EXP 	Sound sound_1 reached end of file
1922.6232 	EXP 	Playing sound sound_1 on speaker Speaker (Realtek(R) Audio)
1922.9204 	EXP 	Sound sound_1 stopped
1922.9281 	EXP 	text: autoDraw = True
1922.9281 	EXP 	textbox: autoDraw = True
1924.1898 	DATA 	Keypress: 5
1924.1905 	EXP 	Device response: <KeyPress from None: t=1924.1848662999982, value=5, duration=None>
1924.3396 	DATA 	Keypress: 7
1924.3404 	EXP 	Device response: <KeyPress from None: t=1924.3339064000174, value=7, duration=None>
1924.3728 	EXP 	Device response: <KeyPress from None: t=1924.1848662999982, value=5, duration=0.17296350002288818>
1924.4727 	EXP 	Device response: <KeyPress from None: t=1924.3339064000174, value=7, duration=0.12271019999752752>
1924.5732 	DATA 	Keypress: 4
1924.5748 	EXP 	Device response: <KeyPress from None: t=1924.5678614000208, value=4, duration=None>
1924.7236 	EXP 	Device response: <KeyPress from None: t=1924.5678614000208, value=4, duration=0.14433889999054372>
1925.5063 	DATA 	Mouse: Left button down, pos=(941,206)
1925.5068 	EXP 	New trial (rep=22, index=4): <Trial 268 (4 in rep 22) data={'delay': 0.7, 'freq': 1000, 'condition': 'exp', 'thisN': 268, 'thisTrialN': 4, 'thisRepN': 22}>
1925.5226 	EXP 	text: autoDraw = False
1925.5226 	EXP 	textbox: autoDraw = False
1925.5226 	EXP 	polygon: autoDraw = True
1925.7404 	DATA 	Mouse:  Left button up, pos=(941,206)
1925.8071 	DATA 	Mouse: Left button down, pos=(941,206)
1925.9736 	DATA 	Mouse:  Left button up, pos=(941,206)
1926.5222 	INFO 	Keyboard events cleared
1926.5221 	EXP 	polygon: autoDraw = False
1926.5221 	EXP 	polygon_2: autoDraw = True
1929.7045 	EXP 	Device response: <KeyPress from None: t=1929.6944939999958, value=space, duration=None>
1929.7066 	DATA 	Keypress: space
1929.7208 	EXP 	polygon: autoDraw = False
1929.7208 	EXP 	polygon_2: autoDraw = False
1929.8212 	EXP 	Device response: <KeyPress from None: t=1922.2130578999931, value=space, duration=7.603498500015121>
1930.3876 	EXP 	Sound sound_1 reached end of file
1930.4039 	EXP 	Playing sound sound_1 on speaker Speaker (Realtek(R) Audio)
1930.7022 	EXP 	Sound sound_1 stopped
1930.7106 	EXP 	text: autoDraw = True
1930.7106 	EXP 	textbox: autoDraw = True
1931.0543 	DATA 	Keypress: 5
1931.0550 	EXP 	Device response: <KeyPress from None: t=1931.050461100007, value=5, duration=None>
1931.1375 	EXP 	Device response: <KeyPress from None: t=1931.050461100007, value=5, duration=0.07895019999705255>
1936.8187 	DATA 	Keypress: 4
1936.8195 	EXP 	Device response: <KeyPress from None: t=1936.8169241000141, value=4, duration=None>
1936.9532 	EXP 	Device response: <KeyPress from None: t=1936.8169241000141, value=4, duration=0.13367290000314824>
1937.0913 	DATA 	Keypress: 8
1937.1019 	EXP 	Device response: <KeyPress from None: t=1937.0894376999931, value=8, duration=None>
1937.2021 	EXP 	Device response: <KeyPress from None: t=1937.0894376999931, value=8, duration=0.09931880002841353>
1938.5019 	DATA 	Mouse: Left button down, pos=(941,202)
1938.5024 	EXP 	New trial (rep=22, index=5): <Trial 269 (5 in rep 22) data={'delay': 0.7, 'freq': 1000, 'condition': 'exp', 'thisN': 269, 'thisTrialN': 5, 'thisRepN': 22}>
1938.5177 	EXP 	text: autoDraw = False
1938.5177 	EXP 	textbox: autoDraw = False
1938.5177 	EXP 	polygon: autoDraw = True
1938.7202 	DATA 	Mouse:  Left button up, pos=(941,202)
1939.5176 	INFO 	Keyboard events cleared
1939.5175 	EXP 	polygon: autoDraw = False
1939.5175 	EXP 	polygon_2: autoDraw = True
1940.0007 	EXP 	Device response: <KeyPress from None: t=1939.992255899997, value=space, duration=None>
1940.0020 	DATA 	Keypress: space
1940.0180 	EXP 	polygon: autoDraw = False
1940.0180 	EXP 	polygon_2: autoDraw = False
1940.1678 	EXP 	Device response: <KeyPress from None: t=1929.6944939999958, value=space, duration=10.459161200007657>
1940.6849 	EXP 	Sound sound_1 reached end of file
1940.7012 	EXP 	Playing sound sound_1 on speaker Speaker (Realtek(R) Audio)
1941.0000 	EXP 	Sound sound_1 stopped
1941.0077 	EXP 	text: autoDraw = True
1941.0077 	EXP 	textbox: autoDraw = True
1942.2877 	DATA 	Keypress: 5
1942.3006 	EXP 	Device response: <KeyPress from None: t=1942.286546999996, value=5, duration=None>
1942.4008 	EXP 	Device response: <KeyPress from None: t=1942.286546999996, value=5, duration=0.10748220002278686>
1942.5837 	DATA 	Keypress: 3
1942.5855 	EXP 	Device response: <KeyPress from None: t=1942.5777000999951, value=3, duration=None>
1942.7185 	EXP 	Device response: <KeyPress from None: t=1942.5777000999951, value=3, duration=0.13777940001455136>
1943.0030 	DATA 	Keypress: 9
1943.0171 	EXP 	Device response: <KeyPress from None: t=1943.001735800004, value=9, duration=None>
1943.1503 	EXP 	Device response: <KeyPress from None: t=1943.001735800004, value=9, duration=0.1412803000130225>
1944.3495 	DATA 	Mouse: Left button down, pos=(941,202)
1944.3500 	EXP 	New trial (rep=22, index=6): <Trial 270 (6 in rep 22) data={'delay': 0.4, 'freq': 1000, 'condition': 'exp', 'thisN': 270, 'thisTrialN': 6, 'thisRepN': 22}>
1944.3661 	EXP 	text: autoDraw = False
1944.3661 	EXP 	textbox: autoDraw = False
1944.3661 	EXP 	polygon: autoDraw = True
1944.5672 	DATA 	Mouse:  Left button up, pos=(941,202)
1944.8162 	EXP 	Device response: <KeyPress from None: t=1944.8039665000106, value=space, duration=None>
1944.8172 	DATA 	Keypress: space
1944.9829 	EXP 	Device response: <KeyPress from None: t=1939.992255899997, value=space, duration=4.989350400021067>
1945.3493 	INFO 	Keyboard events cleared
1945.3491 	EXP 	polygon_2: autoDraw = True
1945.3657 	EXP 	polygon: autoDraw = False
1947.1320 	EXP 	Device response: <KeyPress from None: t=1947.1278771999932, value=1, duration=None>
1947.1331 	DATA 	Keypress: 1
1947.2819 	EXP 	Device response: <KeyPress from None: t=1947.1278771999932, value=1, duration=0.1449410000059288>
1947.5153 	EXP 	Device response: <KeyPress from None: t=1947.5067684999958, value=2, duration=None>
1947.5165 	DATA 	Keypress: 2
1947.6483 	EXP 	Device response: <KeyPress from None: t=1947.5067684999958, value=2, duration=0.12870400000247173>
1947.7827 	EXP 	Device response: <KeyPress from None: t=1947.7806565999927, value=3, duration=None>
1947.7833 	DATA 	Keypress: 3
1947.9152 	EXP 	Device response: <KeyPress from None: t=1947.7806565999927, value=3, duration=0.12875000000349246>
1948.4651 	EXP 	Device response: <KeyPress from None: t=1948.4637341000198, value=space, duration=None>
1948.4673 	DATA 	Keypress: space
1948.4809 	EXP 	polygon: autoDraw = False
1948.4809 	EXP 	polygon_2: autoDraw = False
1948.6312 	EXP 	Device response: <KeyPress from None: t=1944.8039665000106, value=space, duration=3.8252733999979682>
1948.8647 	EXP 	Sound sound_1 reached end of file
1948.8812 	EXP 	Playing sound sound_1 on speaker Speaker (Realtek(R) Audio)
1949.1842 	EXP 	Sound sound_1 stopped
1949.1900 	EXP 	text: autoDraw = True
1949.1900 	EXP 	textbox: autoDraw = True
1950.3313 	DATA 	Keypress: 1
1950.3323 	EXP 	Device response: <KeyPress from None: t=1950.3258620999986, value=1, duration=None>
1950.5313 	EXP 	Device response: <KeyPress from None: t=1950.3258620999986, value=1, duration=0.19394470000406727>
1950.6474 	DATA 	Keypress: 2
1950.6486 	EXP 	Device response: <KeyPress from None: t=1950.6457042999973, value=2, duration=None>
1950.7680 	EXP 	Device response: <KeyPress from None: t=1950.6457042999973, value=2, duration=0.11053910001646727>
1950.8505 	DATA 	Keypress: 3
1950.8640 	EXP 	Device response: <KeyPress from None: t=1950.8486411000194, value=3, duration=None>
1951.0149 	EXP 	Device response: <KeyPress from None: t=1950.8486411000194, value=3, duration=0.15603729998110794>
1952.2304 	DATA 	Mouse: Left button down, pos=(941,202)
1952.2309 	EXP 	New trial (rep=22, index=7): <Trial 271 (7 in rep 22) data={'delay': 0.7, 'freq': 400, 'condition': 'unexp', 'thisN': 271, 'thisTrialN': 7, 'thisRepN': 22}>
1952.2466 	EXP 	text: autoDraw = False
1952.2466 	EXP 	textbox: autoDraw = False
1952.2466 	EXP 	polygon: autoDraw = True
1952.4482 	DATA 	Mouse:  Left button up, pos=(941,202)
1953.2468 	INFO 	Keyboard events cleared
1953.2466 	EXP 	polygon: autoDraw = False
1953.2466 	EXP 	polygon_2: autoDraw = True
1953.7131 	EXP 	Device response: <KeyPress from None: t=1953.7102326000168, value=space, duration=None>
1953.7154 	DATA 	Keypress: space
1953.7293 	EXP 	polygon: autoDraw = False
1953.7293 	EXP 	polygon_2: autoDraw = False
1953.7798 	EXP 	Device response: <KeyPress from None: t=1953.7766570000094, value=v, duration=None>
1953.7806 	DATA 	Keypress: v
1953.8464 	EXP 	Device response: <KeyPress from None: t=1948.4637341000198, value=space, duration=5.3642997999850195>
1953.8465 	EXP 	Device response: <KeyPress from None: t=1953.7766570000094, value=v, duration=0.051376899995375425>
1954.4126 	EXP 	Sound sound_1 reached end of file
1954.4289 	EXP 	Playing sound sound_1 on speaker Speaker (Realtek(R) Audio)
1954.7240 	EXP 	Sound sound_1 stopped
1954.7315 	EXP 	text: autoDraw = True
1954.7315 	EXP 	textbox: autoDraw = True
1954.8468 	DATA 	Keypress: 7
1954.8479 	EXP 	Device response: <KeyPress from None: t=1954.8429409000091, value=7, duration=None>
1954.8973 	EXP 	Device response: <KeyPress from None: t=1954.8429409000091, value=7, duration=0.049858199985465035>
1955.8961 	DATA 	Keypress: 9
1955.8971 	EXP 	Device response: <KeyPress from None: t=1955.8930651000119, value=9, duration=None>
1956.0956 	DATA 	Keypress: 5
1956.0967 	EXP 	Device response: <KeyPress from None: t=1956.0881510000036, value=5, duration=None>
1956.1295 	EXP 	Device response: <KeyPress from None: t=1955.8930651000119, value=9, duration=0.22770270000910386>
1956.2131 	EXP 	Device response: <KeyPress from None: t=1956.0881510000036, value=5, duration=0.11490950000006706>
1960.4471 	DATA 	Mouse: Left button down, pos=(941,202)
1960.4611 	EXP 	New trial (rep=22, index=8): <Trial 272 (8 in rep 22) data={'delay': 0.1, 'freq': 400, 'condition': 'unexp', 'thisN': 272, 'thisTrialN': 8, 'thisRepN': 22}>
1960.4772 	EXP 	text: autoDraw = False
1960.4772 	EXP 	textbox: autoDraw = False
1960.4772 	EXP 	polygon: autoDraw = True
1960.6791 	DATA 	Mouse:  Left button up, pos=(941,202)
1961.4605 	INFO 	Keyboard events cleared
1961.4603 	EXP 	polygon_2: autoDraw = True
1961.4769 	EXP 	polygon: autoDraw = False
1964.1937 	EXP 	Device response: <KeyPress from None: t=1964.1853914000094, value=6, duration=None>
1964.1949 	DATA 	Keypress: 6
1964.2761 	EXP 	Device response: <KeyPress from None: t=1964.1853914000094, value=6, duration=0.08949839998967946>
1964.7760 	EXP 	Device response: <KeyPress from None: t=1964.7732009000028, value=space, duration=None>
1964.7780 	DATA 	Keypress: space
1964.7922 	EXP 	polygon: autoDraw = False
1964.7922 	EXP 	polygon_2: autoDraw = False
1964.8594 	EXP 	Sound sound_1 reached end of file
1964.8757 	EXP 	Playing sound sound_1 on speaker Speaker (Realtek(R) Audio)
1964.9262 	EXP 	Device response: <KeyPress from None: t=1953.7102326000168, value=space, duration=11.200841699988814>
1965.1725 	EXP 	Sound sound_1 stopped
1965.1810 	EXP 	text: autoDraw = True
1965.1810 	EXP 	textbox: autoDraw = True
1966.2965 	DATA 	Keypress: 6
1966.3089 	EXP 	Device response: <KeyPress from None: t=1966.2951641000109, value=6, duration=None>
1966.4254 	EXP 	Device response: <KeyPress from None: t=1966.2951641000109, value=6, duration=0.11615610000444576>
1966.5325 	DATA 	Keypress: 5
1966.5422 	EXP 	Device response: <KeyPress from None: t=1966.5301287000184, value=5, duration=None>
1966.6763 	EXP 	Device response: <KeyPress from None: t=1966.5301287000184, value=5, duration=0.1380003999802284>
1966.7590 	DATA 	Keypress: 7
1966.7606 	EXP 	Device response: <KeyPress from None: t=1966.748607799993, value=7, duration=None>
1966.8760 	EXP 	Device response: <KeyPress from None: t=1966.748607799993, value=7, duration=0.11134030000539497>
1967.7084 	DATA 	Mouse: Left button down, pos=(941,202)
1967.7091 	EXP 	New trial (rep=22, index=9): <Trial 273 (9 in rep 22) data={'delay': 0.7, 'freq': 1000, 'condition': 'exp', 'thisN': 273, 'thisTrialN': 9, 'thisRepN': 22}>
1967.7246 	EXP 	text: autoDraw = False
1967.7246 	EXP 	textbox: autoDraw = False
1967.7246 	EXP 	polygon: autoDraw = True
1967.9264 	DATA 	Mouse:  Left button up, pos=(941,202)
1968.7245 	INFO 	Keyboard events cleared
1968.7243 	EXP 	polygon: autoDraw = False
1968.7243 	EXP 	polygon_2: autoDraw = True
1971.4903 	EXP 	Device response: <KeyPress from None: t=1971.4844553000003, value=space, duration=None>
1971.4925 	DATA 	Keypress: space
1971.5068 	EXP 	polygon: autoDraw = False
1971.5068 	EXP 	polygon_2: autoDraw = False
1971.5905 	EXP 	Device response: <KeyPress from None: t=1964.7732009000028, value=space, duration=6.810519899998326>
1971.9568 	EXP 	Device response: <KeyPress from None: t=1971.954233299999, value=6, duration=None>
1971.9576 	DATA 	Keypress: 6
1972.0570 	EXP 	Device response: <KeyPress from None: t=1971.954233299999, value=6, duration=0.10154070000862703>
1972.1733 	EXP 	Sound sound_1 reached end of file
1972.1897 	EXP 	Playing sound sound_1 on speaker Speaker (Realtek(R) Audio)
1972.4895 	EXP 	Sound sound_1 stopped
1972.4968 	EXP 	text: autoDraw = True
1972.4968 	EXP 	textbox: autoDraw = True
1973.6737 	DATA 	Keypress: 6
1973.6753 	EXP 	Device response: <KeyPress from None: t=1973.6691002000007, value=6, duration=None>
1973.7898 	EXP 	Device response: <KeyPress from None: t=1973.6691002000007, value=6, duration=0.10480349999852479>
1973.8574 	DATA 	Keypress: 7
1973.8590 	EXP 	Device response: <KeyPress from None: t=1973.8500594999932, value=7, duration=None>
1973.9233 	DATA 	Keypress: 5
1973.9249 	EXP 	Device response: <KeyPress from None: t=1973.916867299995, value=5, duration=None>
1973.9896 	EXP 	Device response: <KeyPress from None: t=1973.8500594999932, value=7, duration=0.12849950001691468>
1974.0246 	EXP 	Device response: <KeyPress from None: t=1973.916867299995, value=5, duration=0.0944329000194557>
1974.9094 	DATA 	Mouse: Left button down, pos=(941,202)
1974.9237 	EXP 	New trial (rep=22, index=10): <Trial 274 (10 in rep 22) data={'delay': 0.4, 'freq': 1000, 'condition': 'exp', 'thisN': 274, 'thisTrialN': 10, 'thisRepN': 22}>
1974.9390 	EXP 	text: autoDraw = False
1974.9390 	EXP 	textbox: autoDraw = False
1974.9390 	EXP 	polygon: autoDraw = True
1975.1401 	DATA 	Mouse:  Left button up, pos=(941,202)
1975.4895 	DATA 	Mouse: Left button down, pos=(941,202)
1975.7233 	DATA 	Mouse:  Left button up, pos=(941,202)
1975.9390 	INFO 	Keyboard events cleared
1975.9388 	EXP 	polygon: autoDraw = False
1975.9388 	EXP 	polygon_2: autoDraw = True
1976.4222 	EXP 	Device response: <KeyPress from None: t=1976.413563500013, value=space, duration=None>
1976.4243 	DATA 	Keypress: space
1976.4385 	EXP 	polygon: autoDraw = False
1976.4385 	EXP 	polygon_2: autoDraw = False
1976.4721 	EXP 	Device response: <KeyPress from None: t=1971.4844553000003, value=space, duration=4.975470400007907>
1976.8051 	EXP 	Sound sound_1 reached end of file
1976.8215 	EXP 	Playing sound sound_1 on speaker Speaker (Realtek(R) Audio)
1977.1208 	EXP 	Sound sound_1 stopped
1977.1277 	EXP 	text: autoDraw = True
1977.1277 	EXP 	textbox: autoDraw = True
1980.2217 	DATA 	Keypress: 3
1980.2228 	EXP 	Device response: <KeyPress from None: t=1980.2131477000075, value=3, duration=None>
1980.4040 	EXP 	Device response: <KeyPress from None: t=1980.2131477000075, value=3, duration=0.17777069998555817>
1980.5214 	DATA 	Keypress: 4
1980.5242 	EXP 	Device response: <KeyPress from None: t=1980.5103207000066, value=4, duration=None>
1980.6884 	EXP 	Device response: <KeyPress from None: t=1980.5103207000066, value=4, duration=0.17245770001318306>
1980.7387 	DATA 	Keypress: 5
1980.7402 	EXP 	Device response: <KeyPress from None: t=1980.7377669000125, value=5, duration=None>
1980.9042 	EXP 	Device response: <KeyPress from None: t=1980.7377669000125, value=5, duration=0.15427629998885095>
1982.3542 	DATA 	Mouse: Left button down, pos=(941,202)
1982.3549 	EXP 	New trial (rep=22, index=11): <Trial 275 (11 in rep 22) data={'delay': 0.1, 'freq': 1000, 'condition': 'exp', 'thisN': 275, 'thisTrialN': 11, 'thisRepN': 22}>
1982.3701 	EXP 	text: autoDraw = False
1982.3701 	EXP 	textbox: autoDraw = False
1982.3701 	EXP 	polygon: autoDraw = True
1982.5716 	DATA 	Mouse:  Left button up, pos=(941,202)
1983.2529 	EXP 	Device response: <KeyPress from None: t=1983.242299400008, value=space, duration=None>
1983.2535 	DATA 	Keypress: space
1983.3696 	INFO 	Keyboard events cleared
1983.3694 	EXP 	polygon: autoDraw = False
1983.3694 	EXP 	polygon_2: autoDraw = True
1983.3865 	EXP 	Device response: <KeyPress from None: t=1976.413563500013, value=space, duration=6.967236500000581>
1988.4183 	EXP 	Device response: <KeyPress from None: t=1988.4082361000183, value=5, duration=None>
1988.4193 	DATA 	Keypress: 5
1988.6182 	EXP 	Device response: <KeyPress from None: t=1988.4082361000183, value=5, duration=0.1943324999883771>
1988.6534 	DATA 	Keypress: 4
1988.6685 	EXP 	Device response: <KeyPress from None: t=1988.6522552999959, value=4, duration=None>
1988.8511 	EXP 	Device response: <KeyPress from None: t=1988.6522552999959, value=4, duration=0.1947585000016261>
1989.3344 	EXP 	Device response: <KeyPress from None: t=1989.3191619999998, value=3, duration=None>
1989.3356 	DATA 	Keypress: 3
1989.5509 	EXP 	Device response: <KeyPress from None: t=1989.3191619999998, value=3, duration=0.22695569999632426>
1992.7009 	DATA 	Mouse: Left button down, pos=(941,202)
1992.9354 	DATA 	Mouse:  Left button up, pos=(941,202)
1993.2496 	EXP 	Device response: <KeyPress from None: t=1993.2442999000195, value=space, duration=None>
1993.2510 	DATA 	Keypress: space
1993.2658 	EXP 	polygon: autoDraw = False
1993.2658 	EXP 	polygon_2: autoDraw = False
1993.3326 	EXP 	Sound sound_1 reached end of file
1993.3491 	EXP 	Playing sound sound_1 on speaker Speaker (Realtek(R) Audio)
1993.4833 	EXP 	Device response: <KeyPress from None: t=1983.242299400008, value=space, duration=10.239799300004961>
1993.6437 	EXP 	Sound sound_1 stopped
1993.6516 	EXP 	text: autoDraw = True
1993.6516 	EXP 	textbox: autoDraw = True
1994.9838 	DATA 	Keypress: 8
1994.9854 	EXP 	Device response: <KeyPress from None: t=1994.9821724999929, value=8, duration=None>
1995.1491 	DATA 	Keypress: 5
1995.1497 	EXP 	Device response: <KeyPress from None: t=1995.1478911000013, value=5, duration=None>
1995.2007 	EXP 	Device response: <KeyPress from None: t=1994.9821724999929, value=8, duration=0.2114931000105571>
1995.3995 	DATA 	Keypress: 4
1995.4014 	EXP 	Device response: <KeyPress from None: t=1995.1478911000013, value=5, duration=0.24484379999921657>
1995.4014 	EXP 	Device response: <KeyPress from None: t=1995.397026599996, value=4, duration=None>
1995.5992 	EXP 	Device response: <KeyPress from None: t=1995.397026599996, value=4, duration=0.20068600002559833>
1996.4821 	DATA 	Mouse: Left button down, pos=(941,202)
1996.4827 	EXP 	New trial (rep=23, index=0): <Trial 276 (0 in rep 23) data={'delay': 0.7, 'freq': 400, 'condition': 'unexp', 'thisN': 276, 'thisTrialN': 0, 'thisRepN': 23}>
1996.4983 	EXP 	text: autoDraw = False
1996.4983 	EXP 	textbox: autoDraw = False
1996.4983 	EXP 	polygon: autoDraw = True
1996.6985 	DATA 	Mouse:  Left button up, pos=(941,202)
1997.4982 	INFO 	Keyboard events cleared
1997.4980 	EXP 	polygon: autoDraw = False
1997.4980 	EXP 	polygon_2: autoDraw = True
1998.4483 	EXP 	Device response: <KeyPress from None: t=1998.4437857000157, value=space, duration=None>
1998.4504 	DATA 	Keypress: space
1998.4643 	EXP 	polygon: autoDraw = False
1998.4643 	EXP 	polygon_2: autoDraw = False
1998.5814 	EXP 	Device response: <KeyPress from None: t=1993.2442999000195, value=space, duration=5.332198699994478>
1999.1313 	EXP 	Sound sound_1 reached end of file
1999.1477 	EXP 	Playing sound sound_1 on speaker Speaker (Realtek(R) Audio)
1999.4409 	EXP 	Sound sound_1 stopped
1999.4482 	EXP 	text: autoDraw = True
1999.4482 	EXP 	textbox: autoDraw = True
2001.5642 	DATA 	Keypress: 5
2001.5666 	EXP 	Device response: <KeyPress from None: t=2001.560418500012, value=5, duration=None>
2001.7645 	EXP 	Device response: <KeyPress from None: t=2001.560418500012, value=5, duration=0.1931447999959346>
2001.8016 	DATA 	Keypress: 7
2001.8133 	EXP 	Device response: <KeyPress from None: t=2001.7989048000018, value=7, duration=None>
2002.0483 	EXP 	Device response: <KeyPress from None: t=2001.7989048000018, value=7, duration=0.24018039999646135>
2002.2803 	DATA 	Keypress: 6
2002.2810 	EXP 	Device response: <KeyPress from None: t=2002.2760623000213, value=6, duration=None>
2002.4639 	EXP 	Device response: <KeyPress from None: t=2002.2760623000213, value=6, duration=0.1834458999801427>
2003.2657 	DATA 	Mouse: Left button down, pos=(941,202)
2003.2799 	EXP 	New trial (rep=23, index=1): <Trial 277 (1 in rep 23) data={'delay': 0.4, 'freq': 400, 'condition': 'unexp', 'thisN': 277, 'thisTrialN': 1, 'thisRepN': 23}>
2003.2958 	EXP 	text: autoDraw = False
2003.2958 	EXP 	textbox: autoDraw = False
2003.2958 	EXP 	polygon: autoDraw = True
2003.4972 	DATA 	Mouse:  Left button up, pos=(941,202)
2004.2794 	INFO 	Keyboard events cleared
2004.2792 	EXP 	polygon_2: autoDraw = True
2004.2956 	EXP 	polygon: autoDraw = False
2005.2469 	DATA 	Keypress: space
2005.2624 	EXP 	Device response: <KeyPress from None: t=2005.245461500017, value=space, duration=None>
2005.2785 	EXP 	polygon: autoDraw = False
2005.2785 	EXP 	polygon_2: autoDraw = False
2005.5789 	EXP 	Device response: <KeyPress from None: t=1998.4437857000157, value=space, duration=7.124084299983224>
2005.6455 	EXP 	Sound sound_1 reached end of file
2005.6619 	EXP 	Playing sound sound_1 on speaker Speaker (Realtek(R) Audio)
2005.9635 	EXP 	Sound sound_1 stopped
2005.9708 	EXP 	text: autoDraw = True
2005.9708 	EXP 	textbox: autoDraw = True
2008.5662 	DATA 	Keypress: 6
2008.5779 	EXP 	Device response: <KeyPress from None: t=2008.5631081000029, value=6, duration=None>
2008.6115 	EXP 	Device response: <KeyPress from None: t=2008.5631081000029, value=6, duration=0.044194100017193705>
2010.5939 	DATA 	Keypress: 6
2010.5954 	EXP 	Device response: <KeyPress from None: t=2010.5871075000032, value=6, duration=None>
2010.6951 	EXP 	Device response: <KeyPress from None: t=2010.5871075000032, value=6, duration=0.10553390000131913>
2012.0101 	DATA 	Keypress: 4
2012.0117 	EXP 	Device response: <KeyPress from None: t=2012.0089505000215, value=4, duration=None>
2012.1282 	EXP 	Device response: <KeyPress from None: t=2012.0089505000215, value=4, duration=0.11726679999264888>
2014.7833 	DATA 	Keypress: space
2014.7925 	EXP 	Device response: <KeyPress from None: t=2014.7823919999937, value=space, duration=None>
2014.8926 	EXP 	Device response: <KeyPress from None: t=2005.245461500017, value=space, duration=9.632054199988488>
2016.5750 	DATA 	Mouse: Left button down, pos=(941,202)
2016.5754 	EXP 	New trial (rep=23, index=2): <Trial 278 (2 in rep 23) data={'delay': 0.4, 'freq': 1000, 'condition': 'exp', 'thisN': 278, 'thisTrialN': 2, 'thisRepN': 23}>
2016.5912 	EXP 	text: autoDraw = False
2016.5912 	EXP 	textbox: autoDraw = False
2016.5912 	EXP 	polygon: autoDraw = True
2016.7939 	DATA 	Mouse:  Left button up, pos=(941,202)
2017.5745 	INFO 	Keyboard events cleared
2017.5743 	EXP 	polygon_2: autoDraw = True
2017.5911 	EXP 	polygon: autoDraw = False
2019.5912 	EXP 	Device response: <KeyPress from None: t=2019.5800923000206, value=space, duration=None>
2019.5933 	DATA 	Keypress: space
2019.6074 	EXP 	polygon: autoDraw = False
2019.6074 	EXP 	polygon_2: autoDraw = False
2019.7575 	EXP 	Device response: <KeyPress from None: t=2014.7823919999937, value=space, duration=4.960108300001593>
2019.9904 	EXP 	Sound sound_1 reached end of file
2020.0069 	EXP 	Playing sound sound_1 on speaker Speaker (Realtek(R) Audio)
2020.3025 	EXP 	Sound sound_1 stopped
2020.3089 	EXP 	text: autoDraw = True
2020.3089 	EXP 	textbox: autoDraw = True
2021.2901 	DATA 	Keypress: 8
2021.2907 	EXP 	Device response: <KeyPress from None: t=2021.287881700002, value=8, duration=None>
2021.4085 	EXP 	Device response: <KeyPress from None: t=2021.287881700002, value=8, duration=0.11087010000483133>
2021.5093 	DATA 	Keypress: 3
2021.5235 	EXP 	Device response: <KeyPress from None: t=2021.5072738000017, value=3, duration=None>
2021.6082 	EXP 	Device response: <KeyPress from None: t=2021.5072738000017, value=3, duration=0.09508030000142753>
2021.6905 	DATA 	Keypress: 2
2021.6931 	EXP 	Device response: <KeyPress from None: t=2021.6807617000013, value=2, duration=None>
2021.8237 	EXP 	Device response: <KeyPress from None: t=2021.6807617000013, value=2, duration=0.12739770000916906>
2026.6051 	DATA 	Mouse: Left button down, pos=(966,216)
2026.6055 	EXP 	New trial (rep=23, index=3): <Trial 279 (3 in rep 23) data={'delay': 0.1, 'freq': 1000, 'condition': 'exp', 'thisN': 279, 'thisTrialN': 3, 'thisRepN': 23}>
2026.6216 	EXP 	text: autoDraw = False
2026.6216 	EXP 	textbox: autoDraw = False
2026.6216 	EXP 	polygon: autoDraw = True
2026.8408 	DATA 	Mouse:  Left button up, pos=(966,216)
2027.6211 	INFO 	Keyboard events cleared
2027.6210 	EXP 	polygon: autoDraw = False
2027.6210 	EXP 	polygon_2: autoDraw = True
2029.7711 	EXP 	Device response: <KeyPress from None: t=2029.7588791000016, value=space, duration=None>
2029.7734 	DATA 	Keypress: space
2029.7871 	EXP 	polygon: autoDraw = False
2029.7871 	EXP 	polygon_2: autoDraw = False
2029.8544 	EXP 	Sound sound_1 reached end of file
2029.8704 	EXP 	Playing sound sound_1 on speaker Speaker (Realtek(R) Audio)
2029.8708 	EXP 	Device response: <KeyPress from None: t=2019.5800923000206, value=space, duration=10.274402499984717>
2030.1636 	EXP 	Sound sound_1 stopped
2030.1704 	EXP 	text: autoDraw = True
2030.1704 	EXP 	textbox: autoDraw = True
2031.4369 	DATA 	Keypress: 6
2031.4376 	EXP 	Device response: <KeyPress from None: t=2031.4335996000154, value=6, duration=None>
2031.6034 	EXP 	Device response: <KeyPress from None: t=2031.4335996000154, value=6, duration=0.15884109999751672>
2031.6868 	DATA 	Keypress: 7
2031.6888 	EXP 	Device response: <KeyPress from None: t=2031.6863753999933, value=7, duration=None>
2031.8215 	EXP 	Device response: <KeyPress from None: t=2031.6863753999933, value=7, duration=0.13365990002057515>
2031.9415 	DATA 	Keypress: 5
2031.9531 	EXP 	Device response: <KeyPress from None: t=2031.9409267000156, value=5, duration=None>
2032.0214 	EXP 	Device response: <KeyPress from None: t=2031.9409267000156, value=5, duration=0.07856959998025559>
2032.1538 	DATA 	Keypress: 4
2032.1545 	EXP 	Device response: <KeyPress from None: t=2032.1413667000015, value=4, duration=None>
2032.2201 	EXP 	Device response: <KeyPress from None: t=2032.1413667000015, value=4, duration=0.07276690000435337>
2033.0864 	DATA 	Keypress: backspace
2033.0876 	EXP 	Device response: <KeyPress from None: t=2033.076295900013, value=backspace, duration=None>
2033.1865 	EXP 	Device response: <KeyPress from None: t=2033.076295900013, value=backspace, duration=0.09443279998959042>
2033.7028 	DATA 	Mouse: Left button down, pos=(966,216)
2033.7035 	EXP 	New trial (rep=23, index=4): <Trial 280 (4 in rep 23) data={'delay': 0.7, 'freq': 1000, 'condition': 'exp', 'thisN': 280, 'thisTrialN': 4, 'thisRepN': 23}>
2033.7191 	EXP 	text: autoDraw = False
2033.7191 	EXP 	textbox: autoDraw = False
2033.7191 	EXP 	polygon: autoDraw = True
2033.9207 	DATA 	Mouse:  Left button up, pos=(966,216)
2034.7190 	INFO 	Keyboard events cleared
2034.7188 	EXP 	polygon: autoDraw = False
2034.7188 	EXP 	polygon_2: autoDraw = True
2043.5997 	EXP 	Device response: <KeyPress from None: t=2043.5951765000063, value=2, duration=None>
2043.6008 	DATA 	Keypress: 2
2043.7160 	EXP 	Device response: <KeyPress from None: t=2043.5951765000063, value=2, duration=0.10626239998964593>
2043.9330 	EXP 	Device response: <KeyPress from None: t=2043.9261071000074, value=v, duration=None>
2043.9330 	EXP 	Device response: <KeyPress from None: t=2043.9271287000156, value=space, duration=None>
2043.9352 	DATA 	Keypress: v
2043.9367 	DATA 	Keypress: space
2043.9491 	EXP 	polygon: autoDraw = False
2043.9491 	EXP 	polygon_2: autoDraw = False
2044.0324 	EXP 	Device response: <KeyPress from None: t=2029.7588791000016, value=space, duration=14.267177600006107>
2044.0324 	EXP 	Device response: <KeyPress from None: t=2043.9261071000074, value=v, duration=0.10496210001292638>
2044.6325 	EXP 	Sound sound_1 reached end of file
2044.6488 	EXP 	Playing sound sound_1 on speaker Speaker (Realtek(R) Audio)
2044.9428 	EXP 	Sound sound_1 stopped
2044.9488 	EXP 	text: autoDraw = True
2044.9488 	EXP 	textbox: autoDraw = True
2045.7990 	DATA 	Keypress: 2
2045.7996 	EXP 	Device response: <KeyPress from None: t=2045.7972355000093, value=2, duration=None>
2045.8995 	EXP 	Device response: <KeyPress from None: t=2045.7972355000093, value=2, duration=0.09965260000899434>
2046.0488 	DATA 	Keypress: 3
2046.0498 	EXP 	Device response: <KeyPress from None: t=2046.0414829000074, value=3, duration=None>
2046.1655 	EXP 	Device response: <KeyPress from None: t=2046.0414829000074, value=3, duration=0.11132940000970848>
2046.9701 	DATA 	Keypress: 4
2046.9814 	EXP 	Device response: <KeyPress from None: t=2046.9685241999978, value=4, duration=None>
2047.0992 	EXP 	Device response: <KeyPress from None: t=2046.9685241999978, value=4, duration=0.11735570000018924>
2048.8145 	DATA 	Mouse: Left button down, pos=(998,201)
2048.8152 	EXP 	New trial (rep=23, index=5): <Trial 281 (5 in rep 23) data={'delay': 0.1, 'freq': 400, 'condition': 'unexp', 'thisN': 281, 'thisTrialN': 5, 'thisRepN': 23}>
2048.8304 	EXP 	text: autoDraw = False
2048.8304 	EXP 	textbox: autoDraw = False
2048.8304 	EXP 	polygon: autoDraw = True
2049.0486 	DATA 	Mouse:  Left button up, pos=(998,201)
2049.8304 	INFO 	Keyboard events cleared
2049.8303 	EXP 	polygon: autoDraw = False
2049.8303 	EXP 	polygon_2: autoDraw = True
2051.6136 	EXP 	Device response: <KeyPress from None: t=2051.6087200000184, value=space, duration=None>
2051.6157 	DATA 	Keypress: space
2051.6298 	EXP 	polygon: autoDraw = False
2051.6298 	EXP 	polygon_2: autoDraw = False
2051.6967 	EXP 	Sound sound_1 reached end of file
2051.7130 	EXP 	Playing sound sound_1 on speaker Speaker (Realtek(R) Audio)
2051.7303 	EXP 	Device response: <KeyPress from None: t=2043.9271287000156, value=space, duration=7.798958600003971>
2052.0127 	EXP 	Sound sound_1 stopped
2052.0199 	EXP 	text: autoDraw = True
2052.0199 	EXP 	textbox: autoDraw = True
2052.8331 	DATA 	Keypress: 7
2052.8463 	EXP 	Device response: <KeyPress from None: t=2052.830949199997, value=7, duration=None>
2052.9296 	EXP 	Device response: <KeyPress from None: t=2052.830949199997, value=7, duration=0.08445680001750588>
2053.0536 	DATA 	Keypress: 7
2053.0631 	EXP 	Device response: <KeyPress from None: t=2053.0509196000057, value=7, duration=None>
2053.1303 	EXP 	Device response: <KeyPress from None: t=2053.0509196000057, value=7, duration=0.07263129999046214>
2053.3134 	DATA 	Keypress: 8
2053.3148 	EXP 	Device response: <KeyPress from None: t=2053.3126859000186, value=8, duration=None>
2053.4303 	EXP 	Device response: <KeyPress from None: t=2053.3126859000186, value=8, duration=0.10523789998842403>
2054.7626 	DATA 	Mouse: Left button down, pos=(998,201)
2054.7634 	EXP 	New trial (rep=23, index=6): <Trial 282 (6 in rep 23) data={'delay': 0.1, 'freq': 1000, 'condition': 'exp', 'thisN': 282, 'thisTrialN': 6, 'thisRepN': 23}>
2054.7786 	EXP 	text: autoDraw = False
2054.7786 	EXP 	textbox: autoDraw = False
2054.7786 	EXP 	polygon: autoDraw = True
2054.9801 	DATA 	Mouse:  Left button up, pos=(998,201)
2055.7785 	INFO 	Keyboard events cleared
2055.7783 	EXP 	polygon: autoDraw = False
2055.7783 	EXP 	polygon_2: autoDraw = True
2056.5953 	EXP 	Device response: <KeyPress from None: t=2056.584640700021, value=space, duration=None>
2056.5974 	DATA 	Keypress: space
2056.6112 	EXP 	polygon: autoDraw = False
2056.6112 	EXP 	polygon_2: autoDraw = False
2056.6784 	EXP 	Sound sound_1 reached end of file
2056.6947 	EXP 	Playing sound sound_1 on speaker Speaker (Realtek(R) Audio)
2056.7118 	EXP 	Device response: <KeyPress from None: t=2051.6087200000184, value=space, duration=5.087585599976592>
2056.9936 	EXP 	Sound sound_1 stopped
2057.0003 	EXP 	text: autoDraw = True
2057.0003 	EXP 	textbox: autoDraw = True
2058.4142 	DATA 	Keypress: 6
2058.4278 	EXP 	Device response: <KeyPress from None: t=2058.4125208000187, value=6, duration=None>
2058.5114 	EXP 	Device response: <KeyPress from None: t=2058.4125208000187, value=6, duration=0.0891041999857407>
2058.5779 	DATA 	Keypress: 7
2058.5794 	EXP 	Device response: <KeyPress from None: t=2058.571503400017, value=7, duration=None>
2058.8121 	EXP 	Device response: <KeyPress from None: t=2058.571503400017, value=7, duration=0.23725459998240694>
2058.8944 	DATA 	Keypress: 5
2058.8956 	EXP 	Device response: <KeyPress from None: t=2058.88512620001, value=5, duration=None>
2059.0111 	EXP 	Device response: <KeyPress from None: t=2058.88512620001, value=5, duration=0.11749649999546818>
2060.6943 	DATA 	Mouse: Left button down, pos=(1001,222)
2060.6951 	EXP 	New trial (rep=23, index=7): <Trial 283 (7 in rep 23) data={'delay': 0.7, 'freq': 1000, 'condition': 'exp', 'thisN': 283, 'thisTrialN': 7, 'thisRepN': 23}>
2060.7100 	EXP 	text: autoDraw = False
2060.7100 	EXP 	textbox: autoDraw = False
2060.7100 	EXP 	polygon: autoDraw = True
2060.9124 	DATA 	Mouse:  Left button up, pos=(1001,222)
2061.7100 	INFO 	Keyboard events cleared
2061.7098 	EXP 	polygon: autoDraw = False
2061.7098 	EXP 	polygon_2: autoDraw = True
2063.5928 	EXP 	Device response: <KeyPress from None: t=2063.5819210000045, value=space, duration=None>
2063.5945 	DATA 	Keypress: space
2063.6092 	EXP 	polygon: autoDraw = False
2063.6092 	EXP 	polygon_2: autoDraw = False
2063.7593 	EXP 	Device response: <KeyPress from None: t=2056.584640700021, value=space, duration=7.169327799987514>
2064.2759 	EXP 	Sound sound_1 reached end of file
2064.2922 	EXP 	Playing sound sound_1 on speaker Speaker (Realtek(R) Audio)
2064.5928 	EXP 	Sound sound_1 stopped
2064.6034 	EXP 	text: autoDraw = True
2064.6034 	EXP 	textbox: autoDraw = True
2065.2919 	DATA 	Keypress: 5
2065.2929 	EXP 	Device response: <KeyPress from None: t=2065.2897827000124, value=5, duration=None>
2065.4253 	EXP 	Device response: <KeyPress from None: t=2065.2897827000124, value=5, duration=0.1224033999897074>
2065.5090 	DATA 	Keypress: 6
2065.5107 	EXP 	Device response: <KeyPress from None: t=2065.499045900011, value=6, duration=None>
2065.6603 	EXP 	Device response: <KeyPress from None: t=2065.499045900011, value=6, duration=0.15083989998674951>
2065.6755 	DATA 	Keypress: 8
2065.6765 	EXP 	Device response: <KeyPress from None: t=2065.6710765000025, value=8, duration=None>
2065.9096 	EXP 	Device response: <KeyPress from None: t=2065.6710765000025, value=8, duration=0.23356500000227243>
2066.8261 	DATA 	Mouse: Left button down, pos=(1001,217)
2066.8268 	EXP 	New trial (rep=23, index=8): <Trial 284 (8 in rep 23) data={'delay': 0.1, 'freq': 1000, 'condition': 'exp', 'thisN': 284, 'thisTrialN': 8, 'thisRepN': 23}>
2066.8411 	EXP 	text: autoDraw = False
2066.8411 	EXP 	textbox: autoDraw = False
2066.8411 	EXP 	polygon: autoDraw = True
2067.0591 	DATA 	Mouse:  Left button up, pos=(1001,217)
2067.8411 	INFO 	Keyboard events cleared
2067.8409 	EXP 	polygon: autoDraw = False
2067.8409 	EXP 	polygon_2: autoDraw = True
2067.8921 	DATA 	Mouse: Left button down, pos=(1001,217)
2068.1086 	DATA 	Mouse:  Left button up, pos=(1001,217)
2072.9065 	EXP 	Device response: <KeyPress from None: t=2072.9031475000083, value=space, duration=None>
2072.9087 	DATA 	Keypress: space
2072.9225 	EXP 	polygon: autoDraw = False
2072.9225 	EXP 	polygon_2: autoDraw = False
2072.9897 	EXP 	Sound sound_1 reached end of file
2073.0060 	EXP 	Playing sound sound_1 on speaker Speaker (Realtek(R) Audio)
2073.0230 	EXP 	Device response: <KeyPress from None: t=2063.5819210000045, value=space, duration=9.437913900008425>
2073.3037 	EXP 	Sound sound_1 stopped
2073.3109 	EXP 	text: autoDraw = True
2073.3109 	EXP 	textbox: autoDraw = True
2074.5264 	DATA 	Keypress: 6
2074.5393 	EXP 	Device response: <KeyPress from None: t=2074.5253626000194, value=6, duration=None>
2074.6230 	EXP 	Device response: <KeyPress from None: t=2074.5253626000194, value=6, duration=0.09455929999239743>
2074.7226 	DATA 	Keypress: 5
2074.7246 	EXP 	Device response: <KeyPress from None: t=2074.7120477000135, value=5, duration=None>
2074.8232 	DATA 	Keypress: 7
2074.8238 	EXP 	Device response: <KeyPress from None: t=2074.7120477000135, value=5, duration=0.09979479998582974>
2074.8238 	EXP 	Device response: <KeyPress from None: t=2074.822166900005, value=7, duration=None>
2074.9559 	EXP 	Device response: <KeyPress from None: t=2074.822166900005, value=7, duration=0.12322929999209009>
2076.1891 	DATA 	Mouse: Left button down, pos=(1000,219)
2076.1899 	EXP 	New trial (rep=23, index=9): <Trial 285 (9 in rep 23) data={'delay': 0.4, 'freq': 1000, 'condition': 'exp', 'thisN': 285, 'thisTrialN': 9, 'thisRepN': 23}>
2076.2047 	EXP 	text: autoDraw = False
2076.2047 	EXP 	textbox: autoDraw = False
2076.2047 	EXP 	polygon: autoDraw = True
2076.4064 	DATA 	Mouse:  Left button up, pos=(1000,219)
2077.2047 	INFO 	Keyboard events cleared
2077.2046 	EXP 	polygon: autoDraw = False
2077.2046 	EXP 	polygon_2: autoDraw = True
2089.3839 	EXP 	Device response: <KeyPress from None: t=2089.3821395999985, value=space, duration=None>
2089.3859 	DATA 	Keypress: space
2089.4001 	EXP 	polygon: autoDraw = False
2089.4001 	EXP 	polygon_2: autoDraw = False
2089.4671 	EXP 	Device response: <KeyPress from None: t=2072.9031475000083, value=space, duration=16.561249199992744>
2089.7672 	EXP 	Sound sound_1 reached end of file
2089.7836 	EXP 	Playing sound sound_1 on speaker Speaker (Realtek(R) Audio)
2090.0842 	EXP 	Sound sound_1 stopped
2090.0915 	EXP 	text: autoDraw = True
2090.0915 	EXP 	textbox: autoDraw = True
2090.5539 	DATA 	Keypress: 5
2090.5668 	EXP 	Device response: <KeyPress from None: t=2090.551052900002, value=5, duration=None>
2090.6670 	EXP 	Device response: <KeyPress from None: t=2090.551052900002, value=5, duration=0.10520970000652596>
2090.7671 	DATA 	Keypress: 6
2090.7684 	EXP 	Device response: <KeyPress from None: t=2090.7590441000066, value=6, duration=None>
2090.8678 	EXP 	Device response: <KeyPress from None: t=2090.7590441000066, value=6, duration=0.10692220000782982>
2090.9889 	DATA 	Keypress: 8
2090.9999 	EXP 	Device response: <KeyPress from None: t=2090.988022500009, value=8, duration=None>
2091.2007 	EXP 	Device response: <KeyPress from None: t=2090.988022500009, value=8, duration=0.2105087999952957>
2092.5335 	DATA 	Mouse: Left button down, pos=(1000,219)
2092.5346 	EXP 	New trial (rep=23, index=10): <Trial 286 (10 in rep 23) data={'delay': 0.4, 'freq': 1000, 'condition': 'exp', 'thisN': 286, 'thisTrialN': 10, 'thisRepN': 23}>
2092.5493 	EXP 	text: autoDraw = False
2092.5493 	EXP 	textbox: autoDraw = False
2092.5493 	EXP 	polygon: autoDraw = True
2092.7508 	DATA 	Mouse:  Left button up, pos=(1000,219)
2093.5492 	INFO 	Keyboard events cleared
2093.5490 	EXP 	polygon: autoDraw = False
2093.5490 	EXP 	polygon_2: autoDraw = True
2093.5662 	EXP 	Device response: <KeyPress from None: t=2093.5557062000153, value=space, duration=None>
2093.5684 	DATA 	Keypress: space
2093.5822 	EXP 	polygon: autoDraw = False
2093.5822 	EXP 	polygon_2: autoDraw = False
2093.6826 	EXP 	Device response: <KeyPress from None: t=2089.3821395999985, value=space, duration=4.290086399996653>
2093.9656 	EXP 	Sound sound_1 reached end of file
2093.9819 	EXP 	Playing sound sound_1 on speaker Speaker (Realtek(R) Audio)
2094.2808 	EXP 	Sound sound_1 stopped
2094.2874 	EXP 	text: autoDraw = True
2094.2874 	EXP 	textbox: autoDraw = True
2095.7653 	DATA 	Keypress: 3
2095.7659 	EXP 	Device response: <KeyPress from None: t=2095.7605836000002, value=3, duration=None>
2095.9154 	EXP 	Device response: <KeyPress from None: t=2095.7605836000002, value=3, duration=0.140592400013702>
2096.0152 	DATA 	Keypress: 2
2096.0168 	EXP 	Device response: <KeyPress from None: t=2096.0118637999985, value=2, duration=None>
2096.1492 	EXP 	Device response: <KeyPress from None: t=2096.0118637999985, value=2, duration=0.13355749999755062>
2096.3365 	DATA 	Keypress: 4
2096.3482 	EXP 	Device response: <KeyPress from None: t=2096.335036900011, value=4, duration=None>
2096.5312 	EXP 	Device response: <KeyPress from None: t=2096.335036900011, value=4, duration=0.18280549999326468>
2097.5812 	DATA 	Mouse: Left button down, pos=(1000,219)
2097.5818 	EXP 	New trial (rep=23, index=11): <Trial 287 (11 in rep 23) data={'delay': 0.7, 'freq': 1000, 'condition': 'exp', 'thisN': 287, 'thisTrialN': 11, 'thisRepN': 23}>
2097.5976 	EXP 	text: autoDraw = False
2097.5976 	EXP 	textbox: autoDraw = False
2097.5976 	EXP 	polygon: autoDraw = True
2097.7994 	DATA 	Mouse:  Left button up, pos=(1000,219)
2098.5972 	INFO 	Keyboard events cleared
2098.5972 	EXP 	polygon: autoDraw = False
2098.5972 	EXP 	polygon_2: autoDraw = True
2100.2637 	EXP 	Device response: <KeyPress from None: t=2100.2520689000085, value=space, duration=None>
2100.2658 	DATA 	Keypress: space
2100.2800 	EXP 	polygon: autoDraw = False
2100.2800 	EXP 	polygon_2: autoDraw = False
2100.3472 	EXP 	Device response: <KeyPress from None: t=2093.5557062000153, value=space, duration=6.77966609998839>
2100.9467 	EXP 	Sound sound_1 reached end of file
2100.9630 	EXP 	Playing sound sound_1 on speaker Speaker (Realtek(R) Audio)
2101.2627 	EXP 	Sound sound_1 stopped
2101.2700 	EXP 	text: autoDraw = True
2101.2700 	EXP 	textbox: autoDraw = True
2101.2969 	DATA 	Keypress: 7
2101.2975 	EXP 	Device response: <KeyPress from None: t=2101.2891729999974, value=7, duration=None>
2101.4300 	DATA 	Keypress: 8
2101.4310 	EXP 	Device response: <KeyPress from None: t=2101.4222108999966, value=8, duration=None>
2101.4650 	EXP 	Device response: <KeyPress from None: t=2101.2891729999974, value=7, duration=0.16227290002279915>
2101.5804 	DATA 	Keypress: 6
2101.5821 	EXP 	Device response: <KeyPress from None: t=2101.5709661, value=6, duration=None>
2101.6131 	EXP 	Device response: <KeyPress from None: t=2101.4222108999966, value=8, duration=0.17682090000016615>
2101.7466 	EXP 	Device response: <KeyPress from None: t=2101.5709661, value=6, duration=0.17143440002109855>
2102.5630 	DATA 	Mouse: Left button down, pos=(1000,219)
2102.5636 	EXP 	New trial (rep=24, index=0): <Trial 288 (0 in rep 24) data={'delay': 0.1, 'freq': 1000, 'condition': 'exp', 'thisN': 288, 'thisTrialN': 0, 'thisRepN': 24}>
2102.5793 	EXP 	text: autoDraw = False
2102.5793 	EXP 	textbox: autoDraw = False
2102.5793 	EXP 	polygon: autoDraw = True
2102.7809 	DATA 	Mouse:  Left button up, pos=(1000,219)
2103.5791 	INFO 	Keyboard events cleared
2103.5790 	EXP 	polygon: autoDraw = False
2103.5790 	EXP 	polygon_2: autoDraw = True
2104.7123 	EXP 	Device response: <KeyPress from None: t=2104.7047405000194, value=space, duration=None>
2104.7145 	DATA 	Keypress: space
2104.7285 	EXP 	polygon: autoDraw = False
2104.7285 	EXP 	polygon_2: autoDraw = False
2104.7955 	EXP 	Sound sound_1 reached end of file
2104.8118 	EXP 	Playing sound sound_1 on speaker Speaker (Realtek(R) Audio)
2104.7958 	EXP 	Device response: <KeyPress from None: t=2100.2520689000085, value=space, duration=4.531562199990731>
2105.1122 	EXP 	Sound sound_1 stopped
2105.1217 	EXP 	text: autoDraw = True
2105.1217 	EXP 	textbox: autoDraw = True
2108.2778 	DATA 	Keypress: 2
2108.2789 	EXP 	Device response: <KeyPress from None: t=2108.2716653000098, value=2, duration=None>
2108.3943 	EXP 	Device response: <KeyPress from None: t=2108.2716653000098, value=2, duration=0.10606530000222847>
2108.4943 	DATA 	Keypress: 3
2108.4956 	EXP 	Device response: <KeyPress from None: t=2108.4927423000045, value=3, duration=None>
2108.6279 	EXP 	Device response: <KeyPress from None: t=2108.4927423000045, value=3, duration=0.1272760000138078>
2108.7275 	DATA 	Keypress: 4
2108.7291 	EXP 	Device response: <KeyPress from None: t=2108.722506499995, value=4, duration=None>
2108.9459 	EXP 	Device response: <KeyPress from None: t=2108.722506499995, value=4, duration=0.21622950001619756>
2109.7440 	DATA 	Mouse: Left button down, pos=(1000,219)
2109.7446 	EXP 	New trial (rep=24, index=1): <Trial 289 (1 in rep 24) data={'delay': 0.4, 'freq': 400, 'condition': 'unexp', 'thisN': 289, 'thisTrialN': 1, 'thisRepN': 24}>
2109.7599 	EXP 	text: autoDraw = False
2109.7599 	EXP 	textbox: autoDraw = False
2109.7599 	EXP 	polygon: autoDraw = True
2109.9781 	DATA 	Mouse:  Left button up, pos=(1000,219)
2110.7601 	INFO 	Keyboard events cleared
2110.7600 	EXP 	polygon: autoDraw = False
2110.7600 	EXP 	polygon_2: autoDraw = True
2111.2767 	EXP 	Device response: <KeyPress from None: t=2111.266376100015, value=space, duration=None>
2111.2789 	DATA 	Keypress: space
2111.2930 	EXP 	polygon: autoDraw = False
2111.2930 	EXP 	polygon_2: autoDraw = False
2111.3600 	EXP 	Device response: <KeyPress from None: t=2104.7047405000194, value=space, duration=6.639111799973762>
2111.6599 	EXP 	Sound sound_1 reached end of file
2111.6762 	EXP 	Playing sound sound_1 on speaker Speaker (Realtek(R) Audio)
2111.9745 	EXP 	Sound sound_1 stopped
2111.9807 	EXP 	text: autoDraw = True
2111.9807 	EXP 	textbox: autoDraw = True
2112.1762 	DATA 	Keypress: 6
2112.1770 	EXP 	Device response: <KeyPress from None: t=2112.1742400999938, value=6, duration=None>
2112.3103 	EXP 	Device response: <KeyPress from None: t=2112.1742400999938, value=6, duration=0.12309620002633892>
2112.3762 	DATA 	Keypress: 7
2112.3770 	EXP 	Device response: <KeyPress from None: t=2112.3739322000183, value=7, duration=None>
2112.4762 	DATA 	Keypress: 8
2112.4769 	EXP 	Device response: <KeyPress from None: t=2112.473618400021, value=8, duration=None>
2112.5110 	EXP 	Device response: <KeyPress from None: t=2112.3739322000183, value=7, duration=0.1227350999834016>
2112.6112 	EXP 	Device response: <KeyPress from None: t=2112.473618400021, value=8, duration=0.12737709999782965>
2113.5095 	DATA 	Mouse: Left button down, pos=(1000,219)
2113.5105 	EXP 	New trial (rep=24, index=2): <Trial 290 (2 in rep 24) data={'delay': 0.1, 'freq': 1000, 'condition': 'exp', 'thisN': 290, 'thisTrialN': 2, 'thisRepN': 24}>
2113.5257 	EXP 	text: autoDraw = False
2113.5257 	EXP 	textbox: autoDraw = False
2113.5257 	EXP 	polygon: autoDraw = True
2113.7438 	DATA 	Mouse:  Left button up, pos=(1000,219)
2114.5254 	INFO 	Keyboard events cleared
2114.5252 	EXP 	polygon: autoDraw = False
2114.5252 	EXP 	polygon_2: autoDraw = True
2116.8081 	EXP 	Device response: <KeyPress from None: t=2116.805658700003, value=space, duration=None>
2116.8100 	DATA 	Keypress: space
2116.8243 	EXP 	polygon: autoDraw = False
2116.8243 	EXP 	polygon_2: autoDraw = False
2116.8912 	EXP 	Sound sound_1 reached end of file
2116.9075 	EXP 	Playing sound sound_1 on speaker Speaker (Realtek(R) Audio)
2116.9249 	EXP 	Device response: <KeyPress from None: t=2111.266376100015, value=space, duration=5.650197399983881>
2117.2044 	EXP 	Sound sound_1 stopped
2117.2111 	EXP 	text: autoDraw = True
2117.2111 	EXP 	textbox: autoDraw = True
2117.7744 	DATA 	Keypress: 5
2117.7756 	EXP 	Device response: <KeyPress from None: t=2117.77251000001, value=5, duration=None>
2117.8914 	EXP 	Device response: <KeyPress from None: t=2117.77251000001, value=5, duration=0.10497079999186099>
2117.9746 	DATA 	Keypress: 6
2117.9760 	EXP 	Device response: <KeyPress from None: t=2117.9695045000117, value=6, duration=None>
2118.1076 	EXP 	Device response: <KeyPress from None: t=2117.9695045000117, value=6, duration=0.12233119999291375>
2118.2744 	DATA 	Keypress: 7
2118.2756 	EXP 	Device response: <KeyPress from None: t=2118.2651004999934, value=7, duration=None>
2118.3579 	DATA 	Keypress: left
2118.3583 	EXP 	Device response: <KeyPress from None: t=2118.3476785999956, value=left, duration=None>
2118.3921 	EXP 	Device response: <KeyPress from None: t=2118.2651004999934, value=7, duration=0.12381390001974069>
2118.4423 	EXP 	Device response: <KeyPress from None: t=2118.3476785999956, value=left, duration=0.08178880001651123>
2119.3075 	DATA 	Mouse: Left button down, pos=(1000,219)
2119.3085 	EXP 	New trial (rep=24, index=3): <Trial 291 (3 in rep 24) data={'delay': 0.7, 'freq': 1000, 'condition': 'exp', 'thisN': 291, 'thisTrialN': 3, 'thisRepN': 24}>
2119.3237 	EXP 	text: autoDraw = False
2119.3237 	EXP 	textbox: autoDraw = False
2119.3237 	EXP 	polygon: autoDraw = True
2119.5417 	DATA 	Mouse:  Left button up, pos=(1000,219)
2120.0736 	DATA 	Mouse: Left button down, pos=(1000,219)
2120.3086 	DATA 	Mouse:  Left button up, pos=(1000,219)
2120.3235 	INFO 	Keyboard events cleared
2120.3233 	EXP 	polygon: autoDraw = False
2120.3233 	EXP 	polygon_2: autoDraw = True
2122.1564 	EXP 	Device response: <KeyPress from None: t=2122.142721500015, value=space, duration=None>
2122.1585 	DATA 	Keypress: space
2122.1725 	EXP 	polygon: autoDraw = False
2122.1725 	EXP 	polygon_2: autoDraw = False
2122.2396 	EXP 	Device response: <KeyPress from None: t=2116.805658700003, value=space, duration=5.431281400000444>
2122.8396 	EXP 	Sound sound_1 reached end of file
2122.8560 	EXP 	Playing sound sound_1 on speaker Speaker (Realtek(R) Audio)
2123.1510 	EXP 	Sound sound_1 stopped
2123.1572 	EXP 	text: autoDraw = True
2123.1572 	EXP 	textbox: autoDraw = True
2124.4057 	DATA 	Keypress: 6
2124.4074 	EXP 	Device response: <KeyPress from None: t=2124.400345000002, value=6, duration=None>
2124.5225 	EXP 	Device response: <KeyPress from None: t=2124.400345000002, value=6, duration=0.11248860001796857>
2124.6069 	DATA 	Keypress: 7
2124.6219 	EXP 	Device response: <KeyPress from None: t=2124.6065955999948, value=7, duration=None>
2124.7231 	EXP 	Device response: <KeyPress from None: t=2124.6065955999948, value=7, duration=0.10634910000953823>
2124.8389 	DATA 	Keypress: 8
2124.8405 	EXP 	Device response: <KeyPress from None: t=2124.830071900011, value=8, duration=None>
2124.9903 	EXP 	Device response: <KeyPress from None: t=2124.830071900011, value=8, duration=0.15445470000850037>
2126.3383 	DATA 	Mouse: Left button down, pos=(1000,219)
2126.3390 	EXP 	New trial (rep=24, index=4): <Trial 292 (4 in rep 24) data={'delay': 0.1, 'freq': 1000, 'condition': 'exp', 'thisN': 292, 'thisTrialN': 4, 'thisRepN': 24}>
2126.3546 	EXP 	text: autoDraw = False
2126.3546 	EXP 	textbox: autoDraw = False
2126.3546 	EXP 	polygon: autoDraw = True
2126.5727 	DATA 	Mouse:  Left button up, pos=(1000,219)
2127.3545 	INFO 	Keyboard events cleared
2127.3543 	EXP 	polygon: autoDraw = False
2127.3543 	EXP 	polygon_2: autoDraw = True
2131.9366 	EXP 	Device response: <KeyPress from None: t=2131.923466600012, value=space, duration=None>
2131.9388 	DATA 	Keypress: space
2131.9527 	EXP 	polygon: autoDraw = False
2131.9527 	EXP 	polygon_2: autoDraw = False
2131.9864 	EXP 	Device response: <KeyPress from None: t=2122.142721500015, value=space, duration=9.838364900002489>
2132.0198 	EXP 	Sound sound_1 reached end of file
2132.0361 	EXP 	Playing sound sound_1 on speaker Speaker (Realtek(R) Audio)
2132.3343 	EXP 	Sound sound_1 stopped
2132.3396 	EXP 	text: autoDraw = True
2132.3396 	EXP 	textbox: autoDraw = True
2133.2527 	DATA 	Keypress: 6
2133.2540 	EXP 	Device response: <KeyPress from None: t=2133.243803899997, value=6, duration=None>
2133.3375 	EXP 	Device response: <KeyPress from None: t=2133.243803899997, value=6, duration=0.08473820000654086>
2133.4220 	DATA 	Keypress: 7
2133.4360 	EXP 	Device response: <KeyPress from None: t=2133.420253499993, value=7, duration=None>
2133.5857 	EXP 	Device response: <KeyPress from None: t=2133.420253499993, value=7, duration=0.15027540002483875>
2134.3363 	DATA 	Keypress: 3
2134.3383 	EXP 	Device response: <KeyPress from None: t=2134.325416900014, value=3, duration=None>
2134.4859 	EXP 	Device response: <KeyPress from None: t=2134.325416900014, value=3, duration=0.1443899000005331>
2135.6744 	DATA 	Mouse: Left button down, pos=(1000,219)
2135.6857 	EXP 	New trial (rep=24, index=5): <Trial 293 (5 in rep 24) data={'delay': 0.7, 'freq': 400, 'condition': 'unexp', 'thisN': 293, 'thisTrialN': 5, 'thisRepN': 24}>
2135.7013 	EXP 	text: autoDraw = False
2135.7013 	EXP 	textbox: autoDraw = False
2135.7013 	EXP 	polygon: autoDraw = True
2135.9016 	DATA 	Mouse:  Left button up, pos=(1000,219)
2136.7013 	INFO 	Keyboard events cleared
2136.7012 	EXP 	polygon: autoDraw = False
2136.7012 	EXP 	polygon_2: autoDraw = True
2138.3012 	EXP 	Device response: <KeyPress from None: t=2138.2945795000123, value=space, duration=None>
2138.3033 	DATA 	Keypress: space
2138.3172 	EXP 	polygon: autoDraw = False
2138.3172 	EXP 	polygon_2: autoDraw = False
2138.4012 	EXP 	Device response: <KeyPress from None: t=2131.923466600012, value=space, duration=6.464963300008094>
2139.0009 	EXP 	Sound sound_1 reached end of file
2139.0172 	EXP 	Playing sound sound_1 on speaker Speaker (Realtek(R) Audio)
2139.3097 	EXP 	Sound sound_1 stopped
2139.3188 	EXP 	text: autoDraw = True
2139.3188 	EXP 	textbox: autoDraw = True
2140.9174 	DATA 	Keypress: 2
2140.9186 	EXP 	Device response: <KeyPress from None: t=2140.9166549000074, value=2, duration=None>
2141.0510 	EXP 	Device response: <KeyPress from None: t=2140.9166549000074, value=2, duration=0.12820199999259785>
2141.3511 	DATA 	Keypress: 3
2141.3523 	EXP 	Device response: <KeyPress from None: t=2141.349604899995, value=3, duration=None>
2141.4997 	EXP 	Device response: <KeyPress from None: t=2141.349604899995, value=3, duration=0.13363270001718774>
2141.6167 	DATA 	Keypress: 4
2141.6177 	EXP 	Device response: <KeyPress from None: t=2141.6151381999953, value=4, duration=None>
2141.7353 	EXP 	Device response: <KeyPress from None: t=2141.6151381999953, value=4, duration=0.11739670002134517>
2142.4999 	DATA 	Mouse: Left button down, pos=(1000,219)
2142.5007 	EXP 	New trial (rep=24, index=6): <Trial 294 (6 in rep 24) data={'delay': 0.7, 'freq': 1000, 'condition': 'exp', 'thisN': 294, 'thisTrialN': 6, 'thisRepN': 24}>
2142.5159 	EXP 	text: autoDraw = False
2142.5159 	EXP 	textbox: autoDraw = False
2142.5159 	EXP 	polygon: autoDraw = True
2142.7164 	DATA 	Mouse:  Left button up, pos=(1000,219)
2143.5157 	INFO 	Keyboard events cleared
2143.5156 	EXP 	polygon: autoDraw = False
2143.5156 	EXP 	polygon_2: autoDraw = True
2144.9648 	EXP 	Device response: <KeyPress from None: t=2144.9605619000213, value=space, duration=None>
2144.9656 	DATA 	Keypress: space
2144.9813 	EXP 	polygon: autoDraw = False
2144.9813 	EXP 	polygon_2: autoDraw = False
2145.0485 	EXP 	Device response: <KeyPress from None: t=2138.2945795000123, value=space, duration=6.745342799986247>
2145.6484 	EXP 	Sound sound_1 reached end of file
2145.6648 	EXP 	Playing sound sound_1 on speaker Speaker (Realtek(R) Audio)
2145.9602 	EXP 	Sound sound_1 stopped
2145.9667 	EXP 	text: autoDraw = True
2145.9667 	EXP 	textbox: autoDraw = True
2147.2310 	DATA 	Keypress: 6
2147.2318 	EXP 	Device response: <KeyPress from None: t=2147.218332300021, value=6, duration=None>
2147.3478 	EXP 	Device response: <KeyPress from None: t=2147.218332300021, value=6, duration=0.11599019999266602>
2147.4717 	DATA 	Keypress: 5
2147.4812 	EXP 	Device response: <KeyPress from None: t=2147.4705984000175, value=5, duration=None>
2147.6144 	EXP 	Device response: <KeyPress from None: t=2147.4705984000175, value=5, duration=0.12760869998601265>
2148.2475 	DATA 	Keypress: 8
2148.2488 	EXP 	Device response: <KeyPress from None: t=2148.239527800004, value=8, duration=None>
2148.4309 	EXP 	Device response: <KeyPress from None: t=2148.239527800004, value=8, duration=0.17673310000100173>
2149.6804 	DATA 	Mouse: Left button down, pos=(1000,219)
2149.6810 	EXP 	New trial (rep=24, index=7): <Trial 295 (7 in rep 24) data={'delay': 0.1, 'freq': 400, 'condition': 'unexp', 'thisN': 295, 'thisTrialN': 7, 'thisRepN': 24}>
2149.6967 	EXP 	text: autoDraw = False
2149.6967 	EXP 	textbox: autoDraw = False
2149.6967 	EXP 	polygon: autoDraw = True
2149.8986 	DATA 	Mouse:  Left button up, pos=(1000,219)
2150.6966 	INFO 	Keyboard events cleared
2150.6965 	EXP 	polygon: autoDraw = False
2150.6965 	EXP 	polygon_2: autoDraw = True
2150.9133 	EXP 	Device response: <KeyPress from None: t=2150.9010489000066, value=space, duration=None>
2150.9152 	DATA 	Keypress: space
2150.9295 	EXP 	polygon: autoDraw = False
2150.9295 	EXP 	polygon_2: autoDraw = False
2150.9964 	EXP 	Sound sound_1 reached end of file
2151.0127 	EXP 	Playing sound sound_1 on speaker Speaker (Realtek(R) Audio)
2151.0800 	EXP 	Device response: <KeyPress from None: t=2144.9605619000213, value=space, duration=6.113225999986753>
2151.3116 	EXP 	Sound sound_1 stopped
2151.3187 	EXP 	text: autoDraw = True
2151.3187 	EXP 	textbox: autoDraw = True
2154.1319 	DATA 	Keypress: 5
2154.1454 	EXP 	Device response: <KeyPress from None: t=2154.129491800006, value=5, duration=None>
2154.2954 	EXP 	Device response: <KeyPress from None: t=2154.129491800006, value=5, duration=0.15006949999951757>
2154.3621 	DATA 	Keypress: 6
2154.3633 	EXP 	Device response: <KeyPress from None: t=2154.360604799993, value=6, duration=None>
2154.5290 	EXP 	Device response: <KeyPress from None: t=2154.360604799993, value=6, duration=0.15434520001872443>
2154.6121 	DATA 	Keypress: 7
2154.6135 	EXP 	Device response: <KeyPress from None: t=2154.6070618999947, value=7, duration=None>
2154.7631 	EXP 	Device response: <KeyPress from None: t=2154.6070618999947, value=7, duration=0.14426729999831878>
2156.0116 	DATA 	Mouse: Left button down, pos=(1000,219)
2156.0124 	EXP 	New trial (rep=24, index=8): <Trial 296 (8 in rep 24) data={'delay': 0.4, 'freq': 1000, 'condition': 'exp', 'thisN': 296, 'thisTrialN': 8, 'thisRepN': 24}>
2156.0277 	EXP 	text: autoDraw = False
2156.0277 	EXP 	textbox: autoDraw = False
2156.0277 	EXP 	polygon: autoDraw = True
2156.2459 	DATA 	Mouse:  Left button up, pos=(1000,219)
2157.0279 	INFO 	Keyboard events cleared
2157.0277 	EXP 	polygon: autoDraw = False
2157.0277 	EXP 	polygon_2: autoDraw = True
2159.0272 	EXP 	Device response: <KeyPress from None: t=2159.023152800015, value=space, duration=None>
2159.0293 	DATA 	Keypress: space
2159.0433 	EXP 	polygon: autoDraw = False
2159.0433 	EXP 	polygon_2: autoDraw = False
2159.2106 	EXP 	Device response: <KeyPress from None: t=2150.9010489000066, value=space, duration=8.299090899992734>
2159.4266 	EXP 	Sound sound_1 reached end of file
2159.4431 	EXP 	Playing sound sound_1 on speaker Speaker (Realtek(R) Audio)
2159.7413 	EXP 	Sound sound_1 stopped
2159.7480 	EXP 	text: autoDraw = True
2159.7480 	EXP 	textbox: autoDraw = True
2161.3265 	DATA 	Keypress: 6
2161.3278 	EXP 	Device response: <KeyPress from None: t=2161.316922099999, value=6, duration=None>
2161.4599 	DATA 	Keypress: left
2161.4605 	EXP 	Device response: <KeyPress from None: t=2161.4540159000026, value=left, duration=None>
2161.4947 	EXP 	Device response: <KeyPress from None: t=2161.316922099999, value=6, duration=0.17183659999864176>
2161.5265 	DATA 	Keypress: 7
2161.5272 	EXP 	Device response: <KeyPress from None: t=2161.521183100005, value=7, duration=None>
2161.6598 	EXP 	Device response: <KeyPress from None: t=2161.521183100005, value=7, duration=0.12363720001303591>
2161.7445 	EXP 	Device response: <KeyPress from None: t=2161.4540159000026, value=left, duration=0.27890750000369735>
2161.8933 	DATA 	Keypress: 5
2161.8951 	EXP 	Device response: <KeyPress from None: t=2161.8915695000032, value=5, duration=None>
2162.0621 	EXP 	Device response: <KeyPress from None: t=2161.8915695000032, value=5, duration=0.16848120000213385>
2162.8965 	DATA 	Mouse: Left button down, pos=(1000,219)
2162.9102 	EXP 	New trial (rep=24, index=9): <Trial 297 (9 in rep 24) data={'delay': 0.7, 'freq': 1000, 'condition': 'exp', 'thisN': 297, 'thisTrialN': 9, 'thisRepN': 24}>
2162.9257 	EXP 	text: autoDraw = False
2162.9257 	EXP 	textbox: autoDraw = False
2162.9257 	EXP 	polygon: autoDraw = True
2163.1271 	DATA 	Mouse:  Left button up, pos=(1000,219)
2163.9249 	INFO 	Keyboard events cleared
2163.9248 	EXP 	polygon: autoDraw = False
2163.9248 	EXP 	polygon_2: autoDraw = True
2167.6243 	EXP 	Device response: <KeyPress from None: t=2167.6217581999954, value=space, duration=None>
2167.6266 	DATA 	Keypress: space
2167.6407 	EXP 	polygon: autoDraw = False
2167.6407 	EXP 	polygon_2: autoDraw = False
2167.7412 	EXP 	Device response: <KeyPress from None: t=2159.023152800015, value=space, duration=8.70453279998037>
2168.3238 	EXP 	Sound sound_1 reached end of file
2168.3401 	EXP 	Playing sound sound_1 on speaker Speaker (Realtek(R) Audio)
2168.6423 	EXP 	Sound sound_1 stopped
2168.6495 	EXP 	text: autoDraw = True
2168.6495 	EXP 	textbox: autoDraw = True
2169.5234 	DATA 	Keypress: 4
2169.5239 	EXP 	Device response: <KeyPress from None: t=2169.5171681999927, value=4, duration=None>
2169.6755 	EXP 	Device response: <KeyPress from None: t=2169.5171681999927, value=4, duration=0.1446330000180751>
2169.7449 	DATA 	Keypress: 3
2169.7568 	EXP 	Device response: <KeyPress from None: t=2169.7430361000006, value=3, duration=None>
2169.8572 	DATA 	Keypress: 8
2169.8589 	EXP 	Device response: <KeyPress from None: t=2169.8468289000157, value=8, duration=None>
2169.9252 	EXP 	Device response: <KeyPress from None: t=2169.7430361000006, value=3, duration=0.17148079999606125>
2169.9913 	EXP 	Device response: <KeyPress from None: t=2169.8468289000157, value=8, duration=0.13928699999814853>
2170.9067 	DATA 	Mouse: Left button down, pos=(1000,219)
2170.9074 	EXP 	New trial (rep=24, index=10): <Trial 298 (10 in rep 24) data={'delay': 0.4, 'freq': 1000, 'condition': 'exp', 'thisN': 298, 'thisTrialN': 10, 'thisRepN': 24}>
2170.9227 	EXP 	text: autoDraw = False
2170.9227 	EXP 	textbox: autoDraw = False
2170.9227 	EXP 	polygon: autoDraw = True
2171.1243 	DATA 	Mouse:  Left button up, pos=(1000,219)
2171.9226 	INFO 	Keyboard events cleared
2171.9225 	EXP 	polygon: autoDraw = False
2171.9225 	EXP 	polygon_2: autoDraw = True
2173.0060 	EXP 	Device response: <KeyPress from None: t=2173.004824100004, value=space, duration=None>
2173.0080 	DATA 	Keypress: space
2173.0220 	EXP 	polygon: autoDraw = False
2173.0220 	EXP 	polygon_2: autoDraw = False
2173.2724 	EXP 	Device response: <KeyPress from None: t=2167.6217581999954, value=space, duration=5.637154800002463>
2173.3892 	EXP 	Sound sound_1 reached end of file
2173.4055 	EXP 	Playing sound sound_1 on speaker Speaker (Realtek(R) Audio)
2173.7027 	EXP 	Sound sound_1 stopped
2173.7107 	EXP 	text: autoDraw = True
2173.7107 	EXP 	textbox: autoDraw = True
2174.2100 	DATA 	Keypress: 6
2174.2220 	EXP 	Device response: <KeyPress from None: t=2174.2087089999986, value=6, duration=None>
2174.3230 	EXP 	Device response: <KeyPress from None: t=2174.2087089999986, value=6, duration=0.10648950000177138>
2174.3392 	DATA 	Keypress: 8
2174.3410 	EXP 	Device response: <KeyPress from None: t=2174.3317661000183, value=8, duration=None>
2174.4061 	DATA 	Keypress: 6
2174.4077 	EXP 	Device response: <KeyPress from None: t=2174.403984100005, value=6, duration=None>
2174.4898 	EXP 	Device response: <KeyPress from None: t=2174.403984100005, value=6, duration=0.0721250000060536>
2174.5389 	EXP 	Device response: <KeyPress from None: t=2174.3317661000183, value=8, duration=0.20102399997995235>
2175.5384 	DATA 	Mouse: Left button down, pos=(1000,219)
2175.5391 	EXP 	New trial (rep=24, index=11): <Trial 299 (11 in rep 24) data={'delay': 0.4, 'freq': 1000, 'condition': 'exp', 'thisN': 299, 'thisTrialN': 11, 'thisRepN': 24}>
2175.5546 	EXP 	text: autoDraw = False
2175.5546 	EXP 	textbox: autoDraw = False
2175.5546 	EXP 	polygon: autoDraw = True
2175.7727 	DATA 	Mouse:  Left button up, pos=(1000,219)
2175.9883 	EXP 	Device response: <KeyPress from None: t=2175.9737750000204, value=space, duration=None>
2175.9894 	DATA 	Keypress: space
2176.1211 	EXP 	Device response: <KeyPress from None: t=2173.004824100004, value=space, duration=3.1094424999901094>
2176.5546 	INFO 	Keyboard events cleared
2176.5544 	EXP 	polygon: autoDraw = False
2176.5544 	EXP 	polygon_2: autoDraw = True
2177.5544 	EXP 	Device response: <KeyPress from None: t=2177.539497699996, value=space, duration=None>
2177.5566 	DATA 	Keypress: space
2177.5706 	EXP 	polygon: autoDraw = False
2177.5706 	EXP 	polygon_2: autoDraw = False
2177.7544 	EXP 	Device response: <KeyPress from None: t=2175.9737750000204, value=space, duration=1.7655154999811202>
2177.9375 	EXP 	Sound sound_1 reached end of file
2177.9538 	EXP 	Playing sound sound_1 on speaker Speaker (Realtek(R) Audio)
2178.2513 	EXP 	Sound sound_1 stopped
2178.2574 	EXP 	text: autoDraw = True
2178.2574 	EXP 	textbox: autoDraw = True
2178.7705 	DATA 	Keypress: 2
2178.7711 	EXP 	Device response: <KeyPress from None: t=2178.7689347999985, value=2, duration=None>
2178.8718 	EXP 	Device response: <KeyPress from None: t=2178.7689347999985, value=2, duration=0.10015980000025593>
2178.9375 	DATA 	Keypress: 2
2178.9389 	EXP 	Device response: <KeyPress from None: t=2178.9348418000154, value=2, duration=None>
2179.0558 	EXP 	Device response: <KeyPress from None: t=2178.9348418000154, value=2, duration=0.11276590000488795>
2180.6199 	DATA 	Mouse: Left button down, pos=(1000,219)
2180.6205 	EXP 	New trial (rep=25, index=0): <Trial 300 (0 in rep 25) data={'delay': 0.7, 'freq': 1000, 'condition': 'exp', 'thisN': 300, 'thisTrialN': 0, 'thisRepN': 25}>
2180.6361 	EXP 	text: autoDraw = False
2180.6361 	EXP 	textbox: autoDraw = False
2180.6361 	EXP 	polygon: autoDraw = True
2180.8376 	DATA 	Mouse:  Left button up, pos=(1000,219)
2181.6360 	INFO 	Keyboard events cleared
2181.6358 	EXP 	polygon: autoDraw = False
2181.6358 	EXP 	polygon_2: autoDraw = True
2183.3020 	EXP 	Device response: <KeyPress from None: t=2183.3007045999984, value=space, duration=None>
2183.3028 	DATA 	Keypress: space
2183.3184 	EXP 	polygon: autoDraw = False
2183.3184 	EXP 	polygon_2: autoDraw = False
2183.5357 	EXP 	Device response: <KeyPress from None: t=2177.539497699996, value=space, duration=5.983537699998124>
2183.9850 	EXP 	Sound sound_1 reached end of file
2184.0015 	EXP 	Playing sound sound_1 on speaker Speaker (Realtek(R) Audio)
2184.3013 	EXP 	Sound sound_1 stopped
2184.3084 	EXP 	text: autoDraw = True
2184.3084 	EXP 	textbox: autoDraw = True
2191.4221 	DATA 	Keypress: 7
2191.4330 	EXP 	Device response: <KeyPress from None: t=2191.4177580999967, value=7, duration=None>
2191.5340 	EXP 	Device response: <KeyPress from None: t=2191.4177580999967, value=7, duration=0.10621200001332909>
2191.6497 	DATA 	Keypress: 8
2191.6503 	EXP 	Device response: <KeyPress from None: t=2191.6406948000076, value=8, duration=None>
2191.7670 	EXP 	Device response: <KeyPress from None: t=2191.6406948000076, value=8, duration=0.12085090001346543>
2191.8327 	DATA 	Keypress: 9
2191.8343 	EXP 	Device response: <KeyPress from None: t=2191.829821399995, value=9, duration=None>
2191.9993 	EXP 	Device response: <KeyPress from None: t=2191.829821399995, value=9, duration=0.1543670000100974>
2193.1496 	DATA 	Mouse: Left button down, pos=(1000,219)
2193.1507 	EXP 	New trial (rep=25, index=1): <Trial 301 (1 in rep 25) data={'delay': 0.1, 'freq': 1000, 'condition': 'exp', 'thisN': 301, 'thisTrialN': 1, 'thisRepN': 25}>
2193.1654 	EXP 	text: autoDraw = False
2193.1654 	EXP 	textbox: autoDraw = False
2193.1654 	EXP 	polygon: autoDraw = True
2193.3668 	DATA 	Mouse:  Left button up, pos=(1000,219)
2194.1652 	INFO 	Keyboard events cleared
2194.1650 	EXP 	polygon: autoDraw = False
2194.1650 	EXP 	polygon_2: autoDraw = True
2212.0941 	DATA 	Keypress: space
2212.1096 	EXP 	Device response: <KeyPress from None: t=2212.093448600004, value=space, duration=None>
2212.1257 	EXP 	polygon: autoDraw = False
2212.1257 	EXP 	polygon_2: autoDraw = False
2212.1925 	EXP 	Sound sound_1 reached end of file
2212.2088 	EXP 	Playing sound sound_1 on speaker Speaker (Realtek(R) Audio)
2212.2095 	EXP 	Device response: <KeyPress from None: t=2183.3007045999984, value=space, duration=28.9032361000136>
2212.5119 	EXP 	Sound sound_1 stopped
2212.5185 	EXP 	text: autoDraw = True
2212.5185 	EXP 	textbox: autoDraw = True
2213.3922 	DATA 	Keypress: 4
2213.3929 	EXP 	Device response: <KeyPress from None: t=2213.384044800012, value=4, duration=None>
2213.4921 	EXP 	Device response: <KeyPress from None: t=2213.384044800012, value=4, duration=0.09525600000051782>
2213.5956 	DATA 	Keypress: 3
2213.6086 	EXP 	Device response: <KeyPress from None: t=2213.592812799994, value=3, duration=None>
2213.6933 	EXP 	Device response: <KeyPress from None: t=2213.592812799994, value=3, duration=0.08930849999887869>
2213.8257 	DATA 	Keypress: 2
2213.8270 	EXP 	Device response: <KeyPress from None: t=2213.8175876000023, value=2, duration=None>
2213.9092 	EXP 	Device response: <KeyPress from None: t=2213.8175876000023, value=2, duration=0.08951750001870096>
2214.8460 	DATA 	Mouse: Left button down, pos=(1000,219)
2214.8586 	EXP 	New trial (rep=25, index=2): <Trial 302 (2 in rep 25) data={'delay': 0.4, 'freq': 1000, 'condition': 'exp', 'thisN': 302, 'thisTrialN': 2, 'thisRepN': 25}>
2214.8748 	EXP 	text: autoDraw = False
2214.8748 	EXP 	textbox: autoDraw = False
2214.8748 	EXP 	polygon: autoDraw = True
2215.0761 	DATA 	Mouse:  Left button up, pos=(1000,219)
2215.8578 	INFO 	Keyboard events cleared
2215.8576 	EXP 	polygon_2: autoDraw = True
2215.8745 	EXP 	polygon: autoDraw = False
2219.7562 	EXP 	Device response: <KeyPress from None: t=2219.752477700007, value=space, duration=None>
2219.7570 	DATA 	Keypress: space
2219.7730 	EXP 	polygon: autoDraw = False
2219.7730 	EXP 	polygon_2: autoDraw = False
2219.8568 	EXP 	Device response: <KeyPress from None: t=2212.093448600004, value=space, duration=7.754731499997433>
2220.1400 	EXP 	Sound sound_1 reached end of file
2220.1563 	EXP 	Playing sound sound_1 on speaker Speaker (Realtek(R) Audio)
2220.4504 	EXP 	Sound sound_1 stopped
2220.4566 	EXP 	text: autoDraw = True
2220.4566 	EXP 	textbox: autoDraw = True
2220.8898 	DATA 	Keypress: 2
2220.8903 	EXP 	Device response: <KeyPress from None: t=2220.884627499996, value=2, duration=None>
2220.9895 	EXP 	Device response: <KeyPress from None: t=2220.884627499996, value=2, duration=0.08913040001061745>
2221.0772 	DATA 	Keypress: 3
2221.0897 	EXP 	Device response: <KeyPress from None: t=2221.07655290002, value=3, duration=None>
2221.1580 	EXP 	Device response: <KeyPress from None: t=2221.07655290002, value=3, duration=0.07871079997858033>
2221.2398 	DATA 	Keypress: 4
2221.2410 	EXP 	Device response: <KeyPress from None: t=2221.239178799995, value=4, duration=None>
2221.3252 	EXP 	Device response: <KeyPress from None: t=2221.239178799995, value=4, duration=0.08340080000925809>
2222.5227 	DATA 	Mouse: Left button down, pos=(1000,219)
2222.5234 	EXP 	New trial (rep=25, index=3): <Trial 303 (3 in rep 25) data={'delay': 0.1, 'freq': 1000, 'condition': 'exp', 'thisN': 303, 'thisTrialN': 3, 'thisRepN': 25}>
2222.5388 	EXP 	text: autoDraw = False
2222.5388 	EXP 	textbox: autoDraw = False
2222.5388 	EXP 	polygon: autoDraw = True
2222.7573 	DATA 	Mouse:  Left button up, pos=(1000,219)
2223.5385 	INFO 	Keyboard events cleared
2223.5383 	EXP 	polygon: autoDraw = False
2223.5383 	EXP 	polygon_2: autoDraw = True
2228.1549 	DATA 	Mouse: Left button down, pos=(1000,219)
2228.2873 	EXP 	Device response: <KeyPress from None: t=2228.28059520002, value=space, duration=None>
2228.2894 	DATA 	Keypress: space
2228.3034 	EXP 	polygon: autoDraw = False
2228.3034 	EXP 	polygon_2: autoDraw = False
2228.3705 	EXP 	Sound sound_1 reached end of file
2228.3868 	EXP 	Playing sound sound_1 on speaker Speaker (Realtek(R) Audio)
2228.3881 	DATA 	Mouse:  Left button up, pos=(1000,219)
2228.4206 	EXP 	Device response: <KeyPress from None: t=2219.752477700007, value=space, duration=8.650815000000875>
2228.6806 	EXP 	Sound sound_1 stopped
2228.6882 	EXP 	text: autoDraw = True
2228.6882 	EXP 	textbox: autoDraw = True
2229.6201 	DATA 	Keypress: 7
2229.6214 	EXP 	Device response: <KeyPress from None: t=2229.6144745000056, value=7, duration=None>
2229.7040 	EXP 	Device response: <KeyPress from None: t=2229.6144745000056, value=7, duration=0.08339660000638105>
2229.8369 	DATA 	Keypress: 7
2229.8374 	EXP 	Device response: <KeyPress from None: t=2229.831705699995, value=7, duration=None>
2229.9366 	EXP 	Device response: <KeyPress from None: t=2229.831705699995, value=7, duration=0.08860820002155378>
2229.9732 	DATA 	Keypress: 8
2229.9866 	EXP 	Device response: <KeyPress from None: t=2229.9725469000114, value=8, duration=None>
2230.1046 	EXP 	Device response: <KeyPress from None: t=2229.9725469000114, value=8, duration=0.12283559999195859>
2231.1533 	DATA 	Mouse: Left button down, pos=(1000,219)
2231.1541 	EXP 	New trial (rep=25, index=4): <Trial 304 (4 in rep 25) data={'delay': 0.7, 'freq': 1000, 'condition': 'exp', 'thisN': 304, 'thisTrialN': 4, 'thisRepN': 25}>
2231.1694 	EXP 	text: autoDraw = False
2231.1694 	EXP 	textbox: autoDraw = False
2231.1694 	EXP 	polygon: autoDraw = True
2231.3707 	DATA 	Mouse:  Left button up, pos=(1000,219)
2232.1691 	INFO 	Keyboard events cleared
2232.1689 	EXP 	polygon: autoDraw = False
2232.1689 	EXP 	polygon_2: autoDraw = True
2232.6859 	EXP 	Device response: <KeyPress from None: t=2232.681947200006, value=space, duration=None>
2232.6881 	DATA 	Keypress: space
2232.7020 	EXP 	polygon: autoDraw = False
2232.7020 	EXP 	polygon_2: autoDraw = False
2232.8358 	EXP 	Device response: <KeyPress from None: t=2228.28059520002, value=space, duration=4.545698599977186>
2233.3689 	EXP 	Sound sound_1 reached end of file
2233.3852 	EXP 	Playing sound sound_1 on speaker Speaker (Realtek(R) Audio)
2233.6797 	EXP 	Sound sound_1 stopped
2233.6852 	EXP 	text: autoDraw = True
2233.6852 	EXP 	textbox: autoDraw = True
2235.2735 	DATA 	Keypress: 4
2235.2848 	EXP 	Device response: <KeyPress from None: t=2235.270654699998, value=4, duration=None>
2235.3684 	EXP 	Device response: <KeyPress from None: t=2235.270654699998, value=4, duration=0.0905235999962315>
2235.4516 	DATA 	Keypress: 4
2235.4526 	EXP 	Device response: <KeyPress from None: t=2235.445128499996, value=4, duration=None>
2235.6014 	EXP 	Device response: <KeyPress from None: t=2235.445128499996, value=4, duration=0.1439122000010684>
2235.6182 	DATA 	Keypress: 7
2235.6197 	EXP 	Device response: <KeyPress from None: t=2235.617188400007, value=7, duration=None>
2235.7682 	EXP 	Device response: <KeyPress from None: t=2235.617188400007, value=7, duration=0.13786489999620244>
2236.5511 	DATA 	Mouse: Left button down, pos=(1000,219)
2236.5517 	EXP 	New trial (rep=25, index=5): <Trial 305 (5 in rep 25) data={'delay': 0.7, 'freq': 400, 'condition': 'unexp', 'thisN': 305, 'thisTrialN': 5, 'thisRepN': 25}>
2236.5675 	EXP 	text: autoDraw = False
2236.5675 	EXP 	textbox: autoDraw = False
2236.5675 	EXP 	polygon: autoDraw = True
2236.7852 	DATA 	Mouse:  Left button up, pos=(1000,219)
2237.5671 	INFO 	Keyboard events cleared
2237.5670 	EXP 	polygon: autoDraw = False
2237.5670 	EXP 	polygon_2: autoDraw = True
2237.7508 	EXP 	Device response: <KeyPress from None: t=2237.736541100021, value=space, duration=None>
2237.7529 	DATA 	Keypress: space
2237.7670 	EXP 	polygon: autoDraw = False
2237.7670 	EXP 	polygon_2: autoDraw = False
2237.8672 	EXP 	Device response: <KeyPress from None: t=2232.681947200006, value=space, duration=5.176965199992992>
2238.4338 	EXP 	Sound sound_1 reached end of file
2238.4501 	EXP 	Playing sound sound_1 on speaker Speaker (Realtek(R) Audio)
2238.7512 	EXP 	Sound sound_1 stopped
2238.7598 	EXP 	text: autoDraw = True
2238.7598 	EXP 	textbox: autoDraw = True
2240.5997 	DATA 	Keypress: 6
2240.6006 	EXP 	Device response: <KeyPress from None: t=2240.594248700014, value=6, duration=None>
2240.7013 	EXP 	Device response: <KeyPress from None: t=2240.594248700014, value=6, duration=0.1006813999847509>
2240.7353 	DATA 	Keypress: 7
2240.7496 	EXP 	Device response: <KeyPress from None: t=2240.734882000019, value=7, duration=None>
2240.8493 	DATA 	Keypress: 5
2240.8502 	EXP 	Device response: <KeyPress from None: t=2240.839396800002, value=5, duration=None>
2240.8827 	EXP 	Device response: <KeyPress from None: t=2240.734882000019, value=7, duration=0.1334550999745261>
2240.9330 	EXP 	Device response: <KeyPress from None: t=2240.839396800002, value=5, duration=0.0836256000038702>
2242.2993 	DATA 	Mouse: Left button down, pos=(1000,219)
2242.3000 	EXP 	New trial (rep=25, index=6): <Trial 306 (6 in rep 25) data={'delay': 0.4, 'freq': 1000, 'condition': 'exp', 'thisN': 306, 'thisTrialN': 6, 'thisRepN': 25}>
2242.3154 	EXP 	text: autoDraw = False
2242.3154 	EXP 	textbox: autoDraw = False
2242.3154 	EXP 	polygon: autoDraw = True
2242.5333 	DATA 	Mouse:  Left button up, pos=(1000,219)
2243.3152 	INFO 	Keyboard events cleared
2243.3150 	EXP 	polygon: autoDraw = False
2243.3150 	EXP 	polygon_2: autoDraw = True
2244.8316 	EXP 	Device response: <KeyPress from None: t=2244.818601200008, value=space, duration=None>
2244.8336 	DATA 	Keypress: space
2244.8477 	EXP 	polygon: autoDraw = False
2244.8477 	EXP 	polygon_2: autoDraw = False
2244.9651 	EXP 	Device response: <KeyPress from None: t=2237.736541100021, value=space, duration=7.220504899974912>
2245.2146 	EXP 	Sound sound_1 reached end of file
2245.2310 	EXP 	Playing sound sound_1 on speaker Speaker (Realtek(R) Audio)
2245.5314 	EXP 	Sound sound_1 stopped
2245.5423 	EXP 	text: autoDraw = True
2245.5423 	EXP 	textbox: autoDraw = True
2246.4810 	DATA 	Keypress: 4
2246.4819 	EXP 	Device response: <KeyPress from None: t=2246.476150500006, value=4, duration=None>
2246.6323 	EXP 	Device response: <KeyPress from None: t=2246.476150500006, value=4, duration=0.15034759999252856>
2246.7023 	DATA 	Keypress: 3
2246.7143 	EXP 	Device response: <KeyPress from None: t=2246.701291000005, value=3, duration=None>
2246.8492 	EXP 	Device response: <KeyPress from None: t=2246.701291000005, value=3, duration=0.139271899999585>
2246.9149 	DATA 	Keypress: 2
2246.9171 	EXP 	Device response: <KeyPress from None: t=2246.9082347000076, value=2, duration=None>
2247.0810 	EXP 	Device response: <KeyPress from None: t=2246.9082347000076, value=2, duration=0.16033909999532625>
2248.4867 	DATA 	Mouse: Left button down, pos=(1000,219)
2248.4975 	EXP 	New trial (rep=25, index=7): <Trial 307 (7 in rep 25) data={'delay': 0.1, 'freq': 1000, 'condition': 'exp', 'thisN': 307, 'thisTrialN': 7, 'thisRepN': 25}>
2248.5132 	EXP 	text: autoDraw = False
2248.5132 	EXP 	textbox: autoDraw = False
2248.5132 	EXP 	polygon: autoDraw = True
2248.7147 	DATA 	Mouse:  Left button up, pos=(1000,219)
2249.4966 	INFO 	Keyboard events cleared
2249.4965 	EXP 	polygon_2: autoDraw = True
2249.5131 	EXP 	polygon: autoDraw = False
2250.7465 	EXP 	Device response: <KeyPress from None: t=2250.731915900018, value=6, duration=None>
2250.7478 	DATA 	Keypress: 6
2250.8461 	EXP 	Device response: <KeyPress from None: t=2250.731915900018, value=6, duration=0.10008740000193939>
2250.9631 	EXP 	Device response: <KeyPress from None: t=2250.9543756000057, value=7, duration=None>
2250.9641 	DATA 	Keypress: 7
2251.0798 	EXP 	Device response: <KeyPress from None: t=2250.9543756000057, value=7, duration=0.11742329999106005>
2251.0832 	DATA 	Keypress: 8
2251.0963 	EXP 	Device response: <KeyPress from None: t=2251.081406000012, value=8, duration=None>
2251.2463 	EXP 	Device response: <KeyPress from None: t=2251.081406000012, value=8, duration=0.1614687999826856>
2251.4629 	EXP 	Device response: <KeyPress from None: t=2251.455937199993, value=space, duration=None>
2251.4651 	DATA 	Keypress: space
2251.4789 	EXP 	polygon: autoDraw = False
2251.4789 	EXP 	polygon_2: autoDraw = False
2251.5462 	EXP 	Sound sound_1 reached end of file
2251.5625 	EXP 	Playing sound sound_1 on speaker Speaker (Realtek(R) Audio)
2251.5627 	EXP 	Device response: <KeyPress from None: t=2244.818601200008, value=space, duration=6.742502500012051>
2251.8621 	EXP 	Sound sound_1 stopped
2251.8680 	EXP 	text: autoDraw = True
2251.8680 	EXP 	textbox: autoDraw = True
2252.7958 	DATA 	Keypress: 6
2252.7964 	EXP 	Device response: <KeyPress from None: t=2252.792484900012, value=6, duration=None>
2252.9123 	DATA 	Keypress: 8
2252.9135 	EXP 	Device response: <KeyPress from None: t=2252.908402800007, value=8, duration=None>
2252.9302 	EXP 	Device response: <KeyPress from None: t=2252.792484900012, value=6, duration=0.12846449998323806>
2253.0288 	DATA 	Keypress: 7
2253.0304 	EXP 	Device response: <KeyPress from None: t=2253.024600200006, value=7, duration=None>
2253.0965 	EXP 	Device response: <KeyPress from None: t=2252.908402800007, value=8, duration=0.18460249999770895>
2253.1959 	EXP 	Device response: <KeyPress from None: t=2253.024600200006, value=7, duration=0.1665934000047855>
2253.2953 	DATA 	Keypress: 9
2253.2961 	EXP 	Device response: <KeyPress from None: t=2253.2936589000165, value=9, duration=None>
2253.4631 	EXP 	Device response: <KeyPress from None: t=2253.2936589000165, value=9, duration=0.16056639997987077>
2254.1619 	DATA 	Keypress: backspace
2254.1636 	EXP 	Device response: <KeyPress from None: t=2254.150474599999, value=backspace, duration=None>
2254.3450 	EXP 	Device response: <KeyPress from None: t=2254.150474599999, value=backspace, duration=0.18200870000873692>
2254.8451 	DATA 	Mouse: Left button down, pos=(1000,219)
2254.8458 	EXP 	New trial (rep=25, index=8): <Trial 308 (8 in rep 25) data={'delay': 0.1, 'freq': 400, 'condition': 'unexp', 'thisN': 308, 'thisTrialN': 8, 'thisRepN': 25}>
2254.8612 	EXP 	text: autoDraw = False
2254.8612 	EXP 	textbox: autoDraw = False
2254.8612 	EXP 	polygon: autoDraw = True
2255.0625 	DATA 	Mouse:  Left button up, pos=(1000,219)
2255.8614 	INFO 	Keyboard events cleared
2255.8612 	EXP 	polygon: autoDraw = False
2255.8612 	EXP 	polygon_2: autoDraw = True
2256.3941 	EXP 	Device response: <KeyPress from None: t=2256.3916838000005, value=space, duration=None>
2256.3954 	DATA 	Keypress: space
2256.4106 	EXP 	polygon: autoDraw = False
2256.4106 	EXP 	polygon_2: autoDraw = False
2256.4775 	EXP 	Sound sound_1 reached end of file
2256.4940 	EXP 	Playing sound sound_1 on speaker Speaker (Realtek(R) Audio)
2256.5614 	EXP 	Device response: <KeyPress from None: t=2251.455937199993, value=space, duration=5.099119400023483>
2256.7934 	EXP 	Sound sound_1 stopped
2256.7992 	EXP 	text: autoDraw = True
2256.7992 	EXP 	textbox: autoDraw = True
2257.8438 	DATA 	Keypress: 3
2257.8444 	EXP 	Device response: <KeyPress from None: t=2257.8395573000016, value=3, duration=None>
2257.9285 	EXP 	Device response: <KeyPress from None: t=2257.8395573000016, value=3, duration=0.08405920001678169>
2258.0107 	DATA 	Keypress: 3
2258.0119 	EXP 	Device response: <KeyPress from None: t=2258.0075131000194, value=3, duration=None>
2258.0949 	EXP 	Device response: <KeyPress from None: t=2258.0075131000194, value=3, duration=0.08242949997656979>
2258.1606 	DATA 	Keypress: 4
2258.1621 	EXP 	Device response: <KeyPress from None: t=2258.155104800011, value=4, duration=None>
2258.2615 	EXP 	Device response: <KeyPress from None: t=2258.155104800011, value=4, duration=0.1039697999949567>
2259.0606 	DATA 	Mouse: Left button down, pos=(1000,219)
2259.0617 	EXP 	New trial (rep=25, index=9): <Trial 309 (9 in rep 25) data={'delay': 0.7, 'freq': 1000, 'condition': 'exp', 'thisN': 309, 'thisTrialN': 9, 'thisRepN': 25}>
2259.0765 	EXP 	text: autoDraw = False
2259.0765 	EXP 	textbox: autoDraw = False
2259.0765 	EXP 	polygon: autoDraw = True
2259.2780 	DATA 	Mouse:  Left button up, pos=(1000,219)
2260.0761 	INFO 	Keyboard events cleared
2260.0760 	EXP 	polygon: autoDraw = False
2260.0760 	EXP 	polygon_2: autoDraw = True
2261.5928 	EXP 	Device response: <KeyPress from None: t=2261.5883392000105, value=space, duration=None>
2261.5949 	DATA 	Keypress: space
2261.6090 	EXP 	polygon: autoDraw = False
2261.6090 	EXP 	polygon_2: autoDraw = False
2261.7428 	EXP 	Device response: <KeyPress from None: t=2256.3916838000005, value=space, duration=5.347194500005571>
2262.2924 	EXP 	Sound sound_1 reached end of file
2262.3087 	EXP 	Playing sound sound_1 on speaker Speaker (Realtek(R) Audio)
2262.6028 	EXP 	Sound sound_1 stopped
2262.6093 	EXP 	text: autoDraw = True
2262.6093 	EXP 	textbox: autoDraw = True
2263.0253 	DATA 	Keypress: 3
2263.0259 	EXP 	Device response: <KeyPress from None: t=2263.0233367000183, value=3, duration=None>
2263.1091 	EXP 	Device response: <KeyPress from None: t=2263.0233367000183, value=3, duration=0.07316040000296198>
2263.2094 	DATA 	Keypress: 3
2263.2113 	EXP 	Device response: <KeyPress from None: t=2263.1977495000174, value=3, duration=None>
2263.2923 	EXP 	Device response: <KeyPress from None: t=2263.1977495000174, value=3, duration=0.07930640000267886>
2263.4254 	DATA 	Keypress: 2
2263.4262 	EXP 	Device response: <KeyPress from None: t=2263.41854850002, value=2, duration=None>
2263.5087 	EXP 	Device response: <KeyPress from None: t=2263.41854850002, value=2, duration=0.07410810000146739>
2264.2975 	DATA 	Mouse: Left button down, pos=(1000,219)
2264.3091 	EXP 	New trial (rep=25, index=10): <Trial 310 (10 in rep 25) data={'delay': 0.4, 'freq': 400, 'condition': 'unexp', 'thisN': 310, 'thisTrialN': 10, 'thisRepN': 25}>
2264.3249 	EXP 	text: autoDraw = False
2264.3249 	EXP 	textbox: autoDraw = False
2264.3249 	EXP 	polygon: autoDraw = True
2264.5262 	DATA 	Mouse:  Left button up, pos=(1000,219)
2265.3240 	INFO 	Keyboard events cleared
2265.3239 	EXP 	polygon: autoDraw = False
2265.3239 	EXP 	polygon_2: autoDraw = True
2270.3899 	EXP 	Device response: <KeyPress from None: t=2270.3883617999963, value=space, duration=None>
2270.3920 	DATA 	Keypress: space
2270.4060 	EXP 	polygon: autoDraw = False
2270.4060 	EXP 	polygon_2: autoDraw = False
2270.4895 	EXP 	Device response: <KeyPress from None: t=2261.5883392000105, value=space, duration=8.899804499989841>
2270.7889 	EXP 	Sound sound_1 reached end of file
2270.8054 	EXP 	Playing sound sound_1 on speaker Speaker (Realtek(R) Audio)
2271.1002 	EXP 	Sound sound_1 stopped
2271.1059 	EXP 	text: autoDraw = True
2271.1059 	EXP 	textbox: autoDraw = True
2271.9225 	DATA 	Keypress: 6
2271.9231 	EXP 	Device response: <KeyPress from None: t=2271.914881600009, value=6, duration=None>
2272.0563 	EXP 	Device response: <KeyPress from None: t=2271.914881600009, value=6, duration=0.12954560000798665>
2272.0767 	DATA 	Keypress: 8
2272.0889 	EXP 	Device response: <KeyPress from None: t=2272.0756546000193, value=8, duration=None>
2272.2723 	EXP 	Device response: <KeyPress from None: t=2272.0756546000193, value=8, duration=0.18449159999727271>
2272.7391 	DATA 	Keypress: 4
2272.7399 	EXP 	Device response: <KeyPress from None: t=2272.7382320000033, value=4, duration=None>
2272.8389 	EXP 	Device response: <KeyPress from None: t=2272.7382320000033, value=4, duration=0.08528620001743548>
2274.1883 	DATA 	Keypress: space
2274.1892 	EXP 	Device response: <KeyPress from None: t=2274.1808595000184, value=space, duration=None>
2274.3563 	EXP 	Device response: <KeyPress from None: t=2270.3883617999963, value=space, duration=3.9561707000248134>
2275.7434 	DATA 	Mouse: Left button down, pos=(1008,227)
2275.7558 	EXP 	New trial (rep=25, index=11): <Trial 311 (11 in rep 25) data={'delay': 0.4, 'freq': 1000, 'condition': 'exp', 'thisN': 311, 'thisTrialN': 11, 'thisRepN': 25}>
2275.7712 	EXP 	text: autoDraw = False
2275.7712 	EXP 	textbox: autoDraw = False
2275.7712 	EXP 	polygon: autoDraw = True
2275.9727 	DATA 	Mouse:  Left button up, pos=(1008,227)
2276.7710 	INFO 	Keyboard events cleared
2276.7708 	EXP 	polygon: autoDraw = False
2276.7708 	EXP 	polygon_2: autoDraw = True
2281.3694 	EXP 	Device response: <KeyPress from None: t=2281.3630177000014, value=space, duration=None>
2281.3714 	DATA 	Keypress: space
2281.3857 	EXP 	polygon: autoDraw = False
2281.3857 	EXP 	polygon_2: autoDraw = False
2281.4695 	EXP 	Device response: <KeyPress from None: t=2274.1808595000184, value=space, duration=7.2822234999912325>
2281.7525 	EXP 	Sound sound_1 reached end of file
2281.7688 	EXP 	Playing sound sound_1 on speaker Speaker (Realtek(R) Audio)
2282.0630 	EXP 	Sound sound_1 stopped
2282.0729 	EXP 	text: autoDraw = True
2282.0729 	EXP 	textbox: autoDraw = True
2282.4692 	DATA 	Keypress: 5
2282.4698 	EXP 	Device response: <KeyPress from None: t=2282.463033600012, value=5, duration=None>
2282.5855 	EXP 	Device response: <KeyPress from None: t=2282.463033600012, value=5, duration=0.10712899998179637>
2282.6369 	DATA 	Keypress: 6
2282.6378 	EXP 	Device response: <KeyPress from None: t=2282.635432100011, value=6, duration=None>
2282.7687 	EXP 	Device response: <KeyPress from None: t=2282.635432100011, value=6, duration=0.11696139999548905>
2282.7917 	DATA 	Keypress: 3
2282.8021 	EXP 	Device response: <KeyPress from None: t=2282.790311300021, value=3, duration=None>
2282.8857 	EXP 	Device response: <KeyPress from None: t=2282.790311300021, value=3, duration=0.07928479998372495>
2284.1518 	DATA 	Mouse: Left button down, pos=(1008,227)
2284.1525 	EXP 	New trial (rep=26, index=0): <Trial 312 (0 in rep 26) data={'delay': 0.4, 'freq': 400, 'condition': 'unexp', 'thisN': 312, 'thisTrialN': 0, 'thisRepN': 26}>
2284.1679 	EXP 	text: autoDraw = False
2284.1679 	EXP 	textbox: autoDraw = False
2284.1679 	EXP 	polygon: autoDraw = True
2284.3692 	DATA 	Mouse:  Left button up, pos=(1008,227)
2285.1677 	INFO 	Keyboard events cleared
2285.1675 	EXP 	polygon: autoDraw = False
2285.1675 	EXP 	polygon_2: autoDraw = True
2286.3686 	DATA 	Keypress: space
2286.3841 	EXP 	Device response: <KeyPress from None: t=2286.3671392000106, value=space, duration=None>
2286.4003 	EXP 	polygon: autoDraw = False
2286.4003 	EXP 	polygon_2: autoDraw = False
2286.4843 	EXP 	Device response: <KeyPress from None: t=2281.3630177000014, value=space, duration=5.116772800014587>
2286.7675 	EXP 	Sound sound_1 reached end of file
2286.7838 	EXP 	Playing sound sound_1 on speaker Speaker (Realtek(R) Audio)
2287.0817 	EXP 	Sound sound_1 stopped
2287.0892 	EXP 	text: autoDraw = True
2287.0892 	EXP 	textbox: autoDraw = True
2288.4005 	DATA 	Keypress: 2
2288.4010 	EXP 	Device response: <KeyPress from None: t=2288.3965845000057, value=2, duration=None>
2288.5001 	EXP 	Device response: <KeyPress from None: t=2288.3965845000057, value=2, duration=0.08859590001520701>
2288.6001 	DATA 	Keypress: 3
2288.6007 	EXP 	Device response: <KeyPress from None: t=2288.5904730000184, value=3, duration=None>
2288.6843 	EXP 	Device response: <KeyPress from None: t=2288.5904730000184, value=3, duration=0.08319350000238046>
2288.7390 	DATA 	Keypress: 4
2288.7503 	EXP 	Device response: <KeyPress from None: t=2288.738556199998, value=4, duration=None>
2288.8515 	EXP 	Device response: <KeyPress from None: t=2288.738556199998, value=4, duration=0.11050450001494028>
2289.8029 	DATA 	Mouse: Left button down, pos=(1008,227)
2289.8174 	EXP 	New trial (rep=26, index=1): <Trial 313 (1 in rep 26) data={'delay': 0.7, 'freq': 400, 'condition': 'unexp', 'thisN': 313, 'thisTrialN': 1, 'thisRepN': 26}>
2289.8329 	EXP 	text: autoDraw = False
2289.8329 	EXP 	textbox: autoDraw = False
2289.8329 	EXP 	polygon: autoDraw = True
2290.0343 	DATA 	Mouse:  Left button up, pos=(1008,227)
2290.8325 	INFO 	Keyboard events cleared
2290.8323 	EXP 	polygon: autoDraw = False
2290.8323 	EXP 	polygon_2: autoDraw = True
2291.1506 	DATA 	Keypress: space
2291.1662 	EXP 	Device response: <KeyPress from None: t=2291.1499774999975, value=space, duration=None>
2291.1825 	EXP 	polygon: autoDraw = False
2291.1825 	EXP 	polygon_2: autoDraw = False
2291.2660 	EXP 	Device response: <KeyPress from None: t=2286.3671392000106, value=space, duration=4.884558299992932>
2291.8656 	EXP 	Sound sound_1 reached end of file
2291.8820 	EXP 	Playing sound sound_1 on speaker Speaker (Realtek(R) Audio)
2292.1826 	EXP 	Sound sound_1 stopped
2292.1890 	EXP 	text: autoDraw = True
2292.1890 	EXP 	textbox: autoDraw = True
2292.3196 	DATA 	Keypress: 6
2292.3322 	EXP 	Device response: <KeyPress from None: t=2292.3188186000043, value=6, duration=None>
2292.4163 	EXP 	Device response: <KeyPress from None: t=2292.3188186000043, value=6, duration=0.09518860001116991>
2292.5491 	DATA 	Keypress: 7
2292.5501 	EXP 	Device response: <KeyPress from None: t=2292.5358393000206, value=7, duration=None>
2292.6323 	DATA 	Keypress: 4
2292.6334 	EXP 	Device response: <KeyPress from None: t=2292.6248672000074, value=4, duration=None>
2292.7172 	EXP 	Device response: <KeyPress from None: t=2292.5358393000206, value=7, duration=0.17837589999544434>
2292.7320 	EXP 	Device response: <KeyPress from None: t=2292.6248672000074, value=4, duration=0.09621160000097007>
2293.6823 	DATA 	Mouse: Left button down, pos=(1008,227)
2293.6834 	EXP 	New trial (rep=26, index=2): <Trial 314 (2 in rep 26) data={'delay': 0.7, 'freq': 1000, 'condition': 'exp', 'thisN': 314, 'thisTrialN': 2, 'thisRepN': 26}>
2293.6983 	EXP 	text: autoDraw = False
2293.6983 	EXP 	textbox: autoDraw = False
2293.6983 	EXP 	polygon: autoDraw = True
2293.9005 	DATA 	Mouse:  Left button up, pos=(1008,227)
2294.6978 	INFO 	Keyboard events cleared
2294.6977 	EXP 	polygon: autoDraw = False
2294.6977 	EXP 	polygon_2: autoDraw = True
2295.4990 	DATA 	Mouse: Left button down, pos=(1041,279)
2295.7158 	DATA 	Mouse:  Left button up, pos=(1041,279)
2295.8644 	EXP 	Device response: <KeyPress from None: t=2295.862135500007, value=space, duration=None>
2295.8664 	DATA 	Keypress: space
2295.8810 	EXP 	polygon: autoDraw = False
2295.8810 	EXP 	polygon_2: autoDraw = False
2295.9643 	EXP 	Device response: <KeyPress from None: t=2291.1499774999975, value=space, duration=4.812013500020839>
2296.5475 	EXP 	Sound sound_1 reached end of file
2296.5638 	EXP 	Playing sound sound_1 on speaker Speaker (Realtek(R) Audio)
2296.8625 	EXP 	Sound sound_1 stopped
2296.8700 	EXP 	text: autoDraw = True
2296.8700 	EXP 	textbox: autoDraw = True
2297.6638 	DATA 	Keypress: 1
2297.6645 	EXP 	Device response: <KeyPress from None: t=2297.654011400009, value=1, duration=None>
2297.7971 	EXP 	Device response: <KeyPress from None: t=2297.654011400009, value=1, duration=0.1278677000082098>
2297.9000 	DATA 	Keypress: 2
2297.9135 	EXP 	Device response: <KeyPress from None: t=2297.8992912000103, value=2, duration=None>
2298.0140 	EXP 	Device response: <KeyPress from None: t=2297.8992912000103, value=2, duration=0.0994178999972064>
2298.0805 	DATA 	Keypress: 3
2298.0811 	EXP 	Device response: <KeyPress from None: t=2298.079205600021, value=3, duration=None>
2298.2317 	EXP 	Device response: <KeyPress from None: t=2298.079205600021, value=3, duration=0.14507879997836426>
2299.3134 	DATA 	Mouse: Left button down, pos=(1036,273)
2299.5345 	DATA 	Mouse:  Left button up, pos=(1036,273)
2437.9831 	DATA 	Mouse: Left button down, pos=(1020,256)
2437.9837 	EXP 	New trial (rep=26, index=3): <Trial 315 (3 in rep 26) data={'delay': 0.1, 'freq': 400, 'condition': 'unexp', 'thisN': 315, 'thisTrialN': 3, 'thisRepN': 26}>
2437.9992 	EXP 	text: autoDraw = False
2437.9992 	EXP 	textbox: autoDraw = False
2437.9992 	EXP 	polygon: autoDraw = True
2438.2011 	DATA 	Mouse:  Left button up, pos=(1020,256)
2438.9991 	INFO 	Keyboard events cleared
2438.9990 	EXP 	polygon: autoDraw = False
2438.9990 	EXP 	polygon_2: autoDraw = True
2448.6131 	EXP 	Device response: <KeyPress from None: t=2448.602435800014, value=space, duration=None>
2448.6153 	DATA 	Keypress: space
2448.6292 	EXP 	polygon: autoDraw = False
2448.6292 	EXP 	polygon_2: autoDraw = False
2448.6964 	EXP 	Sound sound_1 reached end of file
2448.7127 	EXP 	Playing sound sound_1 on speaker Speaker (Realtek(R) Audio)
2448.7130 	EXP 	Device response: <KeyPress from None: t=2295.862135500007, value=space, duration=152.84615259998827>
2449.0115 	EXP 	Sound sound_1 stopped
2449.0188 	EXP 	text: autoDraw = True
2449.0188 	EXP 	textbox: autoDraw = True
2624.8201 	DATA 	Keypress: 2
2624.8207 	EXP 	Device response: <KeyPress from None: t=2624.815979100007, value=2, duration=None>
2624.9201 	EXP 	Device response: <KeyPress from None: t=2624.815979100007, value=2, duration=0.09353429998736829>
2624.9869 	DATA 	Keypress: 3
2624.9880 	EXP 	Device response: <KeyPress from None: t=2624.980729600007, value=3, duration=None>
2625.1204 	EXP 	Device response: <KeyPress from None: t=2624.980729600007, value=3, duration=0.1256166000093799>
2625.1370 	DATA 	Keypress: 6
2625.1384 	EXP 	Device response: <KeyPress from None: t=2625.1263294999953, value=6, duration=None>
2625.2712 	EXP 	Device response: <KeyPress from None: t=2625.1263294999953, value=6, duration=0.13335230000666343>
2626.3203 	DATA 	Mouse: Left button down, pos=(957,251)
2626.3212 	EXP 	New trial (rep=26, index=4): <Trial 316 (4 in rep 26) data={'delay': 0.4, 'freq': 1000, 'condition': 'exp', 'thisN': 316, 'thisTrialN': 4, 'thisRepN': 26}>
2626.3361 	EXP 	text: autoDraw = False
2626.3361 	EXP 	textbox: autoDraw = False
2626.3361 	EXP 	polygon: autoDraw = True
2626.5541 	DATA 	Mouse:  Left button up, pos=(957,251)
2627.3360 	INFO 	Keyboard events cleared
2627.3358 	EXP 	polygon: autoDraw = False
2627.3358 	EXP 	polygon_2: autoDraw = True
2627.4862 	EXP 	Device response: <KeyPress from None: t=2627.4755546000088, value=v, duration=None>
2627.4873 	DATA 	Keypress: v
2627.5696 	EXP 	Device response: <KeyPress from None: t=2627.4755546000088, value=v, duration=0.08924619999015704>
2628.8022 	EXP 	Device response: <KeyPress from None: t=2628.7908960000204, value=space, duration=None>
2628.8043 	DATA 	Keypress: space
2628.8185 	EXP 	polygon: autoDraw = False
2628.8185 	EXP 	polygon_2: autoDraw = False
2628.9188 	EXP 	Device response: <KeyPress from None: t=2448.602435800014, value=space, duration=180.30657580000116>
2629.1856 	EXP 	Sound sound_1 reached end of file
2629.2019 	EXP 	Playing sound sound_1 on speaker Speaker (Realtek(R) Audio)
2629.5049 	EXP 	Sound sound_1 stopped
2629.5149 	EXP 	text: autoDraw = True
2629.5149 	EXP 	textbox: autoDraw = True
2629.7854 	DATA 	Keypress: 7
2629.7868 	EXP 	Device response: <KeyPress from None: t=2629.7802419000072, value=7, duration=None>
2629.9020 	EXP 	Device response: <KeyPress from None: t=2629.7802419000072, value=7, duration=0.11017319999518804>
2629.9518 	DATA 	Keypress: 8
2629.9526 	EXP 	Device response: <KeyPress from None: t=2629.9484508000023, value=8, duration=None>
2630.0866 	EXP 	Device response: <KeyPress from None: t=2629.9484508000023, value=8, duration=0.13378350000130013>
2630.1019 	DATA 	Keypress: 6
2630.1026 	EXP 	Device response: <KeyPress from None: t=2630.0927514000214, value=6, duration=None>
2630.2201 	EXP 	Device response: <KeyPress from None: t=2630.0927514000214, value=6, duration=0.11654829999315552>
2631.4515 	DATA 	Mouse: Left button down, pos=(964,250)
2631.4524 	EXP 	New trial (rep=26, index=5): <Trial 317 (5 in rep 26) data={'delay': 0.7, 'freq': 1000, 'condition': 'exp', 'thisN': 317, 'thisTrialN': 5, 'thisRepN': 26}>
2631.4676 	EXP 	text: autoDraw = False
2631.4676 	EXP 	textbox: autoDraw = False
2631.4676 	EXP 	polygon: autoDraw = True
2631.6857 	DATA 	Mouse:  Left button up, pos=(964,250)
2632.4672 	INFO 	Keyboard events cleared
2632.4671 	EXP 	polygon: autoDraw = False
2632.4671 	EXP 	polygon_2: autoDraw = True
2632.5009 	EXP 	Device response: <KeyPress from None: t=2632.49316860002, value=space, duration=None>
2632.5028 	DATA 	Keypress: space
2632.5173 	EXP 	polygon: autoDraw = False
2632.5173 	EXP 	polygon_2: autoDraw = False
2632.6506 	EXP 	Device response: <KeyPress from None: t=2628.7908960000204, value=space, duration=3.8468504999764264>
2633.1842 	EXP 	Sound sound_1 reached end of file
2633.2005 	EXP 	Playing sound sound_1 on speaker Speaker (Realtek(R) Audio)
2633.4945 	EXP 	Sound sound_1 stopped
2633.5022 	EXP 	text: autoDraw = True
2633.5022 	EXP 	textbox: autoDraw = True
2634.3336 	DATA 	Keypress: 5
2634.3342 	EXP 	Device response: <KeyPress from None: t=2634.3213356000197, value=5, duration=None>
2634.4523 	EXP 	Device response: <KeyPress from None: t=2634.3213356000197, value=5, duration=0.12123910000082105>
2634.6389 	DATA 	Keypress: 4
2634.6504 	EXP 	Device response: <KeyPress from None: t=2634.6375821999973, value=4, duration=None>
2634.7672 	EXP 	Device response: <KeyPress from None: t=2634.6375821999973, value=4, duration=0.12788820001878776>
2635.7171 	DATA 	Mouse: Left button down, pos=(964,250)
2635.7177 	EXP 	New trial (rep=26, index=6): <Trial 318 (6 in rep 26) data={'delay': 0.1, 'freq': 1000, 'condition': 'exp', 'thisN': 318, 'thisTrialN': 6, 'thisRepN': 26}>
2635.7329 	EXP 	text: autoDraw = False
2635.7329 	EXP 	textbox: autoDraw = False
2635.7329 	EXP 	polygon: autoDraw = True
2635.9510 	DATA 	Mouse:  Left button up, pos=(964,250)
2636.7329 	INFO 	Keyboard events cleared
2636.7327 	EXP 	polygon: autoDraw = False
2636.7327 	EXP 	polygon_2: autoDraw = True
2637.5827 	EXP 	Device response: <KeyPress from None: t=2637.5796330000157, value=space, duration=None>
2637.5847 	DATA 	Keypress: space
2637.5990 	EXP 	polygon: autoDraw = False
2637.5990 	EXP 	polygon_2: autoDraw = False
2637.6659 	EXP 	Sound sound_1 reached end of file
2637.6823 	EXP 	Playing sound sound_1 on speaker Speaker (Realtek(R) Audio)
2637.7159 	EXP 	Device response: <KeyPress from None: t=2632.49316860002, value=space, duration=5.221330699976534>
2637.9815 	EXP 	Sound sound_1 stopped
2637.9881 	EXP 	text: autoDraw = True
2637.9881 	EXP 	textbox: autoDraw = True
2642.2975 	DATA 	Keypress: 6
2642.2985 	EXP 	Device response: <KeyPress from None: t=2642.2903136000095, value=6, duration=None>
2642.4308 	DATA 	Keypress: 7
2642.4314 	EXP 	Device response: <KeyPress from None: t=2642.2903136000095, value=6, duration=0.13019050000002608>
2642.4314 	EXP 	Device response: <KeyPress from None: t=2642.4288132000074, value=7, duration=None>
2642.5811 	DATA 	Keypress: 5
2642.5820 	EXP 	Device response: <KeyPress from None: t=2642.572669999994, value=5, duration=None>
2642.5976 	EXP 	Device response: <KeyPress from None: t=2642.4288132000074, value=7, duration=0.16646909998962656>
2642.6814 	EXP 	Device response: <KeyPress from None: t=2642.572669999994, value=5, duration=0.0997724000189919>
2643.7179 	DATA 	Mouse: Left button down, pos=(967,253)
2643.7309 	EXP 	New trial (rep=26, index=7): <Trial 319 (7 in rep 26) data={'delay': 0.4, 'freq': 1000, 'condition': 'exp', 'thisN': 319, 'thisTrialN': 7, 'thisRepN': 26}>
2643.7470 	EXP 	text: autoDraw = False
2643.7470 	EXP 	textbox: autoDraw = False
2643.7470 	EXP 	polygon: autoDraw = True
2643.9475 	DATA 	Mouse:  Left button up, pos=(967,253)
2644.6970 	EXP 	Device response: <KeyPress from None: t=2644.6939644000086, value=space, duration=None>
2644.6981 	DATA 	Keypress: space
2644.7302 	INFO 	Keyboard events cleared
2644.7300 	EXP 	polygon_2: autoDraw = True
2644.7466 	EXP 	polygon: autoDraw = False
2644.8138 	EXP 	Device response: <KeyPress from None: t=2637.5796330000157, value=space, duration=7.220293899998069>
2647.8960 	EXP 	Device response: <KeyPress from None: t=2647.886352500005, value=5, duration=None>
2647.8971 	DATA 	Keypress: 5
2648.0125 	EXP 	Device response: <KeyPress from None: t=2647.886352500005, value=5, duration=0.11706029999186285>
2648.1125 	EXP 	Device response: <KeyPress from None: t=2648.100609999994, value=4, duration=None>
2648.1136 	DATA 	Keypress: 4
2648.1959 	EXP 	Device response: <KeyPress from None: t=2648.100609999994, value=4, duration=0.08989860001020133>
2648.6123 	EXP 	Device response: <KeyPress from None: t=2648.6086137999955, value=space, duration=None>
2648.6143 	DATA 	Keypress: space
2648.6286 	EXP 	polygon: autoDraw = False
2648.6286 	EXP 	polygon_2: autoDraw = False
2648.6790 	EXP 	Device response: <KeyPress from None: t=2644.6939644000086, value=space, duration=3.972040599997854>
2648.9956 	EXP 	Sound sound_1 reached end of file
2649.0119 	EXP 	Playing sound sound_1 on speaker Speaker (Realtek(R) Audio)
2649.3065 	EXP 	Sound sound_1 stopped
2649.3132 	EXP 	text: autoDraw = True
2649.3132 	EXP 	textbox: autoDraw = True
2651.1280 	DATA 	Keypress: 5
2651.1286 	EXP 	Device response: <KeyPress from None: t=2651.126810799993, value=5, duration=None>
2651.2284 	EXP 	Device response: <KeyPress from None: t=2651.126810799993, value=5, duration=0.08977850002702326>
2651.4448 	DATA 	Keypress: 6
2651.4463 	EXP 	Device response: <KeyPress from None: t=2651.4390308000147, value=6, duration=None>
2651.5958 	EXP 	Device response: <KeyPress from None: t=2651.4390308000147, value=6, duration=0.1454700999893248>
2651.6279 	DATA 	Keypress: 4
2651.6294 	EXP 	Device response: <KeyPress from None: t=2651.6242325000057, value=4, duration=None>
2651.7787 	EXP 	Device response: <KeyPress from None: t=2651.6242325000057, value=4, duration=0.1443071000103373>
2653.1110 	DATA 	Mouse: Left button down, pos=(967,253)
2653.1122 	EXP 	New trial (rep=26, index=8): <Trial 320 (8 in rep 26) data={'delay': 0.7, 'freq': 1000, 'condition': 'exp', 'thisN': 320, 'thisTrialN': 8, 'thisRepN': 26}>
2653.1271 	EXP 	text: autoDraw = False
2653.1271 	EXP 	textbox: autoDraw = False
2653.1271 	EXP 	polygon: autoDraw = True
2653.3287 	DATA 	Mouse:  Left button up, pos=(967,253)
2654.1266 	INFO 	Keyboard events cleared
2654.1265 	EXP 	polygon: autoDraw = False
2654.1265 	EXP 	polygon_2: autoDraw = True
2655.1267 	EXP 	Device response: <KeyPress from None: t=2655.123668800021, value=space, duration=None>
2655.1290 	DATA 	Keypress: space
2655.1427 	EXP 	polygon: autoDraw = False
2655.1427 	EXP 	polygon_2: autoDraw = False
2655.2263 	EXP 	Device response: <KeyPress from None: t=2648.6086137999955, value=space, duration=6.611281500023324>
2655.8096 	EXP 	Sound sound_1 reached end of file
2655.8260 	EXP 	Playing sound sound_1 on speaker Speaker (Realtek(R) Audio)
2656.1240 	EXP 	Sound sound_1 stopped
2656.1310 	EXP 	text: autoDraw = True
2656.1310 	EXP 	textbox: autoDraw = True
2656.4263 	DATA 	Keypress: 1
2656.4274 	EXP 	Device response: <KeyPress from None: t=2656.422408800019, value=1, duration=None>
2656.5932 	EXP 	Device response: <KeyPress from None: t=2656.422408800019, value=1, duration=0.15574699998251162>
2656.6930 	DATA 	Keypress: 2
2656.6949 	EXP 	Device response: <KeyPress from None: t=2656.6895946000004, value=2, duration=None>
2656.8261 	EXP 	Device response: <KeyPress from None: t=2656.6895946000004, value=2, duration=0.12276960001327097>
2656.9099 	DATA 	Keypress: 3
2656.9114 	EXP 	Device response: <KeyPress from None: t=2656.908201800019, value=3, duration=None>
2657.0440 	EXP 	Device response: <KeyPress from None: t=2656.908201800019, value=3, duration=0.12912099997629412>
2658.7421 	DATA 	Mouse: Left button down, pos=(967,253)
2658.7428 	EXP 	New trial (rep=26, index=9): <Trial 321 (9 in rep 26) data={'delay': 0.1, 'freq': 1000, 'condition': 'exp', 'thisN': 321, 'thisTrialN': 9, 'thisRepN': 26}>
2658.7584 	EXP 	text: autoDraw = False
2658.7584 	EXP 	textbox: autoDraw = False
2658.7584 	EXP 	polygon: autoDraw = True
2658.9767 	DATA 	Mouse:  Left button up, pos=(967,253)
2659.7582 	INFO 	Keyboard events cleared
2659.7581 	EXP 	polygon: autoDraw = False
2659.7581 	EXP 	polygon_2: autoDraw = True
2660.6915 	EXP 	Device response: <KeyPress from None: t=2660.6893188999966, value=space, duration=None>
2660.6938 	DATA 	Keypress: space
2660.7078 	EXP 	polygon: autoDraw = False
2660.7078 	EXP 	polygon_2: autoDraw = False
2660.7580 	EXP 	Device response: <KeyPress from None: t=2655.123668800021, value=space, duration=5.626699999993434>
2660.7747 	EXP 	Sound sound_1 reached end of file
2660.7910 	EXP 	Playing sound sound_1 on speaker Speaker (Realtek(R) Audio)
2661.0930 	EXP 	Sound sound_1 stopped
2661.1007 	EXP 	text: autoDraw = True
2661.1007 	EXP 	textbox: autoDraw = True
2661.6914 	DATA 	Keypress: 7
2661.6920 	EXP 	Device response: <KeyPress from None: t=2661.684968300018, value=7, duration=None>
2661.8412 	EXP 	Device response: <KeyPress from None: t=2661.684968300018, value=7, duration=0.14411959997960366>
2661.8746 	DATA 	Keypress: 8
2661.8763 	EXP 	Device response: <KeyPress from None: t=2661.869251600001, value=8, duration=None>
2661.9909 	DATA 	Keypress: 6
2661.9922 	EXP 	Device response: <KeyPress from None: t=2661.979693500005, value=6, duration=None>
2662.0590 	EXP 	Device response: <KeyPress from None: t=2661.869251600001, value=8, duration=0.17892040000879206>
2662.1245 	EXP 	Device response: <KeyPress from None: t=2661.979693500005, value=6, duration=0.12933029999840073>
2666.8230 	DATA 	Mouse: Left button down, pos=(967,253)
2666.8236 	EXP 	New trial (rep=26, index=10): <Trial 322 (10 in rep 26) data={'delay': 0.1, 'freq': 1000, 'condition': 'exp', 'thisN': 322, 'thisTrialN': 10, 'thisRepN': 26}>
2666.8392 	EXP 	text: autoDraw = False
2666.8392 	EXP 	textbox: autoDraw = False
2666.8392 	EXP 	polygon: autoDraw = True
2667.0572 	DATA 	Mouse:  Left button up, pos=(967,253)
2667.8391 	INFO 	Keyboard events cleared
2667.8389 	EXP 	polygon: autoDraw = False
2667.8389 	EXP 	polygon_2: autoDraw = True
2668.9556 	EXP 	Device response: <KeyPress from None: t=2668.9400327000185, value=5, duration=None>
2668.9567 	DATA 	Keypress: 5
2669.0723 	EXP 	Device response: <KeyPress from None: t=2668.9400327000185, value=5, duration=0.12840309998136945>
2669.1556 	EXP 	Device response: <KeyPress from None: t=2669.144541899994, value=6, duration=None>
2669.1566 	DATA 	Keypress: 6
2669.2391 	EXP 	Device response: <KeyPress from None: t=2669.2307755000074, value=4, duration=None>
2669.2402 	DATA 	Keypress: 4
2669.2719 	EXP 	Device response: <KeyPress from None: t=2669.144541899994, value=6, duration=0.11482210000394844>
2669.3718 	EXP 	Device response: <KeyPress from None: t=2669.2307755000074, value=4, duration=0.13005000000703149>
2670.9883 	EXP 	Device response: <KeyPress from None: t=2670.982608899998, value=space, duration=None>
2670.9903 	DATA 	Keypress: space
2671.0044 	EXP 	polygon: autoDraw = False
2671.0044 	EXP 	polygon_2: autoDraw = False
2671.0712 	EXP 	Sound sound_1 reached end of file
2671.0876 	EXP 	Playing sound sound_1 on speaker Speaker (Realtek(R) Audio)
2671.1717 	EXP 	Device response: <KeyPress from None: t=2660.6893188999966, value=space, duration=10.475296100019477>
2671.3830 	EXP 	Sound sound_1 stopped
2671.3906 	EXP 	text: autoDraw = True
2671.3906 	EXP 	textbox: autoDraw = True
2672.1545 	DATA 	Mouse: Left button down, pos=(967,253)
2672.1550 	EXP 	New trial (rep=26, index=11): <Trial 323 (11 in rep 26) data={'delay': 0.4, 'freq': 1000, 'condition': 'exp', 'thisN': 323, 'thisTrialN': 11, 'thisRepN': 26}>
2672.1707 	EXP 	text: autoDraw = False
2672.1707 	EXP 	textbox: autoDraw = False
2672.1707 	EXP 	polygon: autoDraw = True
2672.3886 	DATA 	Mouse:  Left button up, pos=(967,253)
2673.1701 	INFO 	Keyboard events cleared
2673.1700 	EXP 	polygon: autoDraw = False
2673.1700 	EXP 	polygon_2: autoDraw = True
2673.9037 	EXP 	Device response: <KeyPress from None: t=2673.894560100016, value=6, duration=None>
2673.9048 	DATA 	Keypress: 6
2674.0369 	EXP 	Device response: <KeyPress from None: t=2674.0230299000104, value=8, duration=None>
2674.0376 	DATA 	Keypress: 8
2674.0535 	EXP 	Device response: <KeyPress from None: t=2673.894560100016, value=6, duration=0.149592899979325>
2674.2701 	EXP 	Device response: <KeyPress from None: t=2674.0230299000104, value=8, duration=0.23193199999514036>
2675.3695 	EXP 	Device response: <KeyPress from None: t=2675.3681451000157, value=7, duration=None>
2675.3700 	DATA 	Keypress: 7
2675.4699 	EXP 	Device response: <KeyPress from None: t=2675.3681451000157, value=7, duration=0.08927480000420474>
2675.9200 	EXP 	Device response: <KeyPress from None: t=2675.913670900016, value=space, duration=None>
2675.9220 	DATA 	Keypress: space
2675.9360 	EXP 	polygon: autoDraw = False
2675.9360 	EXP 	polygon_2: autoDraw = False
2676.0197 	EXP 	Device response: <KeyPress from None: t=2670.982608899998, value=space, duration=5.035723100008909>
2676.3195 	EXP 	Sound sound_1 reached end of file
2676.3359 	EXP 	Playing sound sound_1 on speaker Speaker (Realtek(R) Audio)
2676.6318 	EXP 	Sound sound_1 stopped
2676.6430 	EXP 	text: autoDraw = True
2676.6430 	EXP 	textbox: autoDraw = True
2677.4027 	DATA 	Keypress: 5
2677.4037 	EXP 	Device response: <KeyPress from None: t=2677.394311900018, value=5, duration=None>
2677.4871 	EXP 	Device response: <KeyPress from None: t=2677.394311900018, value=5, duration=0.09022079998976551>
2677.5875 	DATA 	Keypress: 6
2677.6021 	EXP 	Device response: <KeyPress from None: t=2677.5869391000015, value=6, duration=None>
2677.6876 	EXP 	Device response: <KeyPress from None: t=2677.5869391000015, value=6, duration=0.09512340000947006>
2678.2024 	DATA 	Keypress: 9
2678.2039 	EXP 	Device response: <KeyPress from None: t=2678.2009151999955, value=9, duration=None>
2678.4354 	EXP 	Device response: <KeyPress from None: t=2678.2009151999955, value=9, duration=0.2219811000104528>
2681.3727 	DATA 	Keypress: space
2681.3846 	EXP 	Device response: <KeyPress from None: t=2681.3715214999975, value=space, duration=None>
2681.5858 	EXP 	Device response: <KeyPress from None: t=2675.913670900016, value=space, duration=5.663678599987179>
2683.0339 	DATA 	Mouse: Left button down, pos=(967,253)
2683.0345 	EXP 	New trial (rep=27, index=0): <Trial 324 (0 in rep 27) data={'delay': 0.1, 'freq': 1000, 'condition': 'exp', 'thisN': 324, 'thisTrialN': 0, 'thisRepN': 27}>
2683.0503 	EXP 	text: autoDraw = False
2683.0503 	EXP 	textbox: autoDraw = False
2683.0503 	EXP 	polygon: autoDraw = True
2683.2514 	DATA 	Mouse:  Left button up, pos=(967,253)
2683.5854 	DATA 	Keypress: space
2683.6006 	EXP 	Device response: <KeyPress from None: t=2683.58298560002, value=space, duration=None>
2683.7007 	EXP 	Device response: <KeyPress from None: t=2681.3715214999975, value=space, duration=2.3221876000170596>
2684.0502 	INFO 	Keyboard events cleared
2684.0500 	EXP 	polygon: autoDraw = False
2684.0500 	EXP 	polygon_2: autoDraw = True
2691.6810 	EXP 	Device response: <KeyPress from None: t=2691.6781994000194, value=space, duration=None>
2691.6831 	DATA 	Keypress: space
2691.6974 	EXP 	polygon: autoDraw = False
2691.6974 	EXP 	polygon_2: autoDraw = False
2691.7644 	EXP 	Sound sound_1 reached end of file
2691.7808 	EXP 	Playing sound sound_1 on speaker Speaker (Realtek(R) Audio)
2691.8646 	EXP 	Device response: <KeyPress from None: t=2683.58298560002, value=space, duration=8.269083999999566>
2692.0837 	EXP 	Sound sound_1 stopped
2692.0908 	EXP 	text: autoDraw = True
2692.0908 	EXP 	textbox: autoDraw = True
2693.6138 	DATA 	Keypress: 5
2693.6144 	EXP 	Device response: <KeyPress from None: t=2693.608197399997, value=5, duration=None>
2693.7637 	EXP 	Device response: <KeyPress from None: t=2693.608197399997, value=5, duration=0.14468640001723543>
2693.9307 	DATA 	Keypress: 7
2693.9320 	EXP 	Device response: <KeyPress from None: t=2693.9266173000215, value=7, duration=None>
2694.0644 	EXP 	Device response: <KeyPress from None: t=2693.9266173000215, value=7, duration=0.12752639999962412>
2694.1306 	DATA 	Keypress: 3
2694.1326 	EXP 	Device response: <KeyPress from None: t=2694.1296606000105, value=3, duration=None>
2694.2649 	EXP 	Device response: <KeyPress from None: t=2694.1296606000105, value=3, duration=0.13310820001061074>
2695.8154 	DATA 	Mouse: Left button down, pos=(967,253)
2695.8304 	EXP 	New trial (rep=27, index=1): <Trial 325 (1 in rep 27) data={'delay': 0.1, 'freq': 1000, 'condition': 'exp', 'thisN': 325, 'thisTrialN': 1, 'thisRepN': 27}>
2695.8461 	EXP 	text: autoDraw = False
2695.8461 	EXP 	textbox: autoDraw = False
2695.8461 	EXP 	polygon: autoDraw = True
2696.0474 	DATA 	Mouse:  Left button up, pos=(967,253)
2696.3141 	DATA 	Keypress: space
2696.3297 	EXP 	Device response: <KeyPress from None: t=2696.312848600006, value=space, duration=None>
2696.3963 	EXP 	Device response: <KeyPress from None: t=2691.6781994000194, value=space, duration=4.702570800000103>
2696.5956 	EXP 	Device response: <KeyPress from None: t=2696.5878521999985, value=space, duration=None>
2696.5961 	DATA 	Keypress: space
2696.7460 	EXP 	Device response: <KeyPress from None: t=2696.312848600006, value=space, duration=0.43181199999526143>
2696.8456 	INFO 	Keyboard events cleared
2696.8454 	EXP 	polygon: autoDraw = False
2696.8454 	EXP 	polygon_2: autoDraw = True
2697.7955 	EXP 	Device response: <KeyPress from None: t=2697.794100500003, value=space, duration=None>
2697.7963 	DATA 	Keypress: space
2697.8117 	EXP 	polygon: autoDraw = False
2697.8117 	EXP 	polygon_2: autoDraw = False
2697.8789 	EXP 	Sound sound_1 reached end of file
2697.8952 	EXP 	Playing sound sound_1 on speaker Speaker (Realtek(R) Audio)
2697.9122 	EXP 	Device response: <KeyPress from None: t=2696.5878521999985, value=space, duration=1.3134997000161093>
2698.1936 	EXP 	Sound sound_1 stopped
2698.2005 	EXP 	text: autoDraw = True
2698.2005 	EXP 	textbox: autoDraw = True
2699.0983 	DATA 	Keypress: 4
2699.1116 	EXP 	Device response: <KeyPress from None: t=2699.0957446999964, value=4, duration=None>
2699.1951 	EXP 	Device response: <KeyPress from None: t=2699.0957446999964, value=4, duration=0.084321500005899>
2699.2801 	DATA 	Keypress: 3
2699.2825 	EXP 	Device response: <KeyPress from None: t=2699.2789798000013, value=3, duration=None>
2699.3791 	EXP 	Device response: <KeyPress from None: t=2699.2789798000013, value=3, duration=0.09454869999899529>
2699.4787 	DATA 	Keypress: 2
2699.4800 	EXP 	Device response: <KeyPress from None: t=2699.4717213000113, value=2, duration=None>
2699.5796 	EXP 	Device response: <KeyPress from None: t=2699.4717213000113, value=2, duration=0.10562509999726899>
2700.6949 	DATA 	Mouse: Left button down, pos=(967,253)
2700.6954 	EXP 	New trial (rep=27, index=2): <Trial 326 (2 in rep 27) data={'delay': 0.7, 'freq': 1000, 'condition': 'exp', 'thisN': 326, 'thisTrialN': 2, 'thisRepN': 27}>
2700.7112 	EXP 	text: autoDraw = False
2700.7112 	EXP 	textbox: autoDraw = False
2700.7112 	EXP 	polygon: autoDraw = True
2700.9125 	DATA 	Mouse:  Left button up, pos=(967,253)
2700.9627 	DATA 	Mouse: Left button down, pos=(967,253)
2701.1963 	DATA 	Mouse:  Left button up, pos=(967,253)
2701.5279 	EXP 	Device response: <KeyPress from None: t=2701.519316699996, value=space, duration=None>
2701.5293 	DATA 	Keypress: space
2701.6280 	EXP 	Device response: <KeyPress from None: t=2697.794100500003, value=space, duration=3.8201108000066597>
2701.7107 	INFO 	Keyboard events cleared
2701.7106 	EXP 	polygon: autoDraw = False
2701.7106 	EXP 	polygon_2: autoDraw = True
2703.1103 	EXP 	Device response: <KeyPress from None: t=2703.1017576000013, value=5, duration=None>
2703.1109 	DATA 	Keypress: 5
2703.2112 	EXP 	Device response: <KeyPress from None: t=2703.2005487999995, value=7, duration=None>
2703.2124 	DATA 	Keypress: 7
2703.2438 	EXP 	Device response: <KeyPress from None: t=2703.1017576000013, value=5, duration=0.13302969999494962>
2703.3601 	EXP 	Device response: <KeyPress from None: t=2703.356110199995, value=4, duration=None>
2703.3608 	DATA 	Keypress: 4
2703.4272 	EXP 	Device response: <KeyPress from None: t=2703.2005487999995, value=7, duration=0.21049300002050586>
2703.5105 	EXP 	Device response: <KeyPress from None: t=2703.356110199995, value=4, duration=0.1505341000156477>
2704.2937 	EXP 	Device response: <KeyPress from None: t=2704.286434700014, value=space, duration=None>
2704.2959 	DATA 	Keypress: space
2704.3098 	EXP 	polygon: autoDraw = False
2704.3098 	EXP 	polygon_2: autoDraw = False
2704.3765 	EXP 	Device response: <KeyPress from None: t=2701.519316699996, value=space, duration=2.8430500000249594>
2704.9933 	EXP 	Sound sound_1 reached end of file
2705.0097 	EXP 	Playing sound sound_1 on speaker Speaker (Realtek(R) Audio)
2705.3039 	EXP 	Sound sound_1 stopped
2705.3104 	EXP 	text: autoDraw = True
2705.3104 	EXP 	textbox: autoDraw = True
2705.7930 	DATA 	Keypress: 5
2705.7937 	EXP 	Device response: <KeyPress from None: t=2705.786756799993, value=5, duration=None>
2705.9099 	EXP 	Device response: <KeyPress from None: t=2705.786756799993, value=5, duration=0.11014780000550672>
2705.9932 	DATA 	Keypress: 6
2705.9954 	EXP 	Device response: <KeyPress from None: t=2705.988907000021, value=6, duration=None>
2706.1265 	EXP 	Device response: <KeyPress from None: t=2705.988907000021, value=6, duration=0.12338699999963865>
2706.3268 	DATA 	Keypress: 7
2706.3283 	EXP 	Device response: <KeyPress from None: t=2706.3182810000144, value=7, duration=None>
2706.4426 	EXP 	Device response: <KeyPress from None: t=2706.3182810000144, value=7, duration=0.11129400000208989>
2707.5593 	DATA 	Mouse: Left button down, pos=(980,209)
2707.5599 	EXP 	New trial (rep=27, index=3): <Trial 327 (3 in rep 27) data={'delay': 0.4, 'freq': 1000, 'condition': 'exp', 'thisN': 327, 'thisTrialN': 3, 'thisRepN': 27}>
2707.5755 	EXP 	text: autoDraw = False
2707.5755 	EXP 	textbox: autoDraw = False
2707.5755 	EXP 	polygon: autoDraw = True
2707.7760 	DATA 	Mouse:  Left button up, pos=(980,209)
2708.5751 	INFO 	Keyboard events cleared
2708.5749 	EXP 	polygon: autoDraw = False
2708.5749 	EXP 	polygon_2: autoDraw = True
2711.6579 	EXP 	Device response: <KeyPress from None: t=2711.6524114000204, value=space, duration=None>
2711.6601 	DATA 	Keypress: space
2711.6740 	EXP 	polygon: autoDraw = False
2711.6740 	EXP 	polygon_2: autoDraw = False
2711.7410 	EXP 	Device response: <KeyPress from None: t=2704.286434700014, value=space, duration=7.450116299994988>
2712.0408 	EXP 	Sound sound_1 reached end of file
2712.0571 	EXP 	Playing sound sound_1 on speaker Speaker (Realtek(R) Audio)
2712.3603 	EXP 	Sound sound_1 stopped
2712.3700 	EXP 	text: autoDraw = True
2712.3700 	EXP 	textbox: autoDraw = True
2713.2737 	DATA 	Keypress: 2
2713.2751 	EXP 	Device response: <KeyPress from None: t=2713.2692740000202, value=2, duration=None>
2713.3902 	EXP 	Device response: <KeyPress from None: t=2713.2692740000202, value=2, duration=0.10508569999365136>
2713.4632 	DATA 	Keypress: 3
2713.4738 	EXP 	Device response: <KeyPress from None: t=2713.461891600018, value=3, duration=None>
2713.5576 	EXP 	Device response: <KeyPress from None: t=2713.461891600018, value=3, duration=0.08898189998581074>
2725.3058 	DATA 	Mouse: Left button down, pos=(980,209)
2725.3205 	EXP 	New trial (rep=27, index=4): <Trial 328 (4 in rep 27) data={'delay': 0.4, 'freq': 1000, 'condition': 'exp', 'thisN': 328, 'thisTrialN': 4, 'thisRepN': 27}>
2725.3360 	EXP 	text: autoDraw = False
2725.3360 	EXP 	textbox: autoDraw = False
2725.3360 	EXP 	polygon: autoDraw = True
2725.5374 	DATA 	Mouse:  Left button up, pos=(980,209)
2726.3359 	INFO 	Keyboard events cleared
2726.3358 	EXP 	polygon: autoDraw = False
2726.3358 	EXP 	polygon_2: autoDraw = True
2727.2859 	EXP 	Device response: <KeyPress from None: t=2727.2806285000115, value=space, duration=None>
2727.2879 	DATA 	Keypress: space
2727.3018 	EXP 	polygon: autoDraw = False
2727.3018 	EXP 	polygon_2: autoDraw = False
2727.3858 	EXP 	Device response: <KeyPress from None: t=2711.6524114000204, value=space, duration=15.72785749999457>
2727.6688 	EXP 	Sound sound_1 reached end of file
2727.6851 	EXP 	Playing sound sound_1 on speaker Speaker (Realtek(R) Audio)
2727.9833 	EXP 	Sound sound_1 stopped
2727.9890 	EXP 	text: autoDraw = True
2727.9890 	EXP 	textbox: autoDraw = True
2729.4054 	DATA 	Keypress: 6
2729.4185 	EXP 	Device response: <KeyPress from None: t=2729.404865699995, value=6, duration=None>
2729.5183 	EXP 	Device response: <KeyPress from None: t=2729.404865699995, value=6, duration=0.09963170002447441>
2729.5351 	DATA 	Keypress: 7
2729.5362 	EXP 	Device response: <KeyPress from None: t=2729.533562800003, value=7, duration=None>
2729.7020 	EXP 	Device response: <KeyPress from None: t=2729.533562800003, value=7, duration=0.155554500001017>
2729.7204 	DATA 	Keypress: 4
2729.7349 	EXP 	Device response: <KeyPress from None: t=2729.720020000008, value=4, duration=None>
2729.8189 	EXP 	Device response: <KeyPress from None: t=2729.720020000008, value=4, duration=0.09659619999001734>
2730.8718 	DATA 	Mouse: Left button down, pos=(980,209)
2730.8851 	EXP 	New trial (rep=27, index=5): <Trial 329 (5 in rep 27) data={'delay': 0.7, 'freq': 1000, 'condition': 'exp', 'thisN': 329, 'thisTrialN': 5, 'thisRepN': 27}>
2730.9011 	EXP 	text: autoDraw = False
2730.9011 	EXP 	textbox: autoDraw = False
2730.9011 	EXP 	polygon: autoDraw = True
2731.1020 	DATA 	Mouse:  Left button up, pos=(980,209)
2731.9007 	INFO 	Keyboard events cleared
2731.9006 	EXP 	polygon: autoDraw = False
2731.9006 	EXP 	polygon_2: autoDraw = True
2732.1010 	EXP 	Device response: <KeyPress from None: t=2732.094352600019, value=space, duration=None>
2732.1031 	DATA 	Keypress: space
2732.1172 	EXP 	polygon: autoDraw = False
2732.1172 	EXP 	polygon_2: autoDraw = False
2732.2007 	EXP 	Device response: <KeyPress from None: t=2727.2806285000115, value=space, duration=4.907944500009762>
2732.8004 	EXP 	Sound sound_1 reached end of file
2732.8168 	EXP 	Playing sound sound_1 on speaker Speaker (Realtek(R) Audio)
2733.1138 	EXP 	Sound sound_1 stopped
2733.1203 	EXP 	text: autoDraw = True
2733.1203 	EXP 	textbox: autoDraw = True
2733.5698 	DATA 	Keypress: 3
2733.5833 	EXP 	Device response: <KeyPress from None: t=2733.5677129999967, value=3, duration=None>
2733.6834 	EXP 	Device response: <KeyPress from None: t=2733.5677129999967, value=3, duration=0.10032830000272952>
2733.8337 	DATA 	Keypress: 4
2733.8353 	EXP 	Device response: <KeyPress from None: t=2733.8322673999937, value=4, duration=None>
2733.9342 	EXP 	Device response: <KeyPress from None: t=2733.8322673999937, value=4, duration=0.09993840000242926>
2734.1169 	DATA 	Keypress: 5
2734.1182 	EXP 	Device response: <KeyPress from None: t=2734.1154300000053, value=5, duration=None>
2734.2174 	EXP 	Device response: <KeyPress from None: t=2734.1154300000053, value=5, duration=0.0937436000094749>
2735.6001 	DATA 	Mouse: Left button down, pos=(980,209)
2735.6010 	EXP 	New trial (rep=27, index=6): <Trial 330 (6 in rep 27) data={'delay': 0.1, 'freq': 1000, 'condition': 'exp', 'thisN': 330, 'thisTrialN': 6, 'thisRepN': 27}>
2735.6159 	EXP 	text: autoDraw = False
2735.6159 	EXP 	textbox: autoDraw = False
2735.6159 	EXP 	polygon: autoDraw = True
2735.8343 	DATA 	Mouse:  Left button up, pos=(980,209)
2736.4161 	EXP 	Device response: <KeyPress from None: t=2736.4090706999996, value=space, duration=None>
2736.4172 	DATA 	Keypress: space
2736.5493 	EXP 	Device response: <KeyPress from None: t=2732.094352600019, value=space, duration=4.444368700002087>
2736.6158 	INFO 	Keyboard events cleared
2736.6156 	EXP 	polygon: autoDraw = False
2736.6156 	EXP 	polygon_2: autoDraw = True
2737.1001 	DATA 	Keypress: space
2737.1160 	EXP 	Device response: <KeyPress from None: t=2737.0993841000018, value=space, duration=None>
2737.1320 	EXP 	polygon: autoDraw = False
2737.1320 	EXP 	polygon_2: autoDraw = False
2737.1991 	EXP 	Sound sound_1 reached end of file
2737.2154 	EXP 	Playing sound sound_1 on speaker Speaker (Realtek(R) Audio)
2737.1995 	EXP 	Device response: <KeyPress from None: t=2736.4090706999996, value=space, duration=0.7756522000127006>
2737.5146 	EXP 	Sound sound_1 stopped
2737.5218 	EXP 	text: autoDraw = True
2737.5218 	EXP 	textbox: autoDraw = True
2738.7822 	DATA 	Keypress: 6
2738.7829 	EXP 	Device response: <KeyPress from None: t=2738.7705549999955, value=6, duration=None>
2738.8834 	EXP 	Device response: <KeyPress from None: t=2738.7705549999955, value=6, duration=0.10720790000050329>
2738.8995 	DATA 	Keypress: 7
2738.9003 	EXP 	Device response: <KeyPress from None: t=2738.8988353000022, value=7, duration=None>
2739.0654 	EXP 	Device response: <KeyPress from None: t=2738.8988353000022, value=7, duration=0.16530349999084137>
2739.1035 	DATA 	Keypress: 5
2739.1154 	EXP 	Device response: <KeyPress from None: t=2739.1027208000014, value=5, duration=None>
2739.1991 	EXP 	Device response: <KeyPress from None: t=2739.1027208000014, value=5, duration=0.0891614000138361>
2740.5179 	DATA 	Mouse: Left button down, pos=(980,209)
2740.5320 	EXP 	New trial (rep=27, index=7): <Trial 331 (7 in rep 27) data={'delay': 0.7, 'freq': 1000, 'condition': 'exp', 'thisN': 331, 'thisTrialN': 7, 'thisRepN': 27}>
2740.5476 	EXP 	text: autoDraw = False
2740.5476 	EXP 	textbox: autoDraw = False
2740.5476 	EXP 	polygon: autoDraw = True
2740.7489 	DATA 	Mouse:  Left button up, pos=(980,209)
2741.5143 	DATA 	Mouse: Left button down, pos=(980,209)
2741.5469 	INFO 	Keyboard events cleared
2741.5469 	EXP 	polygon: autoDraw = False
2741.5469 	EXP 	polygon_2: autoDraw = True
2741.7318 	DATA 	Mouse:  Left button up, pos=(980,209)
2746.7793 	EXP 	Device response: <KeyPress from None: t=2746.7673681000015, value=space, duration=None>
2746.7814 	DATA 	Keypress: space
2746.7953 	EXP 	polygon: autoDraw = False
2746.7953 	EXP 	polygon_2: autoDraw = False
2746.8959 	EXP 	Device response: <KeyPress from None: t=2737.0993841000018, value=space, duration=9.782934999995632>
2747.4790 	EXP 	Sound sound_1 reached end of file
2747.4953 	EXP 	Playing sound sound_1 on speaker Speaker (Realtek(R) Audio)
2747.7931 	EXP 	Sound sound_1 stopped
2747.7991 	EXP 	text: autoDraw = True
2747.7991 	EXP 	textbox: autoDraw = True
2753.6106 	DATA 	Keypress: 7
2753.6113 	EXP 	Device response: <KeyPress from None: t=2753.609957800014, value=7, duration=None>
2753.7126 	EXP 	Device response: <KeyPress from None: t=2753.609957800014, value=7, duration=0.1003058000060264>
2753.7940 	DATA 	Keypress: 8
2753.7958 	EXP 	Device response: <KeyPress from None: t=2753.7864892999933, value=8, duration=None>
2753.9783 	EXP 	Device response: <KeyPress from None: t=2753.7864892999933, value=8, duration=0.18353280000155792>
2756.0953 	DATA 	Keypress: space
2756.1093 	EXP 	Device response: <KeyPress from None: t=2756.093537000008, value=space, duration=None>
2756.1928 	EXP 	Device response: <KeyPress from None: t=2746.7673681000015, value=space, duration=9.420397800015053>
2758.9752 	DATA 	Mouse: Left button down, pos=(981,206)
2758.9758 	EXP 	New trial (rep=27, index=8): <Trial 332 (8 in rep 27) data={'delay': 0.1, 'freq': 400, 'condition': 'unexp', 'thisN': 332, 'thisTrialN': 8, 'thisRepN': 27}>
2758.9914 	EXP 	text: autoDraw = False
2758.9914 	EXP 	textbox: autoDraw = False
2758.9914 	EXP 	polygon: autoDraw = True
2759.2099 	DATA 	Mouse:  Left button up, pos=(981,206)
2759.9914 	INFO 	Keyboard events cleared
2759.9913 	EXP 	polygon: autoDraw = False
2759.9913 	EXP 	polygon_2: autoDraw = True
2760.8743 	EXP 	Device response: <KeyPress from None: t=2760.8657482000126, value=5, duration=None>
2760.8753 	DATA 	Keypress: 5
2760.9912 	EXP 	Device response: <KeyPress from None: t=2760.976174500014, value=7, duration=None>
2760.9923 	DATA 	Keypress: 7
2761.0079 	EXP 	Device response: <KeyPress from None: t=2760.8657482000126, value=5, duration=0.13419909999356605>
2761.1745 	EXP 	Device response: <KeyPress from None: t=2760.976174500014, value=7, duration=0.18855530000291765>
2761.3269 	DATA 	Keypress: space
2761.3410 	EXP 	Device response: <KeyPress from None: t=2761.323855499999, value=space, duration=None>
2761.3573 	EXP 	polygon: autoDraw = False
2761.3573 	EXP 	polygon_2: autoDraw = False
2761.4242 	EXP 	Sound sound_1 reached end of file
2761.4406 	EXP 	Playing sound sound_1 on speaker Speaker (Realtek(R) Audio)
2761.4410 	EXP 	Device response: <KeyPress from None: t=2756.093537000008, value=space, duration=5.337266699993052>
2761.7361 	EXP 	Sound sound_1 stopped
2761.7425 	EXP 	text: autoDraw = True
2761.7425 	EXP 	textbox: autoDraw = True
2762.2739 	DATA 	Keypress: 3
2762.2754 	EXP 	Device response: <KeyPress from None: t=2762.268595200003, value=3, duration=None>
2762.3746 	EXP 	Device response: <KeyPress from None: t=2762.268595200003, value=3, duration=0.10096159999375232>
2762.4434 	DATA 	Keypress: 3
2762.4571 	EXP 	Device response: <KeyPress from None: t=2762.442757600016, value=3, duration=None>
2762.5571 	EXP 	Device response: <KeyPress from None: t=2762.442757600016, value=3, duration=0.10003999999025837>
2762.6572 	DATA 	Keypress: 2
2762.6578 	EXP 	Device response: <KeyPress from None: t=2762.6484513000178, value=2, duration=None>
2762.7403 	EXP 	Device response: <KeyPress from None: t=2762.6484513000178, value=2, duration=0.07828319998225197>
2764.0406 	DATA 	Mouse: Left button down, pos=(981,206)
2764.0412 	EXP 	New trial (rep=27, index=9): <Trial 333 (9 in rep 27) data={'delay': 0.4, 'freq': 1000, 'condition': 'exp', 'thisN': 333, 'thisTrialN': 9, 'thisRepN': 27}>
2764.0563 	EXP 	text: autoDraw = False
2764.0563 	EXP 	textbox: autoDraw = False
2764.0563 	EXP 	polygon: autoDraw = True
2764.2587 	DATA 	Mouse:  Left button up, pos=(981,206)
2764.8398 	EXP 	Device response: <KeyPress from None: t=2764.83079550002, value=space, duration=None>
2764.8407 	DATA 	Keypress: space
2764.9566 	EXP 	Device response: <KeyPress from None: t=2761.323855499999, value=space, duration=3.626293400011491>
2765.0563 	INFO 	Keyboard events cleared
2765.0562 	EXP 	polygon: autoDraw = False
2765.0562 	EXP 	polygon_2: autoDraw = True
2766.0247 	DATA 	Keypress: space
2766.0394 	EXP 	Device response: <KeyPress from None: t=2766.0234794999997, value=space, duration=None>
2766.0556 	EXP 	polygon: autoDraw = False
2766.0556 	EXP 	polygon_2: autoDraw = False
2766.0893 	EXP 	Device response: <KeyPress from None: t=2764.83079550002, value=space, duration=1.2539353999891318>
2766.4224 	EXP 	Sound sound_1 reached end of file
2766.4387 	EXP 	Playing sound sound_1 on speaker Speaker (Realtek(R) Audio)
2766.7341 	EXP 	Sound sound_1 stopped
2766.7443 	EXP 	text: autoDraw = True
2766.7443 	EXP 	textbox: autoDraw = True
2767.0116 	DATA 	Keypress: 6
2767.0221 	EXP 	Device response: <KeyPress from None: t=2767.011341000005, value=6, duration=None>
2767.1223 	DATA 	Keypress: 8
2767.1236 	EXP 	Device response: <KeyPress from None: t=2767.1106090999965, value=8, duration=None>
2767.1237 	EXP 	Device response: <KeyPress from None: t=2767.011341000005, value=6, duration=0.10576539998874068>
2767.2223 	DATA 	Keypress: 5
2767.2238 	EXP 	Device response: <KeyPress from None: t=2767.220922200009, value=5, duration=None>
2767.2896 	EXP 	Device response: <KeyPress from None: t=2767.1106090999965, value=8, duration=0.16829860000871122>
2767.3553 	EXP 	Device response: <KeyPress from None: t=2767.220922200009, value=5, duration=0.1191986000048928>
2768.2390 	DATA 	Mouse: Left button down, pos=(981,206)
2768.2398 	EXP 	New trial (rep=27, index=10): <Trial 334 (10 in rep 27) data={'delay': 0.4, 'freq': 400, 'condition': 'unexp', 'thisN': 334, 'thisTrialN': 10, 'thisRepN': 27}>
2768.2551 	EXP 	text: autoDraw = False
2768.2551 	EXP 	textbox: autoDraw = False
2768.2551 	EXP 	polygon: autoDraw = True
2768.4727 	DATA 	Mouse:  Left button up, pos=(981,206)
2769.2547 	INFO 	Keyboard events cleared
2769.2545 	EXP 	polygon: autoDraw = False
2769.2545 	EXP 	polygon_2: autoDraw = True
2769.4562 	DATA 	Keypress: space
2769.4717 	EXP 	Device response: <KeyPress from None: t=2769.4555239000183, value=space, duration=None>
2769.4878 	EXP 	polygon: autoDraw = False
2769.4878 	EXP 	polygon_2: autoDraw = False
2769.5715 	EXP 	Device response: <KeyPress from None: t=2766.0234794999997, value=space, duration=3.5375041000079364>
2769.8715 	EXP 	Sound sound_1 reached end of file
2769.8878 	EXP 	Playing sound sound_1 on speaker Speaker (Realtek(R) Audio)
2770.1860 	EXP 	Sound sound_1 stopped
2770.1917 	EXP 	text: autoDraw = True
2770.1917 	EXP 	textbox: autoDraw = True
2770.8215 	DATA 	Keypress: 6
2770.8221 	EXP 	Device response: <KeyPress from None: t=2770.8197677000135, value=6, duration=None>
2770.9058 	EXP 	Device response: <KeyPress from None: t=2770.8197677000135, value=6, duration=0.07219149998854846>
2770.9545 	DATA 	Keypress: 7
2770.9552 	EXP 	Device response: <KeyPress from None: t=2770.946188700007, value=7, duration=None>
2771.0878 	EXP 	Device response: <KeyPress from None: t=2770.946188700007, value=7, duration=0.12754009998752736>
2771.2377 	DATA 	Keypress: 4
2771.2385 	EXP 	Device response: <KeyPress from None: t=2771.2270089999947, value=4, duration=None>
2771.3381 	EXP 	Device response: <KeyPress from None: t=2771.2270089999947, value=4, duration=0.10160069999983534>
2772.0877 	DATA 	Mouse: Left button down, pos=(981,206)
2772.0886 	EXP 	New trial (rep=27, index=11): <Trial 335 (11 in rep 27) data={'delay': 0.7, 'freq': 400, 'condition': 'unexp', 'thisN': 335, 'thisTrialN': 11, 'thisRepN': 27}>
2772.1036 	EXP 	text: autoDraw = False
2772.1036 	EXP 	textbox: autoDraw = False
2772.1036 	EXP 	polygon: autoDraw = True
2772.3376 	DATA 	Mouse:  Left button up, pos=(981,206)
2772.4045 	DATA 	Mouse: Left button down, pos=(981,206)
2772.5548 	DATA 	Mouse:  Left button up, pos=(981,206)
2772.9539 	EXP 	Device response: <KeyPress from None: t=2772.939346500003, value=space, duration=None>
2772.9550 	DATA 	Keypress: space
2773.0872 	EXP 	Device response: <KeyPress from None: t=2769.4555239000183, value=space, duration=3.623225799994543>
2773.1036 	INFO 	Keyboard events cleared
2773.1034 	EXP 	polygon: autoDraw = False
2773.1034 	EXP 	polygon_2: autoDraw = True
2775.6875 	DATA 	Keypress: space
2775.7022 	EXP 	Device response: <KeyPress from None: t=2775.686907199997, value=space, duration=None>
2775.7189 	EXP 	polygon: autoDraw = False
2775.7189 	EXP 	polygon_2: autoDraw = False
2775.7525 	EXP 	Device response: <KeyPress from None: t=2772.939346500003, value=space, duration=2.798715100012487>
2776.3858 	EXP 	Sound sound_1 reached end of file
2776.4022 	EXP 	Playing sound sound_1 on speaker Speaker (Realtek(R) Audio)
2776.7054 	EXP 	Sound sound_1 stopped
2776.7132 	EXP 	text: autoDraw = True
2776.7132 	EXP 	textbox: autoDraw = True
2777.5522 	DATA 	Keypress: 6
2777.5539 	EXP 	Device response: <KeyPress from None: t=2777.545721500006, value=6, duration=None>
2777.6702 	EXP 	Device response: <KeyPress from None: t=2777.545721500006, value=6, duration=0.12248459999682382>
2777.7355 	DATA 	Keypress: 8
2777.7362 	EXP 	Device response: <KeyPress from None: t=2777.728464100015, value=8, duration=None>
2777.8684 	EXP 	Device response: <KeyPress from None: t=2777.728464100015, value=8, duration=0.12337260000640526>
2777.8852 	DATA 	Keypress: 5
2777.8859 	EXP 	Device response: <KeyPress from None: t=2777.8753923000186, value=5, duration=None>
2777.9862 	EXP 	Device response: <KeyPress from None: t=2777.8753923000186, value=5, duration=0.10597619999316521>
2778.7405 	DATA 	Mouse: Left button down, pos=(981,206)
2778.7526 	EXP 	New trial (rep=28, index=0): <Trial 336 (0 in rep 28) data={'delay': 0.7, 'freq': 400, 'condition': 'unexp', 'thisN': 336, 'thisTrialN': 0, 'thisRepN': 28}>
2778.7682 	EXP 	text: autoDraw = False
2778.7682 	EXP 	textbox: autoDraw = False
2778.7682 	EXP 	polygon: autoDraw = True
2778.9697 	DATA 	Mouse:  Left button up, pos=(981,206)
2779.3184 	EXP 	Device response: <KeyPress from None: t=2779.30906650002, value=space, duration=None>
2779.3202 	DATA 	Keypress: space
2779.4517 	EXP 	Device response: <KeyPress from None: t=2775.686907199997, value=space, duration=3.7607084000192117>
2779.7678 	INFO 	Keyboard events cleared
2779.7677 	EXP 	polygon: autoDraw = False
2779.7677 	EXP 	polygon_2: autoDraw = True
2781.0344 	EXP 	Device response: <KeyPress from None: t=2781.030857500009, value=space, duration=None>
2781.0365 	DATA 	Keypress: space
2781.0505 	EXP 	polygon: autoDraw = False
2781.0505 	EXP 	polygon_2: autoDraw = False
2781.1509 	EXP 	Device response: <KeyPress from None: t=2779.30906650002, value=space, duration=1.8386756999825593>
2781.7175 	EXP 	Sound sound_1 reached end of file
2781.7339 	EXP 	Playing sound sound_1 on speaker Speaker (Realtek(R) Audio)
2781.9841 	EXP 	Device response: <KeyPress from None: t=2781.9808140000096, value=1, duration=None>
2781.9849 	DATA 	Keypress: 1
2782.0350 	EXP 	Sound sound_1 stopped
2782.0413 	EXP 	text: autoDraw = True
2782.0413 	EXP 	textbox: autoDraw = True
2782.1184 	EXP 	Device response: <KeyPress from None: t=2781.9808140000096, value=1, duration=0.12759699998423457>
2782.2173 	DATA 	Keypress: 2
2782.2178 	EXP 	Device response: <KeyPress from None: t=2782.2144944000174, value=2, duration=None>
2782.3673 	EXP 	Device response: <KeyPress from None: t=2782.2144944000174, value=2, duration=0.13826109998626634>
2782.5339 	DATA 	Keypress: 9
2782.5355 	EXP 	Device response: <KeyPress from None: t=2782.5261592000024, value=9, duration=None>
2782.6847 	EXP 	Device response: <KeyPress from None: t=2782.5261592000024, value=9, duration=0.14916440000524744>
2785.1162 	DATA 	Mouse: Left button down, pos=(974,223)
2785.1168 	EXP 	New trial (rep=28, index=1): <Trial 337 (1 in rep 28) data={'delay': 0.7, 'freq': 1000, 'condition': 'exp', 'thisN': 337, 'thisTrialN': 1, 'thisRepN': 28}>
2785.1326 	EXP 	text: autoDraw = False
2785.1326 	EXP 	textbox: autoDraw = False
2785.1326 	EXP 	polygon: autoDraw = True
2785.3338 	DATA 	Mouse:  Left button up, pos=(974,223)
2786.1323 	INFO 	Keyboard events cleared
2786.1321 	EXP 	polygon: autoDraw = False
2786.1321 	EXP 	polygon_2: autoDraw = True
2790.4153 	EXP 	Device response: <KeyPress from None: t=2790.405370399996, value=space, duration=None>
2790.4173 	DATA 	Keypress: space
2790.4308 	EXP 	polygon: autoDraw = False
2790.4308 	EXP 	polygon_2: autoDraw = False
2790.5310 	EXP 	Device response: <KeyPress from None: t=2781.030857500009, value=space, duration=9.496723899996141>
2791.1142 	EXP 	Sound sound_1 reached end of file
2791.1305 	EXP 	Playing sound sound_1 on speaker Speaker (Realtek(R) Audio)
2791.4300 	EXP 	Sound sound_1 stopped
2791.4358 	EXP 	text: autoDraw = True
2791.4358 	EXP 	textbox: autoDraw = True
2792.3472 	DATA 	Keypress: 6
2792.3481 	EXP 	Device response: <KeyPress from None: t=2792.342508300004, value=6, duration=None>
2792.4970 	DATA 	Keypress: 7
2792.4981 	EXP 	Device response: <KeyPress from None: t=2792.342508300004, value=6, duration=0.1387586999917403>
2792.4982 	EXP 	Device response: <KeyPress from None: t=2792.491200300021, value=7, duration=None>
2792.6138 	DATA 	Keypress: 5
2792.6153 	EXP 	Device response: <KeyPress from None: t=2792.603092400008, value=5, duration=None>
2792.6810 	EXP 	Device response: <KeyPress from None: t=2792.491200300021, value=7, duration=0.18554829998174682>
2792.7969 	EXP 	Device response: <KeyPress from None: t=2792.603092400008, value=5, duration=0.1818343999912031>
2793.7340 	DATA 	Mouse: Left button down, pos=(974,223)
2793.7471 	EXP 	New trial (rep=28, index=2): <Trial 338 (2 in rep 28) data={'delay': 0.1, 'freq': 1000, 'condition': 'exp', 'thisN': 338, 'thisTrialN': 2, 'thisRepN': 28}>
2793.7631 	EXP 	text: autoDraw = False
2793.7631 	EXP 	textbox: autoDraw = False
2793.7631 	EXP 	polygon: autoDraw = True
2793.9643 	DATA 	Mouse:  Left button up, pos=(974,223)
2794.5964 	EXP 	Device response: <KeyPress from None: t=2794.5935820000013, value=space, duration=None>
2794.5975 	DATA 	Keypress: space
2794.6797 	EXP 	Device response: <KeyPress from None: t=2790.405370399996, value=space, duration=4.265955800015945>
2794.7625 	INFO 	Keyboard events cleared
2794.7624 	EXP 	polygon: autoDraw = False
2794.7624 	EXP 	polygon_2: autoDraw = True
2797.3956 	EXP 	Device response: <KeyPress from None: t=2797.382052800007, value=4, duration=None>
2797.3972 	DATA 	Keypress: 4
2797.5456 	EXP 	Device response: <KeyPress from None: t=2797.382052800007, value=4, duration=0.14839350001420826>
2797.5620 	EXP 	Device response: <KeyPress from None: t=2797.5581610999943, value=9, duration=None>
2797.5632 	DATA 	Keypress: 9
2797.7953 	EXP 	Device response: <KeyPress from None: t=2797.5581610999943, value=9, duration=0.23438300000270829>
2797.9619 	EXP 	Device response: <KeyPress from None: t=2797.950260900019, value=3, duration=None>
2797.9631 	DATA 	Keypress: 3
2798.0288 	EXP 	Device response: <KeyPress from None: t=2797.950260900019, value=3, duration=0.07236849999753758>
2798.3783 	EXP 	Device response: <KeyPress from None: t=2798.376595300011, value=space, duration=None>
2798.3802 	DATA 	Keypress: space
2798.3945 	EXP 	polygon: autoDraw = False
2798.3945 	EXP 	polygon_2: autoDraw = False
2798.4614 	EXP 	Sound sound_1 reached end of file
2798.4778 	EXP 	Playing sound sound_1 on speaker Speaker (Realtek(R) Audio)
2798.4781 	EXP 	Device response: <KeyPress from None: t=2794.5935820000013, value=space, duration=3.8825822999933735>
2798.7812 	EXP 	Sound sound_1 stopped
2798.7874 	EXP 	text: autoDraw = True
2798.7874 	EXP 	textbox: autoDraw = True
2799.3948 	DATA 	Keypress: 4
2799.3954 	EXP 	Device response: <KeyPress from None: t=2799.3917790999985, value=4, duration=None>
2799.4958 	EXP 	Device response: <KeyPress from None: t=2799.3917790999985, value=4, duration=0.09985650001908652>
2799.6280 	DATA 	Keypress: 5
2799.6290 	EXP 	Device response: <KeyPress from None: t=2799.624499800004, value=5, duration=None>
2799.7459 	EXP 	Device response: <KeyPress from None: t=2799.624499800004, value=5, duration=0.11687630001688376>
2800.3444 	DATA 	Keypress: 0
2800.3450 	EXP 	Device response: <KeyPress from None: t=2800.3324416000105, value=0, duration=None>
2800.5444 	EXP 	Device response: <KeyPress from None: t=2800.3324416000105, value=0, duration=0.1995028000092134>
2802.0275 	DATA 	Mouse: Left button down, pos=(974,223)
2802.0285 	EXP 	New trial (rep=28, index=3): <Trial 339 (3 in rep 28) data={'delay': 0.4, 'freq': 1000, 'condition': 'exp', 'thisN': 339, 'thisTrialN': 3, 'thisRepN': 28}>
2802.0435 	EXP 	text: autoDraw = False
2802.0435 	EXP 	textbox: autoDraw = False
2802.0435 	EXP 	polygon: autoDraw = True
2802.2617 	DATA 	Mouse:  Left button up, pos=(974,223)
2803.0435 	INFO 	Keyboard events cleared
2803.0433 	EXP 	polygon: autoDraw = False
2803.0433 	EXP 	polygon_2: autoDraw = True
2804.5599 	EXP 	Device response: <KeyPress from None: t=2804.5527002000017, value=5, duration=None>
2804.5610 	DATA 	Keypress: 5
2804.6099 	EXP 	Device response: <KeyPress from None: t=2804.5527002000017, value=5, duration=0.04530630001681857>
2804.9263 	EXP 	Device response: <KeyPress from None: t=2804.923553600005, value=space, duration=None>
2804.9282 	DATA 	Keypress: space
2804.9424 	EXP 	polygon: autoDraw = False
2804.9424 	EXP 	polygon_2: autoDraw = False
2805.0096 	EXP 	Device response: <KeyPress from None: t=2798.376595300011, value=space, duration=6.626145899994299>
2805.3095 	EXP 	Sound sound_1 reached end of file
2805.3258 	EXP 	Playing sound sound_1 on speaker Speaker (Realtek(R) Audio)
2805.6236 	EXP 	Sound sound_1 stopped
2805.6307 	EXP 	text: autoDraw = True
2805.6307 	EXP 	textbox: autoDraw = True
2806.4620 	DATA 	Keypress: 3
2806.4757 	EXP 	Device response: <KeyPress from None: t=2806.460092699999, value=3, duration=None>
2806.5256 	EXP 	Device response: <KeyPress from None: t=2806.460092699999, value=3, duration=0.05038790000253357>
2806.6258 	DATA 	Keypress: 8
2806.6269 	EXP 	Device response: <KeyPress from None: t=2806.6193600000115, value=8, duration=None>
2806.8755 	EXP 	Device response: <KeyPress from None: t=2806.6193600000115, value=8, duration=0.23975929999141954>
2807.6756 	DATA 	Keypress: 3
2807.6769 	EXP 	Device response: <KeyPress from None: t=2807.668139799993, value=3, duration=None>
2807.8922 	EXP 	Device response: <KeyPress from None: t=2807.668139799993, value=3, duration=0.20942740002647042>
2838.7982 	DATA 	Mouse: Left button down, pos=(974,223)
2838.7991 	EXP 	New trial (rep=28, index=4): <Trial 340 (4 in rep 28) data={'delay': 0.1, 'freq': 400, 'condition': 'unexp', 'thisN': 340, 'thisTrialN': 4, 'thisRepN': 28}>
2838.8145 	EXP 	text: autoDraw = False
2838.8145 	EXP 	textbox: autoDraw = False
2838.8145 	EXP 	polygon: autoDraw = True
2839.0161 	DATA 	Mouse:  Left button up, pos=(974,223)
2839.8143 	INFO 	Keyboard events cleared
2839.8141 	EXP 	polygon: autoDraw = False
2839.8141 	EXP 	polygon_2: autoDraw = True
2849.7447 	EXP 	Device response: <KeyPress from None: t=2849.739723400009, value=space, duration=None>
2849.7470 	DATA 	Keypress: space
2849.7609 	EXP 	polygon: autoDraw = False
2849.7609 	EXP 	polygon_2: autoDraw = False
2849.8279 	EXP 	Sound sound_1 reached end of file
2849.8442 	EXP 	Playing sound sound_1 on speaker Speaker (Realtek(R) Audio)
2849.8946 	EXP 	Device response: <KeyPress from None: t=2804.923553600005, value=space, duration=44.96648170001572>
2850.1446 	EXP 	Sound sound_1 stopped
2850.1516 	EXP 	text: autoDraw = True
2850.1516 	EXP 	textbox: autoDraw = True
2887.5824 	DATA 	Keypress: 6
2887.5830 	EXP 	Device response: <KeyPress from None: t=2887.5702592000016, value=6, duration=None>
2887.6820 	DATA 	Keypress: 7
2887.6840 	EXP 	Device response: <KeyPress from None: t=2887.5702592000016, value=6, duration=0.09979870001552626>
2887.6840 	EXP 	Device response: <KeyPress from None: t=2887.676573900011, value=7, duration=None>
2887.7816 	DATA 	Keypress: 5
2887.7831 	EXP 	Device response: <KeyPress from None: t=2887.7795156000066, value=5, duration=None>
2887.8163 	EXP 	Device response: <KeyPress from None: t=2887.676573900011, value=7, duration=0.13289730000542477>
2887.8983 	EXP 	Device response: <KeyPress from None: t=2887.7795156000066, value=5, duration=0.10555139998905361>
2888.6480 	DATA 	Mouse: Left button down, pos=(974,223)
2888.6485 	EXP 	New trial (rep=28, index=5): <Trial 341 (5 in rep 28) data={'delay': 0.7, 'freq': 1000, 'condition': 'exp', 'thisN': 341, 'thisTrialN': 5, 'thisRepN': 28}>
2888.6643 	EXP 	text: autoDraw = False
2888.6643 	EXP 	textbox: autoDraw = False
2888.6643 	EXP 	polygon: autoDraw = True
2888.8658 	DATA 	Mouse:  Left button up, pos=(974,223)
2889.6477 	INFO 	Keyboard events cleared
2889.6476 	EXP 	polygon_2: autoDraw = True
2889.6641 	EXP 	polygon: autoDraw = False
2906.6589 	EXP 	Device response: <KeyPress from None: t=2906.6515938999946, value=space, duration=None>
2906.6611 	DATA 	Keypress: space
2906.6749 	EXP 	polygon: autoDraw = False
2906.6749 	EXP 	polygon_2: autoDraw = False
2906.7419 	EXP 	Device response: <KeyPress from None: t=2849.739723400009, value=space, duration=56.996943400008604>
2907.3585 	EXP 	Sound sound_1 reached end of file
2907.3748 	EXP 	Playing sound sound_1 on speaker Speaker (Realtek(R) Audio)
2907.6747 	EXP 	Sound sound_1 stopped
2907.6819 	EXP 	text: autoDraw = True
2907.6819 	EXP 	textbox: autoDraw = True
3129.8201 	DATA 	Keypress: 5
3129.8332 	EXP 	Device response: <KeyPress from None: t=3129.8172958000214, value=5, duration=None>
3129.9332 	EXP 	Device response: <KeyPress from None: t=3129.8172958000214, value=5, duration=0.10067229997366667>
3130.0169 	DATA 	Keypress: 6
3130.0183 	EXP 	Device response: <KeyPress from None: t=3130.0062182999973, value=6, duration=None>
3130.0999 	EXP 	Device response: <KeyPress from None: t=3130.0062182999973, value=6, duration=0.0784859000123106>
3130.1333 	DATA 	Keypress: 9
3130.1342 	EXP 	Device response: <KeyPress from None: t=3130.1260326000047, value=9, duration=None>
3130.2502 	EXP 	Device response: <KeyPress from None: t=3130.1260326000047, value=9, duration=0.11091139999916777>
3131.2996 	DATA 	Mouse: Left button down, pos=(974,223)
3131.3004 	EXP 	New trial (rep=28, index=6): <Trial 342 (6 in rep 28) data={'delay': 0.4, 'freq': 400, 'condition': 'unexp', 'thisN': 342, 'thisTrialN': 6, 'thisRepN': 28}>
3131.3157 	EXP 	text: autoDraw = False
3131.3157 	EXP 	textbox: autoDraw = False
3131.3157 	EXP 	polygon: autoDraw = True
3131.5172 	DATA 	Mouse:  Left button up, pos=(974,223)
3132.3159 	INFO 	Keyboard events cleared
3132.3157 	EXP 	polygon: autoDraw = False
3132.3157 	EXP 	polygon_2: autoDraw = True
3150.4600 	EXP 	Device response: <KeyPress from None: t=3150.4561460000114, value=space, duration=None>
3150.4621 	DATA 	Keypress: space
3150.4762 	EXP 	polygon: autoDraw = False
3150.4762 	EXP 	polygon_2: autoDraw = False
3150.5598 	EXP 	Device response: <KeyPress from None: t=2906.6515938999946, value=space, duration=243.8927476000099>
3150.8596 	EXP 	Sound sound_1 reached end of file
3150.8759 	EXP 	Playing sound sound_1 on speaker Speaker (Realtek(R) Audio)
3151.1715 	EXP 	Sound sound_1 stopped
3151.1781 	EXP 	text: autoDraw = True
3151.1781 	EXP 	textbox: autoDraw = True
3153.2476 	DATA 	Keypress: 1
3153.2588 	EXP 	Device response: <KeyPress from None: t=3153.246692500019, value=1, duration=None>
3153.3442 	EXP 	Device response: <KeyPress from None: t=3153.246692500019, value=1, duration=0.09432769997511059>
3153.4257 	DATA 	Keypress: 2
3153.4271 	EXP 	Device response: <KeyPress from None: t=3153.4144967000175, value=2, duration=None>
3153.5254 	EXP 	Device response: <KeyPress from None: t=3153.4144967000175, value=2, duration=0.09469119997811504>
3153.8121 	DATA 	Keypress: 0
3153.8253 	EXP 	Device response: <KeyPress from None: t=3153.809484199999, value=0, duration=None>
3153.9417 	EXP 	Device response: <KeyPress from None: t=3153.809484199999, value=0, duration=0.12087800001609139>
3154.8144 	DATA 	Mouse: Left button down, pos=(970,220)
3154.8256 	EXP 	New trial (rep=28, index=7): <Trial 343 (7 in rep 28) data={'delay': 0.4, 'freq': 1000, 'condition': 'exp', 'thisN': 343, 'thisTrialN': 7, 'thisRepN': 28}>
3154.8416 	EXP 	text: autoDraw = False
3154.8416 	EXP 	textbox: autoDraw = False
3154.8416 	EXP 	polygon: autoDraw = True
3155.0431 	DATA 	Mouse:  Left button up, pos=(970,220)
3155.3417 	EXP 	Device response: <KeyPress from None: t=3155.32654140002, value=space, duration=None>
3155.3427 	DATA 	Keypress: space
3155.4250 	EXP 	Device response: <KeyPress from None: t=3150.4561460000114, value=space, duration=4.964227299991762>
3155.8246 	INFO 	Keyboard events cleared
3155.8244 	EXP 	polygon_2: autoDraw = True
3155.8410 	EXP 	polygon: autoDraw = False
3156.0082 	EXP 	Device response: <KeyPress from None: t=3155.9966338000086, value=space, duration=None>
3156.0102 	DATA 	Keypress: space
3156.0242 	EXP 	polygon: autoDraw = False
3156.0242 	EXP 	polygon_2: autoDraw = False
3156.0912 	EXP 	Device response: <KeyPress from None: t=3155.32654140002, value=space, duration=0.7589469999948051>
3156.4077 	EXP 	Sound sound_1 reached end of file
3156.4239 	EXP 	Playing sound sound_1 on speaker Speaker (Realtek(R) Audio)
3156.7226 	EXP 	Sound sound_1 stopped
3156.7283 	EXP 	text: autoDraw = True
3156.7283 	EXP 	textbox: autoDraw = True
3157.1407 	DATA 	Keypress: 7
3157.1413 	EXP 	Device response: <KeyPress from None: t=3157.1296108000097, value=7, duration=None>
3157.2408 	EXP 	Device response: <KeyPress from None: t=3157.1296108000097, value=7, duration=0.09458609999273904>
3157.3739 	DATA 	Keypress: 6
3157.3745 	EXP 	Device response: <KeyPress from None: t=3157.369218500011, value=6, duration=None>
3157.4741 	EXP 	Device response: <KeyPress from None: t=3157.369218500011, value=6, duration=0.10000969999236986>
3157.6405 	DATA 	Keypress: 8
3157.6411 	EXP 	Device response: <KeyPress from None: t=3157.6295354000176, value=8, duration=None>
3157.7581 	EXP 	Device response: <KeyPress from None: t=3157.6295354000176, value=8, duration=0.12171169999055564>
3158.6256 	DATA 	Mouse: Left button down, pos=(970,220)
3158.6406 	EXP 	New trial (rep=28, index=8): <Trial 344 (8 in rep 28) data={'delay': 0.1, 'freq': 1000, 'condition': 'exp', 'thisN': 344, 'thisTrialN': 8, 'thisRepN': 28}>
3158.6563 	EXP 	text: autoDraw = False
3158.6563 	EXP 	textbox: autoDraw = False
3158.6563 	EXP 	polygon: autoDraw = True
3158.8572 	DATA 	Mouse:  Left button up, pos=(970,220)
3159.2069 	DATA 	Keypress: space
3159.2231 	EXP 	Device response: <KeyPress from None: t=3159.206553600001, value=space, duration=None>
3159.2732 	EXP 	Device response: <KeyPress from None: t=3155.9966338000086, value=space, duration=3.265610000002198>
3159.6562 	INFO 	Keyboard events cleared
3159.6561 	EXP 	polygon: autoDraw = False
3159.6561 	EXP 	polygon_2: autoDraw = True
3159.8396 	EXP 	Device response: <KeyPress from None: t=3159.8316595000215, value=space, duration=None>
3159.8414 	DATA 	Keypress: space
3159.8559 	EXP 	polygon: autoDraw = False
3159.8559 	EXP 	polygon_2: autoDraw = False
3159.9063 	EXP 	Device response: <KeyPress from None: t=3159.206553600001, value=space, duration=0.697595600009663>
3159.9230 	EXP 	Sound sound_1 reached end of file
3159.9394 	EXP 	Playing sound sound_1 on speaker Speaker (Realtek(R) Audio)
3160.2337 	EXP 	Sound sound_1 stopped
3160.2414 	EXP 	text: autoDraw = True
3160.2414 	EXP 	textbox: autoDraw = True
3160.6563 	DATA 	Keypress: 4
3160.6569 	EXP 	Device response: <KeyPress from None: t=3160.655601400009, value=4, duration=None>
3160.7730 	EXP 	Device response: <KeyPress from None: t=3160.655601400009, value=4, duration=0.10177269999985583>
3160.8267 	DATA 	Keypress: 5
3160.8398 	EXP 	Device response: <KeyPress from None: t=3160.8259049000044, value=5, duration=None>
3160.9231 	DATA 	Keypress: 0
3160.9246 	EXP 	Device response: <KeyPress from None: t=3160.919402600004, value=0, duration=None>
3160.9562 	EXP 	Device response: <KeyPress from None: t=3160.8259049000044, value=5, duration=0.1176223999937065>
3161.0244 	EXP 	Device response: <KeyPress from None: t=3160.919402600004, value=0, duration=0.09985140000935644>
3162.0394 	DATA 	Mouse: Left button down, pos=(970,220)
3162.0400 	EXP 	New trial (rep=28, index=9): <Trial 345 (9 in rep 28) data={'delay': 0.7, 'freq': 1000, 'condition': 'exp', 'thisN': 345, 'thisTrialN': 9, 'thisRepN': 28}>
3162.0554 	EXP 	text: autoDraw = False
3162.0554 	EXP 	textbox: autoDraw = False
3162.0554 	EXP 	polygon: autoDraw = True
3162.2743 	DATA 	Mouse:  Left button up, pos=(970,220)
3162.9053 	EXP 	Device response: <KeyPress from None: t=3162.900500400021, value=space, duration=None>
3162.9058 	DATA 	Keypress: space
3162.9891 	EXP 	Device response: <KeyPress from None: t=3159.8316595000215, value=space, duration=3.1527570999751333>
3163.0554 	INFO 	Keyboard events cleared
3163.0552 	EXP 	polygon: autoDraw = False
3163.0552 	EXP 	polygon_2: autoDraw = True
3163.8720 	EXP 	Device response: <KeyPress from None: t=3163.86025290002, value=space, duration=None>
3163.8740 	DATA 	Keypress: space
3163.8881 	EXP 	polygon: autoDraw = False
3163.8881 	EXP 	polygon_2: autoDraw = False
3163.9714 	EXP 	Device response: <KeyPress from None: t=3162.900500400021, value=space, duration=1.055917399993632>
3164.5550 	EXP 	Sound sound_1 reached end of file
3164.5714 	EXP 	Playing sound sound_1 on speaker Speaker (Realtek(R) Audio)
3164.8747 	EXP 	Sound sound_1 stopped
3164.8818 	EXP 	text: autoDraw = True
3164.8818 	EXP 	textbox: autoDraw = True
3373.5016 	DATA 	Keypress: 4
3373.5025 	EXP 	Device response: <KeyPress from None: t=3373.4942206999986, value=4, duration=None>
3373.6024 	EXP 	Device response: <KeyPress from None: t=3373.4942206999986, value=4, duration=0.10483530000783503>
3373.6722 	DATA 	Keypress: 5
3373.6845 	EXP 	Device response: <KeyPress from None: t=3373.6693068000022, value=5, duration=None>
3373.8012 	EXP 	Device response: <KeyPress from None: t=3373.6693068000022, value=5, duration=0.11646839999593794>
3373.8518 	DATA 	Keypress: 7
3373.8542 	EXP 	Device response: <KeyPress from None: t=3373.8431886000035, value=7, duration=None>
3373.9512 	EXP 	Device response: <KeyPress from None: t=3373.8431886000035, value=7, duration=0.09381419999408536>
3375.0010 	DATA 	Mouse: Left button down, pos=(970,220)
3375.0015 	EXP 	New trial (rep=28, index=10): <Trial 346 (10 in rep 28) data={'delay': 0.4, 'freq': 1000, 'condition': 'exp', 'thisN': 346, 'thisTrialN': 10, 'thisRepN': 28}>
3375.0171 	EXP 	text: autoDraw = False
3375.0171 	EXP 	textbox: autoDraw = False
3375.0171 	EXP 	polygon: autoDraw = True
3375.2182 	DATA 	Mouse:  Left button up, pos=(970,220)
3376.0171 	INFO 	Keyboard events cleared
3376.0169 	EXP 	polygon: autoDraw = False
3376.0169 	EXP 	polygon_2: autoDraw = True
3377.8503 	EXP 	Device response: <KeyPress from None: t=3377.8454526000132, value=space, duration=None>
3377.8510 	EXP 	Device response: <KeyPress from None: t=3377.8504149999935, value=n, duration=None>
3377.8531 	DATA 	Keypress: space
3377.8544 	DATA 	Keypress: n
3377.8666 	EXP 	polygon: autoDraw = False
3377.8666 	EXP 	polygon_2: autoDraw = False
3377.9165 	EXP 	Device response: <KeyPress from None: t=3377.8504149999935, value=n, duration=0.050511600013123825>
3377.9331 	EXP 	Device response: <KeyPress from None: t=3163.86025290002, value=space, duration=214.06267329998082>
3378.2497 	EXP 	Sound sound_1 reached end of file
3378.2660 	EXP 	Playing sound sound_1 on speaker Speaker (Realtek(R) Audio)
3378.5630 	EXP 	Sound sound_1 stopped
3378.5706 	EXP 	text: autoDraw = True
3378.5706 	EXP 	textbox: autoDraw = True
3379.4374 	DATA 	Keypress: 4
3379.4491 	EXP 	Device response: <KeyPress from None: t=3379.4334290999977, value=4, duration=None>
3379.5494 	EXP 	Device response: <KeyPress from None: t=3379.4334290999977, value=4, duration=0.10032379999756813>
3379.6993 	DATA 	Keypress: 3
3379.7006 	EXP 	Device response: <KeyPress from None: t=3379.689773799997, value=3, duration=None>
3379.8159 	EXP 	Device response: <KeyPress from None: t=3379.689773799997, value=3, duration=0.11010570000507869>
3379.8530 	DATA 	Keypress: 2
3379.8658 	EXP 	Device response: <KeyPress from None: t=3379.851489099994, value=2, duration=None>
3379.9662 	EXP 	Device response: <KeyPress from None: t=3379.851489099994, value=2, duration=0.09976670000469312>
3380.7215 	DATA 	Mouse: Left button down, pos=(970,220)
3380.7324 	EXP 	New trial (rep=28, index=11): <Trial 347 (11 in rep 28) data={'delay': 0.1, 'freq': 1000, 'condition': 'exp', 'thisN': 347, 'thisTrialN': 11, 'thisRepN': 28}>
3380.7487 	EXP 	text: autoDraw = False
3380.7487 	EXP 	textbox: autoDraw = False
3380.7487 	EXP 	polygon: autoDraw = True
3380.9499 	DATA 	Mouse:  Left button up, pos=(970,220)
3381.7319 	INFO 	Keyboard events cleared
3381.7317 	EXP 	polygon_2: autoDraw = True
3381.7482 	EXP 	polygon: autoDraw = False
3382.0481 	EXP 	Device response: <KeyPress from None: t=3382.0469788000046, value=space, duration=None>
3382.0492 	DATA 	Keypress: space
3382.0644 	EXP 	polygon: autoDraw = False
3382.0644 	EXP 	polygon_2: autoDraw = False
3382.1312 	EXP 	Sound sound_1 reached end of file
3382.1477 	EXP 	Playing sound sound_1 on speaker Speaker (Realtek(R) Audio)
3382.1482 	EXP 	Device response: <KeyPress from None: t=3377.8454526000132, value=space, duration=4.287072999984957>
3382.4450 	EXP 	Sound sound_1 stopped
3382.4514 	EXP 	text: autoDraw = True
3382.4514 	EXP 	textbox: autoDraw = True
3384.6649 	DATA 	Keypress: 1
3384.6662 	EXP 	Device response: <KeyPress from None: t=3384.6642453999957, value=1, duration=None>
3384.7810 	EXP 	Device response: <KeyPress from None: t=3384.6642453999957, value=1, duration=0.10175080000772141>
3384.8209 	DATA 	Keypress: 2
3384.8309 	EXP 	Device response: <KeyPress from None: t=3384.819265500002, value=2, duration=None>
3384.9152 	EXP 	Device response: <KeyPress from None: t=3384.819265500002, value=2, duration=0.0941748000041116>
3384.9810 	DATA 	Keypress: 3
3384.9824 	EXP 	Device response: <KeyPress from None: t=3384.975328600005, value=3, duration=None>
3385.0987 	EXP 	Device response: <KeyPress from None: t=3384.975328600005, value=3, duration=0.11155040000448935>
3385.1476 	DATA 	Keypress: 7
3385.1490 	EXP 	Device response: <KeyPress from None: t=3385.144494600012, value=7, duration=None>
3385.2483 	EXP 	Device response: <KeyPress from None: t=3385.144494600012, value=7, duration=0.09358919999795035>
3385.8317 	DATA 	Keypress: backspace
3385.8330 	EXP 	Device response: <KeyPress from None: t=3385.8308516000106, value=backspace, duration=None>
3385.9308 	EXP 	Device response: <KeyPress from None: t=3385.8308516000106, value=backspace, duration=0.09381990000838414>
3386.2969 	DATA 	Mouse: Left button down, pos=(970,220)
3386.2978 	EXP 	New trial (rep=29, index=0): <Trial 348 (0 in rep 29) data={'delay': 0.1, 'freq': 1000, 'condition': 'exp', 'thisN': 348, 'thisTrialN': 0, 'thisRepN': 29}>
3386.3132 	EXP 	text: autoDraw = False
3386.3132 	EXP 	textbox: autoDraw = False
3386.3132 	EXP 	polygon: autoDraw = True
3386.5310 	DATA 	Mouse:  Left button up, pos=(970,220)
3386.9968 	EXP 	Device response: <KeyPress from None: t=3386.9942699999956, value=space, duration=None>
3386.9980 	DATA 	Keypress: space
3387.0635 	EXP 	Device response: <KeyPress from None: t=3382.0469788000046, value=space, duration=5.004460900003323>
3387.3131 	INFO 	Keyboard events cleared
3387.3129 	EXP 	polygon: autoDraw = False
3387.3129 	EXP 	polygon_2: autoDraw = True
3387.7966 	EXP 	Device response: <KeyPress from None: t=3387.791021800018, value=space, duration=None>
3387.7986 	DATA 	Keypress: space
3387.8126 	EXP 	polygon: autoDraw = False
3387.8126 	EXP 	polygon_2: autoDraw = False
3387.8465 	EXP 	Device response: <KeyPress from None: t=3386.9942699999956, value=space, duration=0.8427855000190903>
3387.8799 	EXP 	Sound sound_1 reached end of file
3387.8962 	EXP 	Playing sound sound_1 on speaker Speaker (Realtek(R) Audio)
3388.1914 	EXP 	Sound sound_1 stopped
3388.1983 	EXP 	text: autoDraw = True
3388.1983 	EXP 	textbox: autoDraw = True
3388.6627 	DATA 	Keypress: 7
3388.6639 	EXP 	Device response: <KeyPress from None: t=3388.6601488000015, value=7, duration=None>
3388.7625 	EXP 	Device response: <KeyPress from None: t=3388.6601488000015, value=7, duration=0.08903850000933744>
3388.8144 	DATA 	Keypress: 8
3388.8296 	EXP 	Device response: <KeyPress from None: t=3388.813735600008, value=8, duration=None>
3388.9305 	EXP 	Device response: <KeyPress from None: t=3388.813735600008, value=8, duration=0.11021779998554848>
3388.9797 	DATA 	Keypress: 9
3388.9808 	EXP 	Device response: <KeyPress from None: t=3388.9780342000013, value=9, duration=None>
3389.0968 	EXP 	Device response: <KeyPress from None: t=3388.9780342000013, value=9, duration=0.113095600012457>
3390.1794 	DATA 	Mouse: Left button down, pos=(970,220)
3390.1803 	EXP 	New trial (rep=29, index=1): <Trial 349 (1 in rep 29) data={'delay': 0.4, 'freq': 1000, 'condition': 'exp', 'thisN': 349, 'thisTrialN': 1, 'thisRepN': 29}>
3390.1954 	EXP 	text: autoDraw = False
3390.1954 	EXP 	textbox: autoDraw = False
3390.1954 	EXP 	polygon: autoDraw = True
3390.3982 	DATA 	Mouse:  Left button up, pos=(970,220)
3390.6790 	EXP 	Device response: <KeyPress from None: t=3390.6719746000017, value=space, duration=None>
3390.6800 	DATA 	Keypress: space
3390.7289 	EXP 	Device response: <KeyPress from None: t=3387.791021800018, value=space, duration=2.931228100002045>
3391.1952 	INFO 	Keyboard events cleared
3391.1950 	EXP 	polygon: autoDraw = False
3391.1950 	EXP 	polygon_2: autoDraw = True
3391.3622 	EXP 	Device response: <KeyPress from None: t=3391.35035350002, value=space, duration=None>
3391.3643 	DATA 	Keypress: space
3391.3783 	EXP 	polygon: autoDraw = False
3391.3783 	EXP 	polygon_2: autoDraw = False
3391.4123 	EXP 	Device response: <KeyPress from None: t=3390.6719746000017, value=space, duration=0.7288970999943558>
3391.7452 	EXP 	Sound sound_1 reached end of file
3391.7615 	EXP 	Playing sound sound_1 on speaker Speaker (Realtek(R) Audio)
3392.0570 	EXP 	Sound sound_1 stopped
3392.0631 	EXP 	text: autoDraw = True
3392.0631 	EXP 	textbox: autoDraw = True
3392.1832 	DATA 	Keypress: 6
3392.1949 	EXP 	Device response: <KeyPress from None: t=3392.1803166000172, value=6, duration=None>
3392.2800 	EXP 	Device response: <KeyPress from None: t=3392.1803166000172, value=6, duration=0.09476639999775216>
3392.2950 	DATA 	Keypress: 7
3392.2957 	EXP 	Device response: <KeyPress from None: t=3392.290687700006, value=7, duration=None>
3392.3813 	DATA 	Keypress: 5
3392.3952 	EXP 	Device response: <KeyPress from None: t=3392.3807027000003, value=5, duration=None>
3392.4125 	EXP 	Device response: <KeyPress from None: t=3392.290687700006, value=7, duration=0.11684130001231097>
3392.4799 	EXP 	Device response: <KeyPress from None: t=3392.3807027000003, value=5, duration=0.08723659999668598>
3393.9947 	DATA 	Mouse: Left button down, pos=(970,220)
3393.9956 	EXP 	New trial (rep=29, index=2): <Trial 350 (2 in rep 29) data={'delay': 0.1, 'freq': 400, 'condition': 'unexp', 'thisN': 350, 'thisTrialN': 2, 'thisRepN': 29}>
3394.0108 	EXP 	text: autoDraw = False
3394.0108 	EXP 	textbox: autoDraw = False
3394.0108 	EXP 	polygon: autoDraw = True
3394.2294 	DATA 	Mouse:  Left button up, pos=(970,220)
3395.0107 	INFO 	Keyboard events cleared
3395.0105 	EXP 	polygon: autoDraw = False
3395.0105 	EXP 	polygon_2: autoDraw = True
3395.2109 	EXP 	Device response: <KeyPress from None: t=3395.2064152999956, value=space, duration=None>
3395.2136 	DATA 	Keypress: space
3395.2269 	EXP 	polygon: autoDraw = False
3395.2269 	EXP 	polygon_2: autoDraw = False
3395.2941 	EXP 	Sound sound_1 reached end of file
3395.3104 	EXP 	Playing sound sound_1 on speaker Speaker (Realtek(R) Audio)
3395.2944 	EXP 	Device response: <KeyPress from None: t=3391.35035350002, value=space, duration=3.928342499973951>
3395.6047 	EXP 	Sound sound_1 stopped
3395.6151 	EXP 	text: autoDraw = True
3395.6151 	EXP 	textbox: autoDraw = True
3396.1996 	DATA 	Keypress: 6
3396.2104 	EXP 	Device response: <KeyPress from None: t=3396.1983201999974, value=6, duration=None>
3396.2937 	EXP 	Device response: <KeyPress from None: t=3396.1983201999974, value=6, duration=0.07907560002058744>
3396.3809 	DATA 	Keypress: 9
3396.3937 	EXP 	Device response: <KeyPress from None: t=3396.3789053999935, value=9, duration=None>
3396.5437 	EXP 	Device response: <KeyPress from None: t=3396.3789053999935, value=9, duration=0.15542350002215244>
3396.6268 	DATA 	Keypress: 8
3396.6277 	EXP 	Device response: <KeyPress from None: t=3396.6251383000053, value=8, duration=None>
3396.7606 	EXP 	Device response: <KeyPress from None: t=3396.6251383000053, value=8, duration=0.11955279999529012>
3397.8099 	DATA 	Mouse: Left button down, pos=(970,220)
3397.8105 	EXP 	New trial (rep=29, index=3): <Trial 351 (3 in rep 29) data={'delay': 0.1, 'freq': 1000, 'condition': 'exp', 'thisN': 351, 'thisTrialN': 3, 'thisRepN': 29}>
3397.8261 	EXP 	text: autoDraw = False
3397.8261 	EXP 	textbox: autoDraw = False
3397.8261 	EXP 	polygon: autoDraw = True
3398.0275 	DATA 	Mouse:  Left button up, pos=(970,220)
3398.2765 	EXP 	Device response: <KeyPress from None: t=3398.2614788000064, value=space, duration=None>
3398.2776 	DATA 	Keypress: space
3398.3096 	EXP 	Device response: <KeyPress from None: t=3395.2064152999956, value=space, duration=3.1011137000168674>
3398.6096 	EXP 	Device response: <KeyPress from None: t=3398.608468899998, value=space, duration=None>
3398.6107 	DATA 	Keypress: space
3398.6762 	EXP 	Device response: <KeyPress from None: t=3398.2614788000064, value=space, duration=0.4089355999894906>
3398.8255 	INFO 	Keyboard events cleared
3398.8254 	EXP 	polygon: autoDraw = False
3398.8254 	EXP 	polygon_2: autoDraw = True
3405.4071 	EXP 	Device response: <KeyPress from None: t=3405.396285900002, value=space, duration=None>
3405.4094 	DATA 	Keypress: space
3405.4233 	EXP 	polygon: autoDraw = False
3405.4233 	EXP 	polygon_2: autoDraw = False
3405.4901 	EXP 	Sound sound_1 reached end of file
3405.5064 	EXP 	Playing sound sound_1 on speaker Speaker (Realtek(R) Audio)
3405.5065 	EXP 	Device response: <KeyPress from None: t=3398.608468899998, value=space, duration=6.897549700021045>
3405.8018 	EXP 	Sound sound_1 stopped
3405.8087 	EXP 	text: autoDraw = True
3405.8087 	EXP 	textbox: autoDraw = True
3406.1411 	DATA 	Keypress: 6
3406.1416 	EXP 	Device response: <KeyPress from None: t=3406.1403644999955, value=6, duration=None>
3406.2424 	EXP 	Device response: <KeyPress from None: t=3406.1403644999955, value=6, duration=0.09051110001746565>
3406.4099 	DATA 	Keypress: 5
3406.4237 	EXP 	Device response: <KeyPress from None: t=3406.4093431000074, value=5, duration=None>
3406.5084 	EXP 	Device response: <KeyPress from None: t=3406.4093431000074, value=5, duration=0.09450860001379624>
3406.7169 	DATA 	Keypress: 4
3406.7206 	EXP 	Device response: <KeyPress from None: t=3406.704933300003, value=4, duration=None>
3406.7903 	EXP 	Device response: <KeyPress from None: t=3406.704933300003, value=4, duration=0.08422230000724085>
3407.6402 	DATA 	Mouse: Left button down, pos=(970,220)
3407.6410 	EXP 	New trial (rep=29, index=4): <Trial 352 (4 in rep 29) data={'delay': 0.7, 'freq': 1000, 'condition': 'exp', 'thisN': 352, 'thisTrialN': 4, 'thisRepN': 29}>
3407.6561 	EXP 	text: autoDraw = False
3407.6561 	EXP 	textbox: autoDraw = False
3407.6561 	EXP 	polygon: autoDraw = True
3407.8569 	DATA 	Mouse:  Left button up, pos=(970,220)
3408.6560 	INFO 	Keyboard events cleared
3408.6558 	EXP 	polygon: autoDraw = False
3408.6558 	EXP 	polygon_2: autoDraw = True
3413.0880 	EXP 	Device response: <KeyPress from None: t=3413.075672200008, value=space, duration=None>
3413.0901 	DATA 	Keypress: space
3413.1042 	EXP 	polygon: autoDraw = False
3413.1042 	EXP 	polygon_2: autoDraw = False
3413.1881 	EXP 	Device response: <KeyPress from None: t=3405.396285900002, value=space, duration=7.778880800004117>
3413.7711 	EXP 	Sound sound_1 reached end of file
3413.7874 	EXP 	Playing sound sound_1 on speaker Speaker (Realtek(R) Audio)
3414.0841 	EXP 	Sound sound_1 stopped
3414.0906 	EXP 	text: autoDraw = True
3414.0906 	EXP 	textbox: autoDraw = True
3415.0876 	DATA 	Keypress: 6
3415.0894 	EXP 	Device response: <KeyPress from None: t=3415.081158100016, value=6, duration=None>
3415.2042 	DATA 	Keypress: 8
3415.2056 	EXP 	Device response: <KeyPress from None: t=3415.081158100016, value=6, duration=0.11678139999276027>
3415.2056 	EXP 	Device response: <KeyPress from None: t=3415.201085000008, value=8, duration=None>
3415.3372 	EXP 	Device response: <KeyPress from None: t=3415.201085000008, value=8, duration=0.12241809998522513>
3416.1712 	DATA 	Keypress: 9
3416.1733 	EXP 	Device response: <KeyPress from None: t=3416.170207200019, value=9, duration=None>
3416.2874 	EXP 	Device response: <KeyPress from None: t=3416.170207200019, value=9, duration=0.11233179998816922>
3417.1537 	DATA 	Mouse: Left button down, pos=(970,220)
3417.1545 	EXP 	New trial (rep=29, index=5): <Trial 353 (5 in rep 29) data={'delay': 0.1, 'freq': 1000, 'condition': 'exp', 'thisN': 353, 'thisTrialN': 5, 'thisRepN': 29}>
3417.1695 	EXP 	text: autoDraw = False
3417.1695 	EXP 	textbox: autoDraw = False
3417.1695 	EXP 	polygon: autoDraw = True
3417.3881 	DATA 	Mouse:  Left button up, pos=(970,220)
3417.5030 	EXP 	Device response: <KeyPress from None: t=3417.4922515999933, value=space, duration=None>
3417.5042 	DATA 	Keypress: space
3417.5699 	EXP 	Device response: <KeyPress from None: t=3413.075672200008, value=space, duration=4.483679299999494>
3418.0531 	EXP 	Device response: <KeyPress from None: t=3418.0498557999963, value=space, duration=None>
3418.0541 	DATA 	Keypress: space
3418.1194 	EXP 	Device response: <KeyPress from None: t=3417.4922515999933, value=space, duration=0.6124358000233769>
3418.1694 	INFO 	Keyboard events cleared
3418.1693 	EXP 	polygon: autoDraw = False
3418.1693 	EXP 	polygon_2: autoDraw = True
3418.6528 	EXP 	Device response: <KeyPress from None: t=3418.6478045000113, value=space, duration=None>
3418.6548 	DATA 	Keypress: space
3418.6691 	EXP 	polygon: autoDraw = False
3418.6691 	EXP 	polygon_2: autoDraw = False
3418.7189 	EXP 	Device response: <KeyPress from None: t=3418.0498557999963, value=space, duration=0.6591111000161618>
3418.7361 	EXP 	Sound sound_1 reached end of file
3418.7524 	EXP 	Playing sound sound_1 on speaker Speaker (Realtek(R) Audio)
3419.0549 	EXP 	Sound sound_1 stopped
3419.0619 	EXP 	text: autoDraw = True
3419.0619 	EXP 	textbox: autoDraw = True
3419.5867 	DATA 	Keypress: 4
3419.5875 	EXP 	Device response: <KeyPress from None: t=3419.5859957000066, value=4, duration=None>
3419.7039 	EXP 	Device response: <KeyPress from None: t=3419.5859957000066, value=4, duration=0.10602559999097139>
3419.7550 	DATA 	Keypress: 5
3419.7691 	EXP 	Device response: <KeyPress from None: t=3419.7544771000103, value=5, duration=None>
3419.8862 	DATA 	Keypress: 6
3419.8885 	EXP 	Device response: <KeyPress from None: t=3419.8816227000207, value=6, duration=None>
3419.9197 	EXP 	Device response: <KeyPress from None: t=3419.7544771000103, value=5, duration=0.16137099999468774>
3420.0022 	EXP 	Device response: <KeyPress from None: t=3419.8816227000207, value=6, duration=0.10545399997499771>
3420.8229 	DATA 	Mouse: Left button down, pos=(970,220)
3420.8357 	EXP 	New trial (rep=29, index=6): <Trial 354 (6 in rep 29) data={'delay': 0.7, 'freq': 400, 'condition': 'unexp', 'thisN': 354, 'thisTrialN': 6, 'thisRepN': 29}>
3420.8518 	EXP 	text: autoDraw = False
3420.8518 	EXP 	textbox: autoDraw = False
3420.8518 	EXP 	polygon: autoDraw = True
3421.0534 	DATA 	Mouse:  Left button up, pos=(970,220)
3421.8514 	INFO 	Keyboard events cleared
3421.8513 	EXP 	polygon: autoDraw = False
3421.8513 	EXP 	polygon_2: autoDraw = True
3423.9511 	EXP 	Device response: <KeyPress from None: t=3423.950353299995, value=space, duration=None>
3423.9533 	DATA 	Keypress: space
3423.9673 	EXP 	polygon: autoDraw = False
3423.9673 	EXP 	polygon_2: autoDraw = False
3424.0510 	EXP 	Device response: <KeyPress from None: t=3418.6478045000113, value=space, duration=5.397791800001869>
3424.6509 	EXP 	Sound sound_1 reached end of file
3424.6670 	EXP 	Playing sound sound_1 on speaker Speaker (Realtek(R) Audio)
3424.9616 	EXP 	Sound sound_1 stopped
3424.9690 	EXP 	text: autoDraw = True
3424.9690 	EXP 	textbox: autoDraw = True
3426.0878 	DATA 	Keypress: 7
3426.1001 	EXP 	Device response: <KeyPress from None: t=3426.0864899000153, value=7, duration=None>
3426.2001 	EXP 	Device response: <KeyPress from None: t=3426.0864899000153, value=7, duration=0.10020869999425486>
3426.2671 	DATA 	Keypress: 9
3426.2685 	EXP 	Device response: <KeyPress from None: t=3426.255150800018, value=9, duration=None>
3426.3003 	DATA 	Keypress: 8
3426.3011 	EXP 	Device response: <KeyPress from None: t=3426.2992633999966, value=8, duration=None>
3426.3512 	EXP 	Device response: <KeyPress from None: t=3426.255150800018, value=9, duration=0.0886737999971956>
3426.3848 	EXP 	Device response: <KeyPress from None: t=3426.2992633999966, value=8, duration=0.07829200002015568>
3427.1368 	DATA 	Mouse: Left button down, pos=(970,220)
3427.1507 	EXP 	New trial (rep=29, index=7): <Trial 355 (7 in rep 29) data={'delay': 0.4, 'freq': 1000, 'condition': 'exp', 'thisN': 355, 'thisTrialN': 7, 'thisRepN': 29}>
3427.1660 	EXP 	text: autoDraw = False
3427.1660 	EXP 	textbox: autoDraw = False
3427.1660 	EXP 	polygon: autoDraw = True
3427.3341 	DATA 	Mouse:  Left button up, pos=(970,220)
3427.3845 	DATA 	Mouse: Left button down, pos=(970,220)
3427.5518 	DATA 	Mouse:  Left button up, pos=(970,220)
3428.1662 	INFO 	Keyboard events cleared
3428.1660 	EXP 	polygon: autoDraw = False
3428.1660 	EXP 	polygon_2: autoDraw = True
3429.4159 	EXP 	Device response: <KeyPress from None: t=3429.4113836000033, value=space, duration=None>
3429.4181 	DATA 	Keypress: space
3429.4320 	EXP 	polygon: autoDraw = False
3429.4320 	EXP 	polygon_2: autoDraw = False
3429.4992 	EXP 	Device response: <KeyPress from None: t=3423.950353299995, value=space, duration=5.538653299998259>
3429.7990 	EXP 	Sound sound_1 reached end of file
3429.8153 	EXP 	Playing sound sound_1 on speaker Speaker (Realtek(R) Audio)
3430.1149 	EXP 	Sound sound_1 stopped
3430.1215 	EXP 	text: autoDraw = True
3430.1215 	EXP 	textbox: autoDraw = True
3430.5490 	DATA 	Keypress: 3
3430.5505 	EXP 	Device response: <KeyPress from None: t=3430.547468500008, value=3, duration=None>
3430.6331 	EXP 	Device response: <KeyPress from None: t=3430.547468500008, value=3, duration=0.07565230000182055>
3430.7319 	DATA 	Keypress: 2
3430.7338 	EXP 	Device response: <KeyPress from None: t=3430.7311772000103, value=2, duration=None>
3430.8323 	EXP 	Device response: <KeyPress from None: t=3430.7311772000103, value=2, duration=0.08843269999488257>
3430.9324 	DATA 	Keypress: 1
3430.9338 	EXP 	Device response: <KeyPress from None: t=3430.926727400016, value=1, duration=None>
3431.0154 	EXP 	Device response: <KeyPress from None: t=3430.926727400016, value=1, duration=0.07213129999581724>
3431.7680 	DATA 	Mouse: Left button down, pos=(970,220)
3431.7821 	EXP 	New trial (rep=29, index=8): <Trial 356 (8 in rep 29) data={'delay': 0.7, 'freq': 1000, 'condition': 'exp', 'thisN': 356, 'thisTrialN': 8, 'thisRepN': 29}>
3431.7980 	EXP 	text: autoDraw = False
3431.7980 	EXP 	textbox: autoDraw = False
3431.7980 	EXP 	polygon: autoDraw = True
3431.9995 	DATA 	Mouse:  Left button up, pos=(970,220)
3432.6325 	DATA 	Keypress: space
3432.6481 	EXP 	Device response: <KeyPress from None: t=3432.630752500001, value=space, duration=None>
3432.6815 	EXP 	Device response: <KeyPress from None: t=3429.4113836000033, value=space, duration=3.269454399996903>
3432.7980 	INFO 	Keyboard events cleared
3432.7978 	EXP 	polygon: autoDraw = False
3432.7978 	EXP 	polygon_2: autoDraw = True
3433.2314 	EXP 	Device response: <KeyPress from None: t=3433.2173919000197, value=space, duration=None>
3433.2334 	DATA 	Keypress: space
3433.2475 	EXP 	polygon: autoDraw = False
3433.2475 	EXP 	polygon_2: autoDraw = False
3433.2811 	EXP 	Device response: <KeyPress from None: t=3432.630752500001, value=space, duration=0.6488452000194229>
3433.9308 	EXP 	Sound sound_1 reached end of file
3433.9472 	EXP 	Playing sound sound_1 on speaker Speaker (Realtek(R) Audio)
3434.0811 	EXP 	Device response: <KeyPress from None: t=3434.0678076000186, value=8, duration=None>
3434.0819 	DATA 	Keypress: 8
3434.1644 	EXP 	Device response: <KeyPress from None: t=3434.0678076000186, value=8, duration=0.083370999986073>
3434.2439 	EXP 	Sound sound_1 stopped
3434.2483 	DATA 	Keypress: 8
3434.2513 	EXP 	text: autoDraw = True
3434.2513 	EXP 	textbox: autoDraw = True
3434.2516 	EXP 	Device response: <KeyPress from None: t=3434.246776200016, value=8, duration=None>
3434.3640 	EXP 	Device response: <KeyPress from None: t=3434.246776200016, value=8, duration=0.10514410000178032>
3434.8026 	DATA 	Keypress: 7
3434.8140 	EXP 	Device response: <KeyPress from None: t=3434.8019197999965, value=7, duration=None>
3434.8823 	EXP 	Device response: <KeyPress from None: t=3434.8019197999965, value=7, duration=0.0785201000107918>
3435.8469 	DATA 	Keypress: 6
3435.8475 	EXP 	Device response: <KeyPress from None: t=3435.8436121999985, value=6, duration=None>
3435.9635 	EXP 	Device response: <KeyPress from None: t=3435.8436121999985, value=6, duration=0.10475379999843426>
3437.0968 	DATA 	Mouse: Left button down, pos=(970,220)
3437.0977 	EXP 	New trial (rep=29, index=9): <Trial 357 (9 in rep 29) data={'delay': 0.7, 'freq': 1000, 'condition': 'exp', 'thisN': 357, 'thisTrialN': 9, 'thisRepN': 29}>
3437.1128 	EXP 	text: autoDraw = False
3437.1128 	EXP 	textbox: autoDraw = False
3437.1128 	EXP 	polygon: autoDraw = True
3437.3310 	DATA 	Mouse:  Left button up, pos=(970,220)
3437.4965 	EXP 	Device response: <KeyPress from None: t=3437.4840784000116, value=space, duration=None>
3437.4976 	DATA 	Keypress: space
3437.5297 	EXP 	Device response: <KeyPress from None: t=3433.2173919000197, value=space, duration=4.309915299993008>
3437.8798 	EXP 	Device response: <KeyPress from None: t=3437.8675031000166, value=space, duration=None>
3437.8809 	DATA 	Keypress: space
3437.9468 	EXP 	Device response: <KeyPress from None: t=3437.4840784000116, value=space, duration=0.4514898000052199>
3438.1123 	INFO 	Keyboard events cleared
3438.1122 	EXP 	polygon: autoDraw = False
3438.1122 	EXP 	polygon_2: autoDraw = True
3439.0793 	EXP 	Device response: <KeyPress from None: t=3439.0753018000105, value=space, duration=None>
3439.0814 	DATA 	Keypress: space
3439.0956 	EXP 	polygon: autoDraw = False
3439.0956 	EXP 	polygon_2: autoDraw = False
3439.1454 	EXP 	Device response: <KeyPress from None: t=3437.8675031000166, value=space, duration=1.2631173999980092>
3439.7624 	EXP 	Sound sound_1 reached end of file
3439.7787 	EXP 	Playing sound sound_1 on speaker Speaker (Realtek(R) Audio)
3440.0772 	EXP 	Sound sound_1 stopped
3440.0829 	EXP 	text: autoDraw = True
3440.0829 	EXP 	textbox: autoDraw = True
3440.4631 	DATA 	Keypress: 5
3440.4648 	EXP 	Device response: <KeyPress from None: t=3440.4525039000146, value=5, duration=None>
3440.5785 	EXP 	Device response: <KeyPress from None: t=3440.4525039000146, value=5, duration=0.11087259999476373>
3440.6954 	DATA 	Keypress: 4
3440.6962 	EXP 	Device response: <KeyPress from None: t=3440.687078100018, value=4, duration=None>
3440.7956 	DATA 	Keypress: 6
3440.7980 	EXP 	Device response: <KeyPress from None: t=3440.687078100018, value=4, duration=0.09406709999893792>
3440.7980 	EXP 	Device response: <KeyPress from None: t=3440.7916743000096, value=6, duration=None>
3440.9291 	EXP 	Device response: <KeyPress from None: t=3440.7916743000096, value=6, duration=0.13286670000525191>
3441.6821 	DATA 	Mouse: Left button down, pos=(970,220)
3441.6954 	EXP 	New trial (rep=29, index=10): <Trial 358 (10 in rep 29) data={'delay': 0.4, 'freq': 1000, 'condition': 'exp', 'thisN': 358, 'thisTrialN': 10, 'thisRepN': 29}>
3441.7114 	EXP 	text: autoDraw = False
3441.7114 	EXP 	textbox: autoDraw = False
3441.7114 	EXP 	polygon: autoDraw = True
3441.9126 	DATA 	Mouse:  Left button up, pos=(970,220)
3442.6109 	EXP 	Device response: <KeyPress from None: t=3442.607497399993, value=space, duration=None>
3442.6114 	DATA 	Keypress: space
3442.6949 	EXP 	Device response: <KeyPress from None: t=3439.0753018000105, value=space, duration=3.6055847000097856>
3442.7111 	INFO 	Keyboard events cleared
3442.7110 	EXP 	polygon: autoDraw = False
3442.7110 	EXP 	polygon_2: autoDraw = True
3443.0446 	EXP 	Device response: <KeyPress from None: t=3443.0319485999935, value=space, duration=None>
3443.0467 	DATA 	Keypress: space
3443.0607 	EXP 	polygon: autoDraw = False
3443.0607 	EXP 	polygon_2: autoDraw = False
3443.1280 	EXP 	Device response: <KeyPress from None: t=3442.607497399993, value=space, duration=0.5087778000161052>
3443.4279 	EXP 	Sound sound_1 reached end of file
3443.4443 	EXP 	Playing sound sound_1 on speaker Speaker (Realtek(R) Audio)
3443.7418 	EXP 	Sound sound_1 stopped
3443.7477 	EXP 	text: autoDraw = True
3443.7477 	EXP 	textbox: autoDraw = True
3444.0276 	DATA 	Keypress: 8
3444.0284 	EXP 	Device response: <KeyPress from None: t=3444.0210955000075, value=8, duration=None>
3444.1275 	EXP 	Device response: <KeyPress from None: t=3444.0210955000075, value=8, duration=0.09349820000352338>
3444.6941 	DATA 	Keypress: 7
3444.6949 	EXP 	Device response: <KeyPress from None: t=3444.6851324000163, value=7, duration=None>
3444.8277 	EXP 	Device response: <KeyPress from None: t=3444.6851324000163, value=7, duration=0.13280669998493977>
3444.9942 	DATA 	Keypress: 6
3444.9963 	EXP 	Device response: <KeyPress from None: t=3444.9910731000127, value=6, duration=None>
3445.1441 	EXP 	Device response: <KeyPress from None: t=3444.9910731000127, value=6, duration=0.13908490000176243>
3446.2602 	DATA 	Mouse: Left button down, pos=(970,220)
3446.2607 	EXP 	New trial (rep=29, index=11): <Trial 359 (11 in rep 29) data={'delay': 0.4, 'freq': 400, 'condition': 'unexp', 'thisN': 359, 'thisTrialN': 11, 'thisRepN': 29}>
3446.2763 	EXP 	text: autoDraw = False
3446.2763 	EXP 	textbox: autoDraw = False
3446.2763 	EXP 	polygon: autoDraw = True
3446.4944 	DATA 	Mouse:  Left button up, pos=(970,220)
3446.6936 	EXP 	Device response: <KeyPress from None: t=3446.689501500019, value=space, duration=None>
3446.6947 	DATA 	Keypress: space
3446.7933 	EXP 	Device response: <KeyPress from None: t=3443.0319485999935, value=space, duration=3.757370700011961>
3447.2763 	INFO 	Keyboard events cleared
3447.2762 	EXP 	polygon: autoDraw = False
3447.2762 	EXP 	polygon_2: autoDraw = True
3448.8594 	EXP 	Device response: <KeyPress from None: t=3448.844419400004, value=space, duration=None>
3448.8616 	DATA 	Keypress: space
3448.8756 	EXP 	polygon: autoDraw = False
3448.8756 	EXP 	polygon_2: autoDraw = False
3448.9426 	EXP 	Device response: <KeyPress from None: t=3446.689501500019, value=space, duration=2.2442220999801066>
3449.2587 	EXP 	Sound sound_1 reached end of file
3449.2751 	EXP 	Playing sound sound_1 on speaker Speaker (Realtek(R) Audio)
3449.5725 	EXP 	Sound sound_1 stopped
3449.5795 	EXP 	text: autoDraw = True
3449.5795 	EXP 	textbox: autoDraw = True
3450.3253 	DATA 	Keypress: 2
3450.3268 	EXP 	Device response: <KeyPress from None: t=3450.325038800016, value=2, duration=None>
3450.4768 	EXP 	Device response: <KeyPress from None: t=3450.325038800016, value=2, duration=0.13929859999916516>
3450.5756 	DATA 	Keypress: 3
3450.5765 	EXP 	Device response: <KeyPress from None: t=3450.574105900014, value=3, duration=None>
3450.6596 	EXP 	Device response: <KeyPress from None: t=3450.574105900014, value=3, duration=0.08193009998649359>
3451.2421 	DATA 	Keypress: 7
3451.2434 	EXP 	Device response: <KeyPress from None: t=3451.233093500021, value=7, duration=None>
3451.3589 	EXP 	Device response: <KeyPress from None: t=3451.233093500021, value=7, duration=0.1172270999813918>
3452.5109 	DATA 	Mouse: Left button down, pos=(970,220)
3452.5248 	EXP 	New trial (rep=30, index=0): <Trial 360 (0 in rep 30) data={'delay': 0.4, 'freq': 1000, 'condition': 'exp', 'thisN': 360, 'thisTrialN': 0, 'thisRepN': 30}>
3452.5410 	EXP 	text: autoDraw = False
3452.5410 	EXP 	textbox: autoDraw = False
3452.5410 	EXP 	polygon: autoDraw = True
3452.7428 	DATA 	Mouse:  Left button up, pos=(970,220)
3453.5243 	INFO 	Keyboard events cleared
3453.5241 	EXP 	polygon_2: autoDraw = True
3453.5408 	EXP 	polygon: autoDraw = False
3453.8577 	EXP 	Device response: <KeyPress from None: t=3453.851570300001, value=space, duration=None>
3453.8596 	DATA 	Keypress: space
3453.8739 	EXP 	polygon: autoDraw = False
3453.8739 	EXP 	polygon_2: autoDraw = False
3453.9243 	EXP 	Device response: <KeyPress from None: t=3448.844419400004, value=space, duration=5.062874199997168>
3454.2409 	EXP 	Sound sound_1 reached end of file
3454.2573 	EXP 	Playing sound sound_1 on speaker Speaker (Realtek(R) Audio)
3454.5562 	EXP 	Sound sound_1 stopped
3454.5634 	EXP 	text: autoDraw = True
3454.5634 	EXP 	textbox: autoDraw = True
3455.1412 	DATA 	Keypress: 8
3455.1422 	EXP 	Device response: <KeyPress from None: t=3455.1391945000214, value=8, duration=None>
3455.2749 	EXP 	Device response: <KeyPress from None: t=3455.1391945000214, value=8, duration=0.1229962999932468>
3455.5238 	DATA 	Keypress: 3
3455.5256 	EXP 	Device response: <KeyPress from None: t=3455.5209198000084, value=3, duration=None>
3455.6246 	EXP 	Device response: <KeyPress from None: t=3455.5209198000084, value=3, duration=0.1004086000029929>
3455.7735 	DATA 	Keypress: 7
3455.7750 	EXP 	Device response: <KeyPress from None: t=3455.7712191000173, value=7, duration=None>
3455.9080 	EXP 	Device response: <KeyPress from None: t=3455.7712191000173, value=7, duration=0.1267844999965746>
3456.9900 	DATA 	Mouse: Left button down, pos=(970,220)
3456.9905 	EXP 	New trial (rep=30, index=1): <Trial 361 (1 in rep 30) data={'delay': 0.1, 'freq': 400, 'condition': 'unexp', 'thisN': 361, 'thisTrialN': 1, 'thisRepN': 30}>
3457.0061 	EXP 	text: autoDraw = False
3457.0061 	EXP 	textbox: autoDraw = False
3457.0061 	EXP 	polygon: autoDraw = True
3457.2241 	DATA 	Mouse:  Left button up, pos=(970,220)
3457.4564 	EXP 	Device response: <KeyPress from None: t=3457.454748899996, value=space, duration=None>
3457.4575 	DATA 	Keypress: space
3457.5229 	EXP 	Device response: <KeyPress from None: t=3453.851570300001, value=space, duration=3.6590117000159808>
3458.0061 	INFO 	Keyboard events cleared
3458.0060 	EXP 	polygon: autoDraw = False
3458.0060 	EXP 	polygon_2: autoDraw = True
3458.0396 	EXP 	Device response: <KeyPress from None: t=3458.0252600999956, value=space, duration=None>
3458.0417 	DATA 	Keypress: space
3458.0558 	EXP 	polygon: autoDraw = False
3458.0558 	EXP 	polygon_2: autoDraw = False
3458.0894 	EXP 	Device response: <KeyPress from None: t=3457.454748899996, value=space, duration=0.6189997000037692>
3458.1227 	EXP 	Sound sound_1 reached end of file
3458.1390 	EXP 	Playing sound sound_1 on speaker Speaker (Realtek(R) Audio)
3458.4325 	EXP 	Sound sound_1 stopped
3458.4433 	EXP 	text: autoDraw = True
3458.4433 	EXP 	textbox: autoDraw = True
3458.8430 	DATA 	Keypress: 6
3458.8558 	EXP 	Device response: <KeyPress from None: t=3458.8423033000145, value=6, duration=None>
3458.9562 	EXP 	Device response: <KeyPress from None: t=3458.8423033000145, value=6, duration=0.10073849998298101>
3459.0100 	DATA 	Keypress: 7
3459.0222 	EXP 	Device response: <KeyPress from None: t=3459.009476700012, value=7, duration=None>
3459.0620 	DATA 	Keypress: 5
3459.0724 	EXP 	Device response: <KeyPress from None: t=3459.0598082000215, value=5, duration=None>
3459.1390 	EXP 	Device response: <KeyPress from None: t=3459.009476700012, value=7, duration=0.11614339999505319>
3459.1565 	EXP 	Device response: <KeyPress from None: t=3459.0598082000215, value=5, duration=0.08822279999731109>
3460.3055 	DATA 	Mouse: Left button down, pos=(970,220)
3460.3066 	EXP 	New trial (rep=30, index=2): <Trial 362 (2 in rep 30) data={'delay': 0.1, 'freq': 1000, 'condition': 'exp', 'thisN': 362, 'thisTrialN': 2, 'thisRepN': 30}>
3460.3217 	EXP 	text: autoDraw = False
3460.3217 	EXP 	textbox: autoDraw = False
3460.3217 	EXP 	polygon: autoDraw = True
3460.5392 	DATA 	Mouse:  Left button up, pos=(970,220)
3461.0221 	EXP 	Device response: <KeyPress from None: t=3461.0069341000053, value=space, duration=None>
3461.0235 	DATA 	Keypress: space
3461.0717 	EXP 	Device response: <KeyPress from None: t=3458.0252600999956, value=space, duration=3.0445735000248533>
3461.3049 	INFO 	Keyboard events cleared
3461.3047 	EXP 	polygon_2: autoDraw = True
3461.3215 	EXP 	polygon: autoDraw = False
3461.6545 	EXP 	Device response: <KeyPress from None: t=3461.643568700005, value=space, duration=None>
3461.6553 	DATA 	Keypress: space
3461.6710 	EXP 	polygon: autoDraw = False
3461.6710 	EXP 	polygon_2: autoDraw = False
3461.7216 	EXP 	Device response: <KeyPress from None: t=3461.0069341000053, value=space, duration=0.6985803999996278>
3461.7383 	EXP 	Sound sound_1 reached end of file
3461.7547 	EXP 	Playing sound sound_1 on speaker Speaker (Realtek(R) Audio)
3462.0544 	EXP 	Sound sound_1 stopped
3462.0604 	EXP 	text: autoDraw = True
3462.0604 	EXP 	textbox: autoDraw = True
3462.6713 	DATA 	Keypress: 1
3462.6728 	EXP 	Device response: <KeyPress from None: t=3462.6659369000117, value=1, duration=None>
3462.7712 	EXP 	Device response: <KeyPress from None: t=3462.6659369000117, value=1, duration=0.09973990000435151>
3462.8421 	DATA 	Keypress: 2
3462.8545 	EXP 	Device response: <KeyPress from None: t=3462.8412049000035, value=2, duration=None>
3462.9887 	EXP 	Device response: <KeyPress from None: t=3462.8412049000035, value=2, duration=0.1394397999974899>
3463.2546 	DATA 	Keypress: 9
3463.2565 	EXP 	Device response: <KeyPress from None: t=3463.252546500007, value=9, duration=None>
3463.2711 	DATA 	Keypress: i
3463.2791 	EXP 	Device response: <KeyPress from None: t=3463.263157300011, value=i, duration=None>
3463.3718 	EXP 	Device response: <KeyPress from None: t=3463.263157300011, value=i, duration=0.10041899999487214>
3463.3887 	EXP 	Device response: <KeyPress from None: t=3463.252546500007, value=9, duration=0.1283083999878727>
3463.8540 	DATA 	Keypress: backspace
3463.8548 	EXP 	Device response: <KeyPress from None: t=3463.850841800013, value=backspace, duration=None>
3464.0061 	EXP 	Device response: <KeyPress from None: t=3463.850841800013, value=backspace, duration=0.14381300000241026>
3464.2755 	DATA 	Mouse: Left button down, pos=(970,220)
3464.2876 	EXP 	New trial (rep=30, index=3): <Trial 363 (3 in rep 30) data={'delay': 0.1, 'freq': 1000, 'condition': 'exp', 'thisN': 363, 'thisTrialN': 3, 'thisRepN': 30}>
3464.3039 	EXP 	text: autoDraw = False
3464.3039 	EXP 	textbox: autoDraw = False
3464.3039 	EXP 	polygon: autoDraw = True
3464.5055 	DATA 	Mouse:  Left button up, pos=(970,220)
3464.5720 	DATA 	Mouse: Left button down, pos=(970,220)
3464.7217 	DATA 	Mouse:  Left button up, pos=(970,220)
3465.2216 	DATA 	Keypress: space
3465.2370 	EXP 	Device response: <KeyPress from None: t=3465.2205646999937, value=space, duration=None>
3465.2870 	INFO 	Keyboard events cleared
3465.2869 	EXP 	polygon_2: autoDraw = True
3465.3034 	EXP 	polygon: autoDraw = False
3465.3539 	EXP 	Device response: <KeyPress from None: t=3461.643568700005, value=space, duration=3.6940686000161804>
3465.9369 	EXP 	Device response: <KeyPress from None: t=3465.9261646000086, value=space, duration=None>
3465.9389 	DATA 	Keypress: space
3465.9530 	EXP 	polygon: autoDraw = False
3465.9530 	EXP 	polygon_2: autoDraw = False
3465.9867 	EXP 	Device response: <KeyPress from None: t=3465.2205646999937, value=space, duration=0.7512704000109807>
3466.0198 	EXP 	Sound sound_1 reached end of file
3466.0362 	EXP 	Playing sound sound_1 on speaker Speaker (Realtek(R) Audio)
3466.3330 	EXP 	Sound sound_1 stopped
3466.3394 	EXP 	text: autoDraw = True
3466.3394 	EXP 	textbox: autoDraw = True
3466.7367 	DATA 	Keypress: 7
3466.7374 	EXP 	Device response: <KeyPress from None: t=3466.7279409000184, value=7, duration=None>
3466.8045 	EXP 	Device response: <KeyPress from None: t=3466.7279409000184, value=7, duration=0.0721643999859225>
3467.0072 	DATA 	Keypress: 7
3467.0201 	EXP 	Device response: <KeyPress from None: t=3467.0066802999936, value=7, duration=None>
3467.1030 	EXP 	Device response: <KeyPress from None: t=3467.0066802999936, value=7, duration=0.08297300001140684>
3467.2724 	DATA 	Keypress: 6
3467.2865 	EXP 	Device response: <KeyPress from None: t=3467.2718615000194, value=6, duration=None>
3467.3706 	EXP 	Device response: <KeyPress from None: t=3467.2718615000194, value=6, duration=0.08930949997738935>
3468.2729 	DATA 	Mouse: Left button down, pos=(970,220)
3468.2865 	EXP 	New trial (rep=30, index=4): <Trial 364 (4 in rep 30) data={'delay': 0.7, 'freq': 1000, 'condition': 'exp', 'thisN': 364, 'thisTrialN': 4, 'thisRepN': 30}>
3468.3021 	EXP 	text: autoDraw = False
3468.3021 	EXP 	textbox: autoDraw = False
3468.3021 	EXP 	polygon: autoDraw = True
3468.4871 	DATA 	Mouse:  Left button up, pos=(970,220)
3468.5371 	DATA 	Mouse: Left button down, pos=(970,220)
3468.7038 	DATA 	Mouse:  Left button up, pos=(970,220)
3468.9028 	EXP 	Device response: <KeyPress from None: t=3468.8940736000077, value=space, duration=None>
3468.9039 	DATA 	Keypress: space
3468.9524 	EXP 	Device response: <KeyPress from None: t=3465.9261646000086, value=space, duration=3.0230688999872655>
3469.3020 	INFO 	Keyboard events cleared
3469.3019 	EXP 	polygon: autoDraw = False
3469.3019 	EXP 	polygon_2: autoDraw = True
3469.3854 	EXP 	Device response: <KeyPress from None: t=3469.381742700003, value=space, duration=None>
3469.3871 	DATA 	Keypress: space
3469.4015 	EXP 	polygon: autoDraw = False
3469.4015 	EXP 	polygon_2: autoDraw = False
3469.4352 	EXP 	Device response: <KeyPress from None: t=3468.8940736000077, value=space, duration=0.5371824000030756>
3470.0688 	EXP 	Sound sound_1 reached end of file
3470.0851 	EXP 	Playing sound sound_1 on speaker Speaker (Realtek(R) Audio)
3470.3355 	EXP 	Device response: <KeyPress from None: t=3470.322136300005, value=4, duration=None>
3470.3364 	DATA 	Keypress: 4
3470.3844 	EXP 	Sound sound_1 stopped
3470.3917 	EXP 	text: autoDraw = True
3470.3917 	EXP 	textbox: autoDraw = True
3470.4355 	EXP 	Device response: <KeyPress from None: t=3470.322136300005, value=4, duration=0.1007089999911841>
3470.4856 	DATA 	Keypress: 5
3470.4862 	EXP 	Device response: <KeyPress from None: t=3470.485059300001, value=5, duration=None>
3470.6191 	EXP 	Device response: <KeyPress from None: t=3470.485059300001, value=5, duration=0.1278842000174336>
3470.8188 	DATA 	Keypress: 6
3470.8203 	EXP 	Device response: <KeyPress from None: t=3470.8126823000202, value=6, duration=None>
3470.9197 	EXP 	Device response: <KeyPress from None: t=3470.8126823000202, value=6, duration=0.10518529999535531>
3471.4521 	DATA 	Keypress: 8
3471.4541 	EXP 	Device response: <KeyPress from None: t=3471.4503540000005, value=8, duration=None>
3471.6517 	EXP 	Device response: <KeyPress from None: t=3471.4503540000005, value=8, duration=0.1930898000136949>
3472.7013 	DATA 	Mouse: Left button down, pos=(970,220)
3472.7019 	EXP 	New trial (rep=30, index=5): <Trial 365 (5 in rep 30) data={'delay': 0.4, 'freq': 400, 'condition': 'unexp', 'thisN': 365, 'thisTrialN': 5, 'thisRepN': 30}>
3472.7173 	EXP 	text: autoDraw = False
3472.7173 	EXP 	textbox: autoDraw = False
3472.7173 	EXP 	polygon: autoDraw = True
3472.9191 	DATA 	Mouse:  Left button up, pos=(970,220)
3473.6343 	EXP 	Device response: <KeyPress from None: t=3473.62165310001, value=space, duration=None>
3473.6354 	DATA 	Keypress: space
3473.6842 	EXP 	Device response: <KeyPress from None: t=3469.381742700003, value=space, duration=4.296155699994415>
3473.7173 	INFO 	Keyboard events cleared
3473.7171 	EXP 	polygon: autoDraw = False
3473.7171 	EXP 	polygon_2: autoDraw = True
3474.2010 	EXP 	Device response: <KeyPress from None: t=3474.1860287000018, value=space, duration=None>
3474.2031 	DATA 	Keypress: space
3474.2169 	EXP 	polygon: autoDraw = False
3474.2169 	EXP 	polygon_2: autoDraw = False
3474.2509 	EXP 	Device response: <KeyPress from None: t=3473.62165310001, value=space, duration=0.616263700008858>
3474.5841 	EXP 	Sound sound_1 reached end of file
3474.6004 	EXP 	Playing sound sound_1 on speaker Speaker (Realtek(R) Audio)
3474.8931 	EXP 	Sound sound_1 stopped
3474.9003 	EXP 	text: autoDraw = True
3474.9003 	EXP 	textbox: autoDraw = True
3475.8337 	DATA 	Keypress: 7
3475.8353 	EXP 	Device response: <KeyPress from None: t=3475.8221191000193, value=7, duration=None>
3475.9679 	DATA 	Keypress: 9
3475.9698 	EXP 	Device response: <KeyPress from None: t=3475.8221191000193, value=7, duration=0.13345339999068528>
3475.9699 	EXP 	Device response: <KeyPress from None: t=3475.9662330000137, value=9, duration=None>
3476.1167 	EXP 	Device response: <KeyPress from None: t=3475.9662330000137, value=9, duration=0.1379917000012938>
3476.2335 	DATA 	Keypress: 8
3476.2343 	EXP 	Device response: <KeyPress from None: t=3476.2209730000177, value=8, duration=None>
3476.3665 	EXP 	Device response: <KeyPress from None: t=3476.2209730000177, value=8, duration=0.13311090000206605>
3477.3831 	DATA 	Mouse: Left button down, pos=(970,220)
3477.3839 	EXP 	New trial (rep=30, index=6): <Trial 366 (6 in rep 30) data={'delay': 0.7, 'freq': 400, 'condition': 'unexp', 'thisN': 366, 'thisTrialN': 6, 'thisRepN': 30}>
3477.3992 	EXP 	text: autoDraw = False
3477.3992 	EXP 	textbox: autoDraw = False
3477.3992 	EXP 	polygon: autoDraw = True
3477.6174 	DATA 	Mouse:  Left button up, pos=(970,220)
3477.8163 	EXP 	Device response: <KeyPress from None: t=3477.8062117999943, value=space, duration=None>
3477.8174 	DATA 	Keypress: space
3477.8663 	EXP 	Device response: <KeyPress from None: t=3474.1860287000018, value=space, duration=3.665287400013767>
3478.2822 	EXP 	Device response: <KeyPress from None: t=3478.274225800007, value=space, duration=None>
3478.2827 	DATA 	Keypress: space
3478.3323 	EXP 	Device response: <KeyPress from None: t=3477.8062117999943, value=space, duration=0.5166315000096802>
3478.3992 	INFO 	Keyboard events cleared
3478.3990 	EXP 	polygon: autoDraw = False
3478.3990 	EXP 	polygon_2: autoDraw = True
3478.9824 	EXP 	Device response: <KeyPress from None: t=3478.9722646000155, value=space, duration=None>
3478.9846 	DATA 	Keypress: space
3478.9988 	EXP 	polygon: autoDraw = False
3478.9988 	EXP 	polygon_2: autoDraw = False
3479.0323 	EXP 	Device response: <KeyPress from None: t=3478.274225800007, value=space, duration=0.7427584000106435>
3479.6655 	EXP 	Sound sound_1 reached end of file
3479.6818 	EXP 	Playing sound sound_1 on speaker Speaker (Realtek(R) Audio)
3479.8989 	EXP 	Device response: <KeyPress from None: t=3479.8843439000193, value=4, duration=None>
3479.9004 	DATA 	Keypress: 4
3479.9820 	EXP 	Sound sound_1 stopped
3479.9926 	EXP 	text: autoDraw = True
3479.9926 	EXP 	textbox: autoDraw = True
3479.9929 	EXP 	Device response: <KeyPress from None: t=3479.8843439000193, value=4, duration=0.1016743999789469>
3480.0827 	DATA 	Keypress: 5
3480.0840 	EXP 	Device response: <KeyPress from None: t=3480.078682799998, value=5, duration=None>
3480.1989 	EXP 	Device response: <KeyPress from None: t=3480.078682799998, value=5, duration=0.10459840000839904>
3480.3010 	DATA 	Keypress: 8
3480.3155 	EXP 	Device response: <KeyPress from None: t=3480.2992563000007, value=8, duration=None>
3480.4489 	EXP 	Device response: <KeyPress from None: t=3480.2992563000007, value=8, duration=0.13926230001379736>
3482.3315 	DATA 	Mouse: Left button down, pos=(970,220)
3482.3321 	EXP 	New trial (rep=30, index=7): <Trial 367 (7 in rep 30) data={'delay': 0.4, 'freq': 1000, 'condition': 'exp', 'thisN': 367, 'thisTrialN': 7, 'thisRepN': 30}>
3482.3474 	EXP 	text: autoDraw = False
3482.3474 	EXP 	textbox: autoDraw = False
3482.3474 	EXP 	polygon: autoDraw = True
3482.5486 	DATA 	Mouse:  Left button up, pos=(970,220)
3483.3475 	INFO 	Keyboard events cleared
3483.3474 	EXP 	polygon: autoDraw = False
3483.3474 	EXP 	polygon_2: autoDraw = True
3484.1975 	EXP 	Device response: <KeyPress from None: t=3484.1856346999994, value=space, duration=None>
3484.1995 	DATA 	Keypress: space
3484.2135 	EXP 	polygon: autoDraw = False
3484.2135 	EXP 	polygon_2: autoDraw = False
3484.2974 	EXP 	Device response: <KeyPress from None: t=3478.9722646000155, value=space, duration=5.313523399992846>
3484.5804 	EXP 	Sound sound_1 reached end of file
3484.5967 	EXP 	Playing sound sound_1 on speaker Speaker (Realtek(R) Audio)
3484.8956 	EXP 	Sound sound_1 stopped
3484.9034 	EXP 	text: autoDraw = True
3484.9034 	EXP 	textbox: autoDraw = True
3487.2134 	DATA 	Keypress: 6
3487.2141 	EXP 	Device response: <KeyPress from None: t=3487.2129115000134, value=6, duration=None>
3487.3130 	EXP 	Device response: <KeyPress from None: t=3487.2129115000134, value=6, duration=0.0994518999941647>
3487.4964 	DATA 	Keypress: 5
3487.4971 	DATA 	Keypress: 7
3487.4982 	EXP 	Device response: <KeyPress from None: t=3487.4861280000187, value=5, duration=None>
3487.4982 	EXP 	Device response: <KeyPress from None: t=3487.487058300001, value=7, duration=None>
3487.5820 	EXP 	Device response: <KeyPress from None: t=3487.487058300001, value=7, duration=0.09251240000594407>
3487.6126 	EXP 	Device response: <KeyPress from None: t=3487.4861280000187, value=5, duration=0.11055029998533428>
3490.6957 	DATA 	Mouse: Left button down, pos=(975,248)
3490.6962 	EXP 	New trial (rep=30, index=8): <Trial 368 (8 in rep 30) data={'delay': 0.1, 'freq': 1000, 'condition': 'exp', 'thisN': 368, 'thisTrialN': 8, 'thisRepN': 30}>
3490.7114 	EXP 	text: autoDraw = False
3490.7114 	EXP 	textbox: autoDraw = False
3490.7114 	EXP 	polygon: autoDraw = True
3490.9296 	DATA 	Mouse:  Left button up, pos=(975,248)
3491.7111 	INFO 	Keyboard events cleared
3491.7110 	EXP 	polygon: autoDraw = False
3491.7110 	EXP 	polygon_2: autoDraw = True
3492.7442 	EXP 	Device response: <KeyPress from None: t=3492.7371596000157, value=space, duration=None>
3492.7450 	DATA 	Keypress: space
3492.7605 	EXP 	polygon: autoDraw = False
3492.7605 	EXP 	polygon_2: autoDraw = False
3492.8274 	EXP 	Sound sound_1 reached end of file
3492.8439 	EXP 	Playing sound sound_1 on speaker Speaker (Realtek(R) Audio)
3492.8444 	EXP 	Device response: <KeyPress from None: t=3484.1856346999994, value=space, duration=8.645741400017869>
3493.1433 	EXP 	Sound sound_1 stopped
3493.1501 	EXP 	text: autoDraw = True
3493.1501 	EXP 	textbox: autoDraw = True
3563.5708 	DATA 	Keypress: 6
3563.5715 	EXP 	Device response: <KeyPress from None: t=3563.5672411000123, value=6, duration=None>
3563.6871 	EXP 	Device response: <KeyPress from None: t=3563.5672411000123, value=6, duration=0.10602279999875464>
3563.7537 	DATA 	Keypress: 7
3563.7543 	EXP 	Device response: <KeyPress from None: t=3563.7461438000028, value=7, duration=None>
3563.8538 	EXP 	Device response: <KeyPress from None: t=3563.7461438000028, value=7, duration=0.09516460000304505>
3563.9711 	DATA 	Keypress: 8
3563.9724 	EXP 	Device response: <KeyPress from None: t=3563.9609721000015, value=8, duration=None>
3564.0719 	EXP 	Device response: <KeyPress from None: t=3563.9609721000015, value=8, duration=0.10672440001508221>
3565.2202 	DATA 	Mouse: Left button down, pos=(975,248)
3565.2211 	EXP 	New trial (rep=30, index=9): <Trial 369 (9 in rep 30) data={'delay': 0.4, 'freq': 1000, 'condition': 'exp', 'thisN': 369, 'thisTrialN': 9, 'thisRepN': 30}>
3565.2363 	EXP 	text: autoDraw = False
3565.2363 	EXP 	textbox: autoDraw = False
3565.2363 	EXP 	polygon: autoDraw = True
3565.4541 	DATA 	Mouse:  Left button up, pos=(975,248)
3566.2363 	INFO 	Keyboard events cleared
3566.2361 	EXP 	polygon: autoDraw = False
3566.2361 	EXP 	polygon_2: autoDraw = True
3567.3694 	EXP 	Device response: <KeyPress from None: t=3567.359601300006, value=space, duration=None>
3567.3716 	DATA 	Keypress: space
3567.3856 	EXP 	polygon: autoDraw = False
3567.3856 	EXP 	polygon_2: autoDraw = False
3567.4528 	EXP 	Device response: <KeyPress from None: t=3492.7371596000157, value=space, duration=74.70606509997742>
3567.7527 	EXP 	Sound sound_1 reached end of file
3567.7690 	EXP 	Playing sound sound_1 on speaker Speaker (Realtek(R) Audio)
3568.0630 	EXP 	Sound sound_1 stopped
3568.0700 	EXP 	text: autoDraw = True
3568.0700 	EXP 	textbox: autoDraw = True
3568.2523 	DATA 	Keypress: 2
3568.2536 	EXP 	Device response: <KeyPress from None: t=3568.248091799993, value=2, duration=None>
3568.3689 	EXP 	Device response: <KeyPress from None: t=3568.248091799993, value=2, duration=0.10691490001045167>
3568.4525 	DATA 	Keypress: 3
3568.4533 	EXP 	Device response: <KeyPress from None: t=3568.448268600012, value=3, duration=None>
3568.5692 	EXP 	Device response: <KeyPress from None: t=3568.448268600012, value=3, duration=0.10590229998342693>
3568.8523 	DATA 	Keypress: 1
3568.8534 	EXP 	Device response: <KeyPress from None: t=3568.8440979000006, value=1, duration=None>
3568.9190 	EXP 	Device response: <KeyPress from None: t=3568.8440979000006, value=1, duration=0.060838200006401166>
3570.3188 	DATA 	Mouse: Left button down, pos=(970,212)
3570.3198 	EXP 	New trial (rep=30, index=10): <Trial 370 (10 in rep 30) data={'delay': 0.7, 'freq': 1000, 'condition': 'exp', 'thisN': 370, 'thisTrialN': 10, 'thisRepN': 30}>
3570.3345 	EXP 	text: autoDraw = False
3570.3345 	EXP 	textbox: autoDraw = False
3570.3345 	EXP 	polygon: autoDraw = True
3570.5359 	DATA 	Mouse:  Left button up, pos=(970,212)
3571.3345 	INFO 	Keyboard events cleared
3571.3344 	EXP 	polygon: autoDraw = False
3571.3344 	EXP 	polygon_2: autoDraw = True
3571.8845 	EXP 	Device response: <KeyPress from None: t=3571.8830460000027, value=b, duration=None>
3571.8857 	DATA 	Keypress: b
3571.8938 	DATA 	Keypress: space
3571.9013 	EXP 	Device response: <KeyPress from None: t=3571.884153000021, value=space, duration=None>
3571.9173 	EXP 	polygon: autoDraw = False
3571.9173 	EXP 	polygon_2: autoDraw = False
3571.9344 	EXP 	Device response: <KeyPress from None: t=3571.8830460000027, value=b, duration=0.05055559999891557>
3571.9843 	EXP 	Device response: <KeyPress from None: t=3567.359601300006, value=space, duration=4.623139400006039>
3572.6004 	EXP 	Sound sound_1 reached end of file
3572.6168 	EXP 	Playing sound sound_1 on speaker Speaker (Realtek(R) Audio)
3572.9123 	EXP 	Sound sound_1 stopped
3572.9191 	EXP 	text: autoDraw = True
3572.9191 	EXP 	textbox: autoDraw = True
3573.2011 	DATA 	Keypress: 9
3573.2018 	EXP 	Device response: <KeyPress from None: t=3573.192338599998, value=9, duration=None>
3573.2848 	EXP 	Device response: <KeyPress from None: t=3573.192338599998, value=9, duration=0.08941929999855347>
3573.4008 	DATA 	Keypress: 0
3573.4021 	EXP 	Device response: <KeyPress from None: t=3573.391319200018, value=0, duration=None>
3573.4842 	EXP 	Device response: <KeyPress from None: t=3573.391319200018, value=0, duration=0.07779899999150075>
3574.2675 	DATA 	Keypress: 8
3574.2693 	EXP 	Device response: <KeyPress from None: t=3574.2566853000026, value=8, duration=None>
3574.3509 	EXP 	Device response: <KeyPress from None: t=3574.2566853000026, value=8, duration=0.08403480000561103>
3576.0329 	DATA 	Mouse: Left button down, pos=(970,212)
3576.0335 	EXP 	New trial (rep=30, index=11): <Trial 371 (11 in rep 30) data={'delay': 0.7, 'freq': 1000, 'condition': 'exp', 'thisN': 371, 'thisTrialN': 11, 'thisRepN': 30}>
3576.0492 	EXP 	text: autoDraw = False
3576.0492 	EXP 	textbox: autoDraw = False
3576.0492 	EXP 	polygon: autoDraw = True
3576.2519 	DATA 	Mouse:  Left button up, pos=(970,212)
3577.0489 	INFO 	Keyboard events cleared
3577.0488 	EXP 	polygon: autoDraw = False
3577.0488 	EXP 	polygon_2: autoDraw = True
3578.0822 	EXP 	Device response: <KeyPress from None: t=3578.0813993000193, value=space, duration=None>
3578.0842 	DATA 	Keypress: space
3578.0985 	EXP 	polygon: autoDraw = False
3578.0985 	EXP 	polygon_2: autoDraw = False
3578.1656 	EXP 	Device response: <KeyPress from None: t=3571.884153000021, value=space, duration=6.265015699987998>
3578.7656 	EXP 	Sound sound_1 reached end of file
3578.7819 	EXP 	Playing sound sound_1 on speaker Speaker (Realtek(R) Audio)
3579.0809 	EXP 	Sound sound_1 stopped
3579.0878 	EXP 	text: autoDraw = True
3579.0878 	EXP 	textbox: autoDraw = True
3581.0817 	DATA 	Keypress: 4
3581.0828 	EXP 	Device response: <KeyPress from None: t=3581.072664600011, value=4, duration=None>
3581.1662 	EXP 	Device response: <KeyPress from None: t=3581.072664600011, value=4, duration=0.08854699999210425>
3581.2528 	DATA 	Keypress: 3
3581.2648 	EXP 	Device response: <KeyPress from None: t=3581.2511330000125, value=3, duration=None>
3581.3656 	EXP 	Device response: <KeyPress from None: t=3581.2511330000125, value=3, duration=0.10616399999707937>
3581.3814 	DATA 	Keypress: 7
3581.3828 	EXP 	Device response: <KeyPress from None: t=3581.3735515000008, value=7, duration=None>
3581.4978 	EXP 	Device response: <KeyPress from None: t=3581.3735515000008, value=7, duration=0.11109340001712553>
3582.5852 	DATA 	Mouse: Left button down, pos=(970,212)
3582.5981 	EXP 	New trial (rep=31, index=0): <Trial 372 (0 in rep 31) data={'delay': 0.7, 'freq': 400, 'condition': 'unexp', 'thisN': 372, 'thisTrialN': 0, 'thisRepN': 31}>
3582.6137 	EXP 	text: autoDraw = False
3582.6137 	EXP 	textbox: autoDraw = False
3582.6137 	EXP 	polygon: autoDraw = True
3582.8167 	DATA 	Mouse:  Left button up, pos=(970,212)
3583.1309 	EXP 	Device response: <KeyPress from None: t=3583.1203676000005, value=space, duration=None>
3583.1320 	DATA 	Keypress: space
3583.1809 	EXP 	Device response: <KeyPress from None: t=3578.0813993000193, value=space, duration=5.094893000001321>
3583.6137 	INFO 	Keyboard events cleared
3583.6135 	EXP 	polygon: autoDraw = False
3583.6135 	EXP 	polygon_2: autoDraw = True
3586.9309 	DATA 	Keypress: space
3586.9462 	EXP 	Device response: <KeyPress from None: t=3586.9299061000056, value=space, duration=None>
3586.9622 	EXP 	polygon: autoDraw = False
3586.9622 	EXP 	polygon_2: autoDraw = False
3587.0624 	EXP 	Device response: <KeyPress from None: t=3583.1203676000005, value=space, duration=3.931855100003304>
3587.6293 	EXP 	Sound sound_1 reached end of file
3587.6456 	EXP 	Playing sound sound_1 on speaker Speaker (Realtek(R) Audio)
3587.7625 	EXP 	Device response: <KeyPress from None: t=3587.7555712000176, value=7, duration=None>
3587.7633 	DATA 	Keypress: 7
3587.8626 	EXP 	Device response: <KeyPress from None: t=3587.7555712000176, value=7, duration=0.09551709998049773>
3587.9434 	EXP 	Sound sound_1 stopped
3587.9505 	EXP 	text: autoDraw = True
3587.9505 	EXP 	textbox: autoDraw = True
3588.0164 	DATA 	Keypress: 6
3588.0293 	EXP 	Device response: <KeyPress from None: t=3588.015206900018, value=6, duration=None>
3588.1291 	EXP 	Device response: <KeyPress from None: t=3588.015206900018, value=6, duration=0.09968169999774545>
3591.5778 	DATA 	Keypress: 3
3591.5789 	EXP 	Device response: <KeyPress from None: t=3591.5739142000093, value=3, duration=None>
3591.6797 	EXP 	Device response: <KeyPress from None: t=3591.5739142000093, value=3, duration=0.09326620001229458>
3591.8112 	DATA 	Keypress: 2
3591.8120 	EXP 	Device response: <KeyPress from None: t=3591.8040303000016, value=2, duration=None>
3591.9278 	EXP 	Device response: <KeyPress from None: t=3591.8040303000016, value=2, duration=0.110585100017488>
3592.6630 	DATA 	Mouse: Left button down, pos=(970,212)
3592.6777 	EXP 	New trial (rep=31, index=1): <Trial 373 (1 in rep 31) data={'delay': 0.4, 'freq': 1000, 'condition': 'exp', 'thisN': 373, 'thisTrialN': 1, 'thisRepN': 31}>
3592.6934 	EXP 	text: autoDraw = False
3592.6934 	EXP 	textbox: autoDraw = False
3592.6934 	EXP 	polygon: autoDraw = True
3592.8951 	DATA 	Mouse:  Left button up, pos=(970,212)
3593.2274 	EXP 	Device response: <KeyPress from None: t=3593.2156325000105, value=space, duration=None>
3593.2285 	DATA 	Keypress: space
3593.2774 	EXP 	Device response: <KeyPress from None: t=3586.9299061000056, value=space, duration=6.331461399997352>
3593.6770 	INFO 	Keyboard events cleared
3593.6768 	EXP 	polygon_2: autoDraw = True
3593.6934 	EXP 	polygon: autoDraw = False
3594.6270 	EXP 	Device response: <KeyPress from None: t=3594.611655500019, value=space, duration=None>
3594.6290 	DATA 	Keypress: space
3594.6430 	EXP 	polygon: autoDraw = False
3594.6430 	EXP 	polygon_2: autoDraw = False
3594.7098 	EXP 	Device response: <KeyPress from None: t=3593.2156325000105, value=space, duration=1.484320799994748>
3595.0101 	EXP 	Sound sound_1 reached end of file
3595.0264 	EXP 	Playing sound sound_1 on speaker Speaker (Realtek(R) Audio)
3595.3228 	EXP 	Sound sound_1 stopped
3595.3297 	EXP 	text: autoDraw = True
3595.3297 	EXP 	textbox: autoDraw = True
3596.1459 	DATA 	Keypress: 1
3596.1596 	EXP 	Device response: <KeyPress from None: t=3596.1455454000097, value=1, duration=None>
3596.2443 	EXP 	Device response: <KeyPress from None: t=3596.1455454000097, value=1, duration=0.09589960001176223>
3596.3430 	DATA 	Keypress: 2
3596.3440 	EXP 	Device response: <KeyPress from None: t=3596.3414230000053, value=2, duration=None>
3596.4427 	EXP 	Device response: <KeyPress from None: t=3596.3414230000053, value=2, duration=0.08964439999544993>
3596.4928 	DATA 	Keypress: 0
3596.4941 	EXP 	Device response: <KeyPress from None: t=3596.4823078000045, value=0, duration=None>
3596.6101 	EXP 	Device response: <KeyPress from None: t=3596.4823078000045, value=0, duration=0.12261340001714416>
3597.5435 	DATA 	Keypress: space
3597.5452 	EXP 	Device response: <KeyPress from None: t=3597.5419761000085, value=space, duration=None>
3597.5954 	EXP 	Device response: <KeyPress from None: t=3594.611655500019, value=space, duration=2.9815094999794383>
3598.5447 	DATA 	Mouse: Left button down, pos=(970,212)
3598.5592 	EXP 	New trial (rep=31, index=2): <Trial 374 (2 in rep 31) data={'delay': 0.7, 'freq': 1000, 'condition': 'exp', 'thisN': 374, 'thisTrialN': 2, 'thisRepN': 31}>
3598.5749 	EXP 	text: autoDraw = False
3598.5749 	EXP 	textbox: autoDraw = False
3598.5749 	EXP 	polygon: autoDraw = True
3598.7768 	DATA 	Mouse:  Left button up, pos=(970,212)
3599.5749 	INFO 	Keyboard events cleared
3599.5747 	EXP 	polygon: autoDraw = False
3599.5747 	EXP 	polygon_2: autoDraw = True
3599.9418 	EXP 	Device response: <KeyPress from None: t=3599.9321399000182, value=space, duration=None>
3599.9441 	DATA 	Keypress: space
3599.9581 	EXP 	polygon: autoDraw = False
3599.9581 	EXP 	polygon_2: autoDraw = False
3600.0084 	EXP 	Device response: <KeyPress from None: t=3597.5419761000085, value=space, duration=2.451984299987089>
3600.6414 	EXP 	Sound sound_1 reached end of file
3600.6577 	EXP 	Playing sound sound_1 on speaker Speaker (Realtek(R) Audio)
3600.9528 	EXP 	Sound sound_1 stopped
3600.9598 	EXP 	text: autoDraw = True
3600.9598 	EXP 	textbox: autoDraw = True
3602.0247 	DATA 	Keypress: 8
3602.0255 	EXP 	Device response: <KeyPress from None: t=3602.017260499997, value=8, duration=None>
3602.1244 	EXP 	Device response: <KeyPress from None: t=3602.017260499997, value=8, duration=0.09338070001103915>
3602.2079 	DATA 	Keypress: 6
3602.2103 	EXP 	Device response: <KeyPress from None: t=3602.198206800007, value=6, duration=None>
3602.3077 	EXP 	Device response: <KeyPress from None: t=3602.198206800007, value=6, duration=0.0957955000048969>
3602.3911 	DATA 	Keypress: t
3602.3970 	EXP 	Device response: <KeyPress from None: t=3602.386793100013, value=t, duration=None>
3602.4586 	EXP 	Device response: <KeyPress from None: t=3602.386793100013, value=t, duration=0.0659901000035461>
3603.1797 	DATA 	Keypress: backspace
3603.1905 	EXP 	Device response: <KeyPress from None: t=3603.1789090000093, value=backspace, duration=None>
3603.2579 	EXP 	Device response: <KeyPress from None: t=3603.1789090000093, value=backspace, duration=0.07359640000504442>
3603.8401 	DATA 	Keypress: 3
3603.8411 	EXP 	Device response: <KeyPress from None: t=3603.833405000012, value=3, duration=None>
3603.9576 	EXP 	Device response: <KeyPress from None: t=3603.833405000012, value=3, duration=0.11788499998510815>
3604.8565 	DATA 	Mouse: Left button down, pos=(970,212)
3604.8571 	EXP 	New trial (rep=31, index=3): <Trial 375 (3 in rep 31) data={'delay': 0.1, 'freq': 1000, 'condition': 'exp', 'thisN': 375, 'thisTrialN': 3, 'thisRepN': 31}>
3604.8726 	EXP 	text: autoDraw = False
3604.8726 	EXP 	textbox: autoDraw = False
3604.8726 	EXP 	polygon: autoDraw = True
3605.0742 	DATA 	Mouse:  Left button up, pos=(970,212)
3605.3067 	EXP 	Device response: <KeyPress from None: t=3605.291275399999, value=space, duration=None>
3605.3078 	DATA 	Keypress: space
3605.3900 	EXP 	Device response: <KeyPress from None: t=3599.9321399000182, value=space, duration=5.449529999983497>
3605.8728 	INFO 	Keyboard events cleared
3605.8726 	EXP 	polygon: autoDraw = False
3605.8726 	EXP 	polygon_2: autoDraw = True
3606.3395 	EXP 	Device response: <KeyPress from None: t=3606.3380972000014, value=space, duration=None>
3606.3415 	DATA 	Keypress: space
3606.3558 	EXP 	polygon: autoDraw = False
3606.3558 	EXP 	polygon_2: autoDraw = False
3606.4228 	EXP 	Sound sound_1 reached end of file
3606.4391 	EXP 	Playing sound sound_1 on speaker Speaker (Realtek(R) Audio)
3606.4231 	EXP 	Device response: <KeyPress from None: t=3605.291275399999, value=space, duration=1.1240955000102986>
3606.7342 	EXP 	Sound sound_1 stopped
3606.7409 	EXP 	text: autoDraw = True
3606.7409 	EXP 	textbox: autoDraw = True
3607.7893 	DATA 	Keypress: 7
3607.7915 	EXP 	Device response: <KeyPress from None: t=3607.7844213000208, value=7, duration=None>
3607.9059 	EXP 	Device response: <KeyPress from None: t=3607.7844213000208, value=7, duration=0.11189499997999519>
3607.9890 	DATA 	Keypress: 6
3607.9897 	EXP 	Device response: <KeyPress from None: t=3607.9803012000048, value=6, duration=None>
3608.1055 	EXP 	Device response: <KeyPress from None: t=3607.9803012000048, value=6, duration=0.11077120000845753>
3608.1747 	DATA 	Keypress: 5
3608.1887 	EXP 	Device response: <KeyPress from None: t=3608.1737698000215, value=5, duration=None>
3608.2896 	EXP 	Device response: <KeyPress from None: t=3608.1737698000215, value=5, duration=0.11230079998495057>
3609.1886 	DATA 	Mouse: Left button down, pos=(970,212)
3609.1891 	EXP 	New trial (rep=31, index=4): <Trial 376 (4 in rep 31) data={'delay': 0.4, 'freq': 1000, 'condition': 'exp', 'thisN': 376, 'thisTrialN': 4, 'thisRepN': 31}>
3609.2051 	EXP 	text: autoDraw = False
3609.2051 	EXP 	textbox: autoDraw = False
3609.2051 	EXP 	polygon: autoDraw = True
3609.4059 	DATA 	Mouse:  Left button up, pos=(970,212)
3610.2047 	INFO 	Keyboard events cleared
3610.2045 	EXP 	polygon: autoDraw = False
3610.2045 	EXP 	polygon_2: autoDraw = True
3610.2550 	EXP 	Device response: <KeyPress from None: t=3610.246238099993, value=space, duration=None>
3610.2571 	DATA 	Keypress: space
3610.2712 	EXP 	polygon: autoDraw = False
3610.2712 	EXP 	polygon_2: autoDraw = False
3610.3049 	EXP 	Device response: <KeyPress from None: t=3606.3380972000014, value=space, duration=3.9588361000060104>
3610.6381 	EXP 	Sound sound_1 reached end of file
3610.6545 	EXP 	Playing sound sound_1 on speaker Speaker (Realtek(R) Audio)
3610.8549 	EXP 	Device response: <KeyPress from None: t=3610.841802800016, value=space, duration=None>
3610.8557 	DATA 	Keypress: space
3610.9548 	EXP 	Sound sound_1 stopped
3610.9550 	EXP 	Device response: <KeyPress from None: t=3610.246238099993, value=space, duration=0.7010284000134561>
3610.9617 	EXP 	text: autoDraw = True
3610.9617 	EXP 	textbox: autoDraw = True
3612.7875 	DATA 	Keypress: 7
3612.7890 	EXP 	Device response: <KeyPress from None: t=3612.786019399995, value=7, duration=None>
3612.8872 	EXP 	Device response: <KeyPress from None: t=3612.786019399995, value=7, duration=0.08922520000487566>
3613.2209 	DATA 	Keypress: 4
3613.2219 	EXP 	Device response: <KeyPress from None: t=3613.217243799998, value=4, duration=None>
3613.3054 	EXP 	Device response: <KeyPress from None: t=3613.217243799998, value=4, duration=0.07780520000960678>
3614.1207 	DATA 	Keypress: 3
3614.1233 	EXP 	Device response: <KeyPress from None: t=3614.111806000001, value=3, duration=None>
3614.1719 	EXP 	Device response: <KeyPress from None: t=3614.111806000001, value=3, duration=0.05130449999705888>
3615.1700 	DATA 	Mouse: Left button down, pos=(970,212)
3615.1706 	EXP 	New trial (rep=31, index=5): <Trial 377 (5 in rep 31) data={'delay': 0.1, 'freq': 1000, 'condition': 'exp', 'thisN': 377, 'thisTrialN': 5, 'thisRepN': 31}>
3615.1863 	EXP 	text: autoDraw = False
3615.1863 	EXP 	textbox: autoDraw = False
3615.1863 	EXP 	polygon: autoDraw = True
3615.3878 	DATA 	Mouse:  Left button up, pos=(970,212)
3615.7696 	EXP 	Device response: <KeyPress from None: t=3615.764118000021, value=space, duration=None>
3615.7704 	DATA 	Keypress: space
3615.8197 	EXP 	Device response: <KeyPress from None: t=3610.841802800016, value=space, duration=4.966927699977532>
3616.1861 	INFO 	Keyboard events cleared
3616.1860 	EXP 	polygon: autoDraw = False
3616.1860 	EXP 	polygon_2: autoDraw = True
3617.0855 	EXP 	Device response: <KeyPress from None: t=3617.0835366999963, value=space, duration=None>
3617.0865 	DATA 	Keypress: space
3617.1019 	EXP 	polygon: autoDraw = False
3617.1019 	EXP 	polygon_2: autoDraw = False
3617.1353 	EXP 	Device response: <KeyPress from None: t=3615.764118000021, value=space, duration=1.3702745999908075>
3617.1688 	EXP 	Sound sound_1 reached end of file
3617.1853 	EXP 	Playing sound sound_1 on speaker Speaker (Realtek(R) Audio)
3617.4853 	EXP 	Sound sound_1 stopped
3617.4921 	EXP 	text: autoDraw = True
3617.4921 	EXP 	textbox: autoDraw = True
3618.9518 	DATA 	Keypress: space
3618.9524 	EXP 	Device response: <KeyPress from None: t=3618.940512900008, value=space, duration=None>
3619.0025 	EXP 	Device response: <KeyPress from None: t=3617.0835366999963, value=space, duration=1.913413500005845>
3619.9516 	DATA 	Keypress: 6
3619.9531 	EXP 	Device response: <KeyPress from None: t=3619.9446817999997, value=6, duration=None>
3620.0681 	EXP 	Device response: <KeyPress from None: t=3619.9446817999997, value=6, duration=0.10701320000225678>
3620.0876 	DATA 	Keypress: 7
3620.1016 	EXP 	Device response: <KeyPress from None: t=3620.086504600011, value=7, duration=None>
3620.1518 	DATA 	Keypress: 5
3620.1535 	EXP 	Device response: <KeyPress from None: t=3620.147599899996, value=5, duration=None>
3620.2356 	EXP 	Device response: <KeyPress from None: t=3620.086504600011, value=7, duration=0.13888260000385344>
3620.2685 	EXP 	Device response: <KeyPress from None: t=3620.147599899996, value=5, duration=0.1051737000234425>
3621.0345 	DATA 	Mouse: Left button down, pos=(970,212)
3621.0351 	EXP 	New trial (rep=31, index=6): <Trial 378 (6 in rep 31) data={'delay': 0.7, 'freq': 1000, 'condition': 'exp', 'thisN': 378, 'thisTrialN': 6, 'thisRepN': 31}>
3621.0510 	EXP 	text: autoDraw = False
3621.0510 	EXP 	textbox: autoDraw = False
3621.0510 	EXP 	polygon: autoDraw = True
3621.2020 	DATA 	Mouse:  Left button up, pos=(970,212)
3621.2856 	DATA 	Mouse: Left button down, pos=(970,212)
3621.4365 	DATA 	Mouse:  Left button up, pos=(970,212)
3621.6677 	EXP 	Device response: <KeyPress from None: t=3621.6554510999995, value=space, duration=None>
3621.6688 	DATA 	Keypress: space
3621.7177 	EXP 	Device response: <KeyPress from None: t=3618.940512900008, value=space, duration=2.765963100013323>
3622.0506 	INFO 	Keyboard events cleared
3622.0505 	EXP 	polygon: autoDraw = False
3622.0505 	EXP 	polygon_2: autoDraw = True
3622.2504 	EXP 	Device response: <KeyPress from None: t=3622.245826600003, value=space, duration=None>
3622.2514 	DATA 	Keypress: space
3622.2668 	EXP 	polygon: autoDraw = False
3622.2668 	EXP 	polygon_2: autoDraw = False
3622.3000 	EXP 	Device response: <KeyPress from None: t=3621.6554510999995, value=space, duration=0.6337801000045147>
3622.9339 	EXP 	Sound sound_1 reached end of file
3622.9502 	EXP 	Playing sound sound_1 on speaker Speaker (Realtek(R) Audio)
3623.1007 	EXP 	Device response: <KeyPress from None: t=3623.089559600019, value=3, duration=None>
3623.1015 	DATA 	Keypress: 3
3623.1839 	EXP 	Device response: <KeyPress from None: t=3623.089559600019, value=3, duration=0.0897320999938529>
3623.2447 	EXP 	Sound sound_1 stopped
3623.2449 	EXP 	Device response: <KeyPress from None: t=3623.243399400002, value=2, duration=None>
3623.2454 	DATA 	Keypress: 2
3623.2501 	EXP 	text: autoDraw = True
3623.2501 	EXP 	textbox: autoDraw = True
3623.3675 	DATA 	Keypress: 9
3623.3699 	EXP 	Device response: <KeyPress from None: t=3623.3594258000085, value=9, duration=None>
3623.3700 	EXP 	Device response: <KeyPress from None: t=3623.243399400002, value=2, duration=0.11813039999105968>
3623.5513 	EXP 	Device response: <KeyPress from None: t=3623.3594258000085, value=9, duration=0.1837437000067439>
3624.2387 	DATA 	Keypress: 0
3624.2501 	EXP 	Device response: <KeyPress from None: t=3624.2383235000016, value=0, duration=None>
3624.3501 	EXP 	Device response: <KeyPress from None: t=3624.2383235000016, value=0, duration=0.10107229999266565>
3625.3542 	DATA 	Mouse: Left button down, pos=(970,212)
3625.3670 	EXP 	New trial (rep=31, index=7): <Trial 379 (7 in rep 31) data={'delay': 0.1, 'freq': 400, 'condition': 'unexp', 'thisN': 379, 'thisTrialN': 7, 'thisRepN': 31}>
3625.3825 	EXP 	text: autoDraw = False
3625.3825 	EXP 	textbox: autoDraw = False
3625.3825 	EXP 	polygon: autoDraw = True
3625.5840 	DATA 	Mouse:  Left button up, pos=(970,212)
3626.3826 	INFO 	Keyboard events cleared
3626.3824 	EXP 	polygon: autoDraw = False
3626.3824 	EXP 	polygon_2: autoDraw = True
3626.7161 	EXP 	Device response: <KeyPress from None: t=3626.7037756000063, value=space, duration=None>
3626.7183 	DATA 	Keypress: space
3626.7321 	EXP 	polygon: autoDraw = False
3626.7321 	EXP 	polygon_2: autoDraw = False
3626.7661 	EXP 	Device response: <KeyPress from None: t=3622.245826600003, value=space, duration=4.504216000001179>
3626.7994 	EXP 	Sound sound_1 reached end of file
3626.8157 	EXP 	Playing sound sound_1 on speaker Speaker (Realtek(R) Audio)
3627.1148 	EXP 	Sound sound_1 stopped
3627.1203 	EXP 	text: autoDraw = True
3627.1203 	EXP 	textbox: autoDraw = True
3627.4828 	DATA 	Keypress: 6
3627.4835 	EXP 	Device response: <KeyPress from None: t=3627.473934800015, value=6, duration=None>
3627.5998 	EXP 	Device response: <KeyPress from None: t=3627.473934800015, value=6, duration=0.11120579999987967>
3627.6052 	DATA 	Keypress: 7
3627.6154 	EXP 	Device response: <KeyPress from None: t=3627.6039890999964, value=7, duration=None>
3627.6829 	DATA 	Keypress: 4
3627.6847 	EXP 	Device response: <KeyPress from None: t=3627.681233100011, value=4, duration=None>
3627.7506 	EXP 	Device response: <KeyPress from None: t=3627.6039890999964, value=7, duration=0.14019780000671744>
3627.7833 	EXP 	Device response: <KeyPress from None: t=3627.681233100011, value=4, duration=0.09513239999068901>
3628.6157 	DATA 	Mouse: Left button down, pos=(970,212)
3628.6163 	EXP 	New trial (rep=31, index=8): <Trial 380 (8 in rep 31) data={'delay': 0.4, 'freq': 400, 'condition': 'unexp', 'thisN': 380, 'thisTrialN': 8, 'thisRepN': 31}>
3628.6317 	EXP 	text: autoDraw = False
3628.6317 	EXP 	textbox: autoDraw = False
3628.6317 	EXP 	polygon: autoDraw = True
3628.8501 	DATA 	Mouse:  Left button up, pos=(970,212)
3629.6315 	INFO 	Keyboard events cleared
3629.6314 	EXP 	polygon: autoDraw = False
3629.6314 	EXP 	polygon_2: autoDraw = True
3632.4972 	EXP 	Device response: <KeyPress from None: t=3632.495511300018, value=6, duration=None>
3632.4982 	DATA 	Keypress: 6
3632.5974 	EXP 	Device response: <KeyPress from None: t=3632.495511300018, value=6, duration=0.08885420000297017>
3632.6140 	EXP 	Device response: <KeyPress from None: t=3632.6061255999957, value=7, duration=None>
3632.6151 	DATA 	Keypress: 7
3632.7135 	EXP 	Device response: <KeyPress from None: t=3632.6061255999957, value=7, duration=0.09430680001969449>
3632.7302 	EXP 	Device response: <KeyPress from None: t=3632.716418900003, value=4, duration=None>
3632.7308 	DATA 	Keypress: 4
3632.7636 	EXP 	Device response: <KeyPress from None: t=3632.716418900003, value=4, duration=0.04535299999406561>
3633.3638 	EXP 	Device response: <KeyPress from None: t=3633.3627102000173, value=space, duration=None>
3633.3657 	DATA 	Keypress: space
3633.3799 	EXP 	polygon: autoDraw = False
3633.3799 	EXP 	polygon_2: autoDraw = False
3633.4803 	EXP 	Device response: <KeyPress from None: t=3626.7037756000063, value=space, duration=6.771271100005833>
3633.7467 	EXP 	Sound sound_1 reached end of file
3633.7630 	EXP 	Playing sound sound_1 on speaker Speaker (Realtek(R) Audio)
3634.0665 	EXP 	Sound sound_1 stopped
3634.0732 	EXP 	text: autoDraw = True
3634.0732 	EXP 	textbox: autoDraw = True
3634.7132 	DATA 	Keypress: 6
3634.7146 	EXP 	Device response: <KeyPress from None: t=3634.7052492999937, value=6, duration=None>
3634.8003 	EXP 	Device response: <KeyPress from None: t=3634.7052492999937, value=6, duration=0.08852070002467372>
3634.8468 	DATA 	Keypress: 7
3634.8477 	EXP 	Device response: <KeyPress from None: t=3634.8425371000194, value=7, duration=None>
3634.9799 	EXP 	Device response: <KeyPress from None: t=3634.8425371000194, value=7, duration=0.1269126999832224>
3635.8810 	DATA 	Keypress: 9
3635.8819 	EXP 	Device response: <KeyPress from None: t=3635.8791641000134, value=9, duration=None>
3636.0129 	EXP 	Device response: <KeyPress from None: t=3635.8791641000134, value=9, duration=0.11809249999350868>
3637.2470 	DATA 	Mouse: Left button down, pos=(971,212)
3637.2625 	EXP 	New trial (rep=31, index=9): <Trial 381 (9 in rep 31) data={'delay': 0.1, 'freq': 1000, 'condition': 'exp', 'thisN': 381, 'thisTrialN': 9, 'thisRepN': 31}>
3637.2786 	EXP 	text: autoDraw = False
3637.2786 	EXP 	textbox: autoDraw = False
3637.2786 	EXP 	polygon: autoDraw = True
3637.4807 	DATA 	Mouse:  Left button up, pos=(971,212)
3638.0624 	EXP 	Device response: <KeyPress from None: t=3638.0613247000147, value=space, duration=None>
3638.0635 	DATA 	Keypress: space
3638.1625 	EXP 	Device response: <KeyPress from None: t=3633.3627102000173, value=space, duration=4.789720100001432>
3638.2620 	INFO 	Keyboard events cleared
3638.2618 	EXP 	polygon_2: autoDraw = True
3638.2783 	EXP 	polygon: autoDraw = False
3639.0286 	EXP 	Device response: <KeyPress from None: t=3639.015443100012, value=space, duration=None>
3639.0306 	DATA 	Keypress: space
3639.0447 	EXP 	polygon: autoDraw = False
3639.0447 	EXP 	polygon_2: autoDraw = False
3639.1118 	EXP 	Sound sound_1 reached end of file
3639.1282 	EXP 	Playing sound sound_1 on speaker Speaker (Realtek(R) Audio)
3639.1121 	EXP 	Device response: <KeyPress from None: t=3638.0613247000147, value=space, duration=1.0489518999820575>
3639.4245 	EXP 	Sound sound_1 stopped
3639.4317 	EXP 	text: autoDraw = True
3639.4317 	EXP 	textbox: autoDraw = True
3640.1282 	DATA 	Keypress: 2
3640.1287 	EXP 	Device response: <KeyPress from None: t=3640.1213191999996, value=2, duration=None>
3640.2284 	EXP 	Device response: <KeyPress from None: t=3640.1213191999996, value=2, duration=0.09404570001061074>
3640.3449 	DATA 	Keypress: 3
3640.3465 	EXP 	Device response: <KeyPress from None: t=3640.33961190001, value=3, duration=None>
3640.4454 	EXP 	Device response: <KeyPress from None: t=3640.33961190001, value=3, duration=0.10042860000976361>
3640.4613 	DATA 	Keypress: 8
3640.4620 	EXP 	Device response: <KeyPress from None: t=3640.450063700002, value=8, duration=None>
3640.6115 	EXP 	Device response: <KeyPress from None: t=3640.450063700002, value=8, duration=0.14947050000773743>
3643.8767 	DATA 	Mouse: Left button down, pos=(943,211)
3643.8772 	EXP 	New trial (rep=31, index=10): <Trial 382 (10 in rep 31) data={'delay': 0.7, 'freq': 1000, 'condition': 'exp', 'thisN': 382, 'thisTrialN': 10, 'thisRepN': 31}>
3643.8929 	EXP 	text: autoDraw = False
3643.8929 	EXP 	textbox: autoDraw = False
3643.8929 	EXP 	polygon: autoDraw = True
3644.0945 	DATA 	Mouse:  Left button up, pos=(943,211)
3644.8765 	INFO 	Keyboard events cleared
3644.8763 	EXP 	polygon_2: autoDraw = True
3644.8928 	EXP 	polygon: autoDraw = False
3645.1612 	DATA 	Keypress: space
3645.1764 	EXP 	Device response: <KeyPress from None: t=3645.160178100021, value=space, duration=None>
3645.1925 	EXP 	polygon: autoDraw = False
3645.1925 	EXP 	polygon_2: autoDraw = False
3645.2263 	EXP 	Device response: <KeyPress from None: t=3639.015443100012, value=space, duration=6.194023499992909>
3645.8597 	EXP 	Sound sound_1 reached end of file
3645.8760 	EXP 	Playing sound sound_1 on speaker Speaker (Realtek(R) Audio)
3646.1745 	EXP 	Sound sound_1 stopped
3646.1801 	EXP 	text: autoDraw = True
3646.1801 	EXP 	textbox: autoDraw = True
3646.2762 	DATA 	Keypress: 7
3646.2768 	EXP 	Device response: <KeyPress from None: t=3646.273392700008, value=7, duration=None>
3646.3925 	EXP 	Device response: <KeyPress from None: t=3646.273392700008, value=7, duration=0.10519279999425635>
3646.5625 	DATA 	Keypress: 6
3646.5762 	EXP 	Device response: <KeyPress from None: t=3646.560383700009, value=6, duration=None>
3646.6593 	EXP 	Device response: <KeyPress from None: t=3646.560383700009, value=6, duration=0.08285400000750087>
3646.7327 	DATA 	Keypress: 8
3646.7427 	EXP 	Device response: <KeyPress from None: t=3646.732098700013, value=8, duration=None>
3646.8594 	EXP 	Device response: <KeyPress from None: t=3646.732098700013, value=8, duration=0.11674080000375398>
3647.8426 	DATA 	Mouse: Left button down, pos=(943,211)
3647.8433 	EXP 	New trial (rep=31, index=11): <Trial 383 (11 in rep 31) data={'delay': 0.4, 'freq': 1000, 'condition': 'exp', 'thisN': 383, 'thisTrialN': 11, 'thisRepN': 31}>
3647.8585 	EXP 	text: autoDraw = False
3647.8585 	EXP 	textbox: autoDraw = False
3647.8585 	EXP 	polygon: autoDraw = True
3648.0605 	DATA 	Mouse:  Left button up, pos=(943,211)
3648.6087 	EXP 	Device response: <KeyPress from None: t=3648.6016357000044, value=space, duration=None>
3648.6097 	DATA 	Keypress: space
3648.6754 	EXP 	Device response: <KeyPress from None: t=3645.160178100021, value=space, duration=3.5089001999876928>
3648.8586 	INFO 	Keyboard events cleared
3648.8584 	EXP 	polygon: autoDraw = False
3648.8584 	EXP 	polygon_2: autoDraw = True
3649.6082 	EXP 	Device response: <KeyPress from None: t=3649.5925461000006, value=space, duration=None>
3649.6101 	DATA 	Keypress: space
3649.6243 	EXP 	polygon: autoDraw = False
3649.6243 	EXP 	polygon_2: autoDraw = False
3649.7415 	EXP 	Device response: <KeyPress from None: t=3648.6016357000044, value=space, duration=1.1245516999915708>
3649.9916 	EXP 	Sound sound_1 reached end of file
3650.0079 	EXP 	Playing sound sound_1 on speaker Speaker (Realtek(R) Audio)
3650.3048 	EXP 	Sound sound_1 stopped
3650.3112 	EXP 	text: autoDraw = True
3650.3112 	EXP 	textbox: autoDraw = True
3650.5912 	DATA 	Keypress: 6
3650.5918 	EXP 	Device response: <KeyPress from None: t=3650.589710900007, value=6, duration=None>
3650.7075 	EXP 	Device response: <KeyPress from None: t=3650.589710900007, value=6, duration=0.1047233999997843>
3650.8252 	DATA 	Keypress: 7
3650.8268 	EXP 	Device response: <KeyPress from None: t=3650.815666600014, value=7, duration=None>
3650.9424 	EXP 	Device response: <KeyPress from None: t=3650.815666600014, value=7, duration=0.1224997999961488>
3651.0123 	DATA 	Keypress: 4
3651.0243 	EXP 	Device response: <KeyPress from None: t=3651.011661800003, value=4, duration=None>
3651.1085 	EXP 	Device response: <KeyPress from None: t=3651.011661800003, value=4, duration=0.09093140001641586>
3652.1771 	DATA 	Mouse: Left button down, pos=(943,211)
3652.1912 	EXP 	New trial (rep=32, index=0): <Trial 384 (0 in rep 32) data={'delay': 0.4, 'freq': 400, 'condition': 'unexp', 'thisN': 384, 'thisTrialN': 0, 'thisRepN': 32}>
3652.2069 	EXP 	text: autoDraw = False
3652.2069 	EXP 	textbox: autoDraw = False
3652.2069 	EXP 	polygon: autoDraw = True
3652.4086 	DATA 	Mouse:  Left button up, pos=(943,211)
3653.2070 	INFO 	Keyboard events cleared
3653.2068 	EXP 	polygon: autoDraw = False
3653.2068 	EXP 	polygon_2: autoDraw = True
3653.2404 	EXP 	Device response: <KeyPress from None: t=3653.232751100004, value=space, duration=None>
3653.2424 	DATA 	Keypress: space
3653.2567 	EXP 	polygon: autoDraw = False
3653.2567 	EXP 	polygon_2: autoDraw = False
3653.3735 	EXP 	Device response: <KeyPress from None: t=3649.5925461000006, value=space, duration=3.779320000001462>
3653.6234 	EXP 	Sound sound_1 reached end of file
3653.6398 	EXP 	Playing sound sound_1 on speaker Speaker (Realtek(R) Audio)
3653.9327 	EXP 	Sound sound_1 stopped
3653.9402 	EXP 	text: autoDraw = True
3653.9402 	EXP 	textbox: autoDraw = True
3654.7793 	DATA 	Keypress: space
3654.7897 	EXP 	Device response: <KeyPress from None: t=3654.778740700014, value=space, duration=None>
3654.8409 	EXP 	Device response: <KeyPress from None: t=3653.232751100004, value=space, duration=1.603311200015014>
3655.8895 	DATA 	Keypress: 4
3655.8907 	EXP 	Device response: <KeyPress from None: t=3655.888188300014, value=4, duration=None>
3655.9903 	EXP 	Device response: <KeyPress from None: t=3655.888188300014, value=4, duration=0.0889440999890212>
3656.0458 	DATA 	Keypress: 5
3656.0561 	EXP 	Device response: <KeyPress from None: t=3656.045102200005, value=5, duration=None>
3656.1564 	EXP 	Device response: <KeyPress from None: t=3656.045102200005, value=5, duration=0.11025050000171177>
3656.2060 	DATA 	Keypress: 9
3656.2074 	EXP 	Device response: <KeyPress from None: t=3656.204550399998, value=9, duration=None>
3656.2561 	DATA 	Keypress: o
3656.2655 	EXP 	Device response: <KeyPress from None: t=3656.2428193000087, value=o, duration=None>
3656.3228 	EXP 	Device response: <KeyPress from None: t=3656.2428193000087, value=o, duration=0.07273769998573698>
3656.4230 	EXP 	Device response: <KeyPress from None: t=3656.204550399998, value=9, duration=0.2108003000030294>
3657.0563 	DATA 	Keypress: backspace
3657.0580 	EXP 	Device response: <KeyPress from None: t=3657.0544274999993, value=backspace, duration=None>
3657.1896 	EXP 	Device response: <KeyPress from None: t=3657.0544274999993, value=backspace, duration=0.13022150000324473>
3657.9913 	DATA 	Mouse: Left button down, pos=(943,209)
3658.0058 	EXP 	New trial (rep=32, index=1): <Trial 385 (1 in rep 32) data={'delay': 0.7, 'freq': 1000, 'condition': 'exp', 'thisN': 385, 'thisTrialN': 1, 'thisRepN': 32}>
3658.0221 	EXP 	text: autoDraw = False
3658.0221 	EXP 	textbox: autoDraw = False
3658.0221 	EXP 	polygon: autoDraw = True
3658.2232 	DATA 	Mouse:  Left button up, pos=(943,209)
3659.0051 	INFO 	Keyboard events cleared
3659.0049 	EXP 	polygon_2: autoDraw = True
3659.0214 	EXP 	polygon: autoDraw = False
3659.5055 	EXP 	Device response: <KeyPress from None: t=3659.491553300002, value=7, duration=None>
3659.5066 	DATA 	Keypress: 7
3659.6215 	EXP 	Device response: <KeyPress from None: t=3659.491553300002, value=7, duration=0.11661960001219995>
3660.1380 	EXP 	Device response: <KeyPress from None: t=3660.135603200004, value=space, duration=None>
3660.1401 	DATA 	Keypress: space
3660.1543 	EXP 	polygon: autoDraw = False
3660.1543 	EXP 	polygon_2: autoDraw = False
3660.2380 	EXP 	Device response: <KeyPress from None: t=3654.778740700014, value=space, duration=5.445886100002099>
3660.8210 	EXP 	Sound sound_1 reached end of file
3660.8374 	EXP 	Playing sound sound_1 on speaker Speaker (Realtek(R) Audio)
3660.9046 	EXP 	Device response: <KeyPress from None: t=3660.894786799996, value=7, duration=None>
3660.9054 	DATA 	Keypress: 7
3661.0046 	EXP 	Device response: <KeyPress from None: t=3660.894786799996, value=7, duration=0.09956150001380593>
3661.1045 	EXP 	Device response: <KeyPress from None: t=3661.0953658999933, value=8, duration=None>
3661.1053 	DATA 	Keypress: 8
3661.1327 	EXP 	Sound sound_1 stopped
3661.1430 	EXP 	text: autoDraw = True
3661.1430 	EXP 	textbox: autoDraw = True
3661.3214 	EXP 	Device response: <KeyPress from None: t=3661.0953658999933, value=8, duration=0.21589580000727437>
3661.9374 	DATA 	Keypress: 6
3661.9380 	EXP 	Device response: <KeyPress from None: t=3661.933584800019, value=6, duration=None>
3662.0209 	EXP 	Device response: <KeyPress from None: t=3661.933584800019, value=6, duration=0.07337909998022951>
3662.3563 	DATA 	Keypress: 8
3662.3704 	EXP 	Device response: <KeyPress from None: t=3662.3546467999986, value=8, duration=None>
3662.4887 	EXP 	Device response: <KeyPress from None: t=3662.3546467999986, value=8, duration=0.1240786999987904>
3662.5042 	DATA 	Keypress: 3
3662.5059 	EXP 	Device response: <KeyPress from None: t=3662.5005257000157, value=3, duration=None>
3662.6038 	EXP 	Device response: <KeyPress from None: t=3662.5005257000157, value=3, duration=0.0911222999857273>
3663.3541 	DATA 	Mouse: Left button down, pos=(943,209)
3663.3547 	EXP 	New trial (rep=32, index=2): <Trial 386 (2 in rep 32) data={'delay': 0.7, 'freq': 1000, 'condition': 'exp', 'thisN': 386, 'thisTrialN': 2, 'thisRepN': 32}>
3663.3699 	EXP 	text: autoDraw = False
3663.3699 	EXP 	textbox: autoDraw = False
3663.3699 	EXP 	polygon: autoDraw = True
3663.5712 	DATA 	Mouse:  Left button up, pos=(943,209)
3663.6213 	DATA 	Mouse: Left button down, pos=(943,209)
3663.7886 	DATA 	Mouse:  Left button up, pos=(943,209)
3664.0369 	EXP 	Device response: <KeyPress from None: t=3664.032372799993, value=space, duration=None>
3664.0380 	DATA 	Keypress: space
3664.1033 	EXP 	Device response: <KeyPress from None: t=3660.135603200004, value=space, duration=3.9542560999980196>
3664.3698 	INFO 	Keyboard events cleared
3664.3697 	EXP 	polygon: autoDraw = False
3664.3697 	EXP 	polygon_2: autoDraw = True
3665.6364 	EXP 	Device response: <KeyPress from None: t=3665.6318471000122, value=5, duration=None>
3665.6375 	DATA 	Keypress: 5
3665.7529 	EXP 	Device response: <KeyPress from None: t=3665.6318471000122, value=5, duration=0.11673360000713728>
3665.8528 	EXP 	Device response: <KeyPress from None: t=3665.8500085000123, value=4, duration=None>
3665.8538 	DATA 	Keypress: 4
3665.9527 	EXP 	Device response: <KeyPress from None: t=3665.8500085000123, value=4, duration=0.09995430000708438>
3667.4688 	EXP 	Device response: <KeyPress from None: t=3667.4642515000014, value=9, duration=None>
3667.4700 	DATA 	Keypress: 9
3667.5851 	EXP 	Device response: <KeyPress from None: t=3667.4642515000014, value=9, duration=0.10933900001691654>
3667.9188 	EXP 	Device response: <KeyPress from None: t=3667.9118488999957, value=space, duration=None>
3667.9210 	DATA 	Keypress: space
3667.9352 	EXP 	polygon: autoDraw = False
3667.9352 	EXP 	polygon_2: autoDraw = False
3668.0019 	EXP 	Device response: <KeyPress from None: t=3664.032372799993, value=space, duration=3.9683719000022393>
3668.6018 	EXP 	Sound sound_1 reached end of file
3668.6181 	EXP 	Playing sound sound_1 on speaker Speaker (Realtek(R) Audio)
3668.9128 	EXP 	Sound sound_1 stopped
3668.9200 	EXP 	text: autoDraw = True
3668.9200 	EXP 	textbox: autoDraw = True
3669.7514 	DATA 	Keypress: 6
3669.7521 	EXP 	Device response: <KeyPress from None: t=3669.7435729000135, value=6, duration=None>
3669.8510 	EXP 	Device response: <KeyPress from None: t=3669.7435729000135, value=6, duration=0.0951391999842599>
3669.8878 	DATA 	Keypress: 7
3669.9011 	EXP 	Device response: <KeyPress from None: t=3669.885373099998, value=7, duration=None>
3670.0347 	EXP 	Device response: <KeyPress from None: t=3669.885373099998, value=7, duration=0.14501740000559948>
3670.5183 	DATA 	Keypress: 9
3670.5195 	EXP 	Device response: <KeyPress from None: t=3670.5166170000157, value=9, duration=None>
3670.6520 	EXP 	Device response: <KeyPress from None: t=3670.5166170000157, value=9, duration=0.1292263999930583>
3671.5178 	DATA 	Mouse: Left button down, pos=(943,209)
3671.5184 	EXP 	New trial (rep=32, index=3): <Trial 387 (3 in rep 32) data={'delay': 0.1, 'freq': 400, 'condition': 'unexp', 'thisN': 387, 'thisTrialN': 3, 'thisRepN': 32}>
3671.5340 	EXP 	text: autoDraw = False
3671.5340 	EXP 	textbox: autoDraw = False
3671.5340 	EXP 	polygon: autoDraw = True
3671.7529 	DATA 	Mouse:  Left button up, pos=(943,209)
3672.2342 	EXP 	Device response: <KeyPress from None: t=3672.2195326999936, value=space, duration=None>
3672.2353 	DATA 	Keypress: space
3672.2841 	EXP 	Device response: <KeyPress from None: t=3667.9118488999957, value=space, duration=4.358537400024943>
3672.5337 	INFO 	Keyboard events cleared
3672.5336 	EXP 	polygon: autoDraw = False
3672.5336 	EXP 	polygon_2: autoDraw = True
3674.2340 	DATA 	Keypress: space
3674.2496 	EXP 	Device response: <KeyPress from None: t=3674.2335752000217, value=space, duration=None>
3674.2659 	EXP 	polygon: autoDraw = False
3674.2659 	EXP 	polygon_2: autoDraw = False
3674.2994 	EXP 	Device response: <KeyPress from None: t=3672.2195326999936, value=space, duration=2.0754799999995157>
3674.3331 	EXP 	Sound sound_1 reached end of file
3674.3495 	EXP 	Playing sound sound_1 on speaker Speaker (Realtek(R) Audio)
3674.6441 	EXP 	Sound sound_1 stopped
3674.6549 	EXP 	text: autoDraw = True
3674.6549 	EXP 	textbox: autoDraw = True
3675.1829 	DATA 	Keypress: 7
3675.1835 	EXP 	Device response: <KeyPress from None: t=3675.182230400009, value=7, duration=None>
3675.3163 	EXP 	Device response: <KeyPress from None: t=3675.182230400009, value=7, duration=0.12285009998595342>
3675.3664 	DATA 	Keypress: 8
3675.3673 	EXP 	Device response: <KeyPress from None: t=3675.358494300017, value=8, duration=None>
3675.5001 	EXP 	Device response: <KeyPress from None: t=3675.358494300017, value=8, duration=0.13013609999325126>
3675.5161 	DATA 	Keypress: 6
3675.5171 	EXP 	Device response: <KeyPress from None: t=3675.513902800012, value=6, duration=None>
3675.6327 	EXP 	Device response: <KeyPress from None: t=3675.513902800012, value=6, duration=0.11207080000895076>
3676.7991 	DATA 	Mouse: Left button down, pos=(960,208)
3676.7997 	EXP 	New trial (rep=32, index=4): <Trial 388 (4 in rep 32) data={'delay': 0.1, 'freq': 1000, 'condition': 'exp', 'thisN': 388, 'thisTrialN': 4, 'thisRepN': 32}>
3676.8155 	EXP 	text: autoDraw = False
3676.8155 	EXP 	textbox: autoDraw = False
3676.8155 	EXP 	polygon: autoDraw = True
3677.0336 	DATA 	Mouse:  Left button up, pos=(960,208)
3677.5818 	EXP 	Device response: <KeyPress from None: t=3677.56808680002, value=space, duration=None>
3677.5823 	DATA 	Keypress: space
3677.6317 	EXP 	Device response: <KeyPress from None: t=3674.2335752000217, value=space, duration=3.3961304999829736>
3677.8155 	INFO 	Keyboard events cleared
3677.8153 	EXP 	polygon: autoDraw = False
3677.8153 	EXP 	polygon_2: autoDraw = True
3679.8479 	EXP 	Device response: <KeyPress from None: t=3679.832990499999, value=space, duration=None>
3679.8498 	DATA 	Keypress: space
3679.8641 	EXP 	polygon: autoDraw = False
3679.8641 	EXP 	polygon_2: autoDraw = False
3679.9312 	EXP 	Sound sound_1 reached end of file
3679.9475 	EXP 	Playing sound sound_1 on speaker Speaker (Realtek(R) Audio)
3679.9314 	EXP 	Device response: <KeyPress from None: t=3677.56808680002, value=space, duration=2.3598968999867793>
3680.2449 	EXP 	Sound sound_1 stopped
3680.2513 	EXP 	text: autoDraw = True
3680.2513 	EXP 	textbox: autoDraw = True
3680.8316 	DATA 	Keypress: 6
3680.8339 	EXP 	Device response: <KeyPress from None: t=3680.821301499993, value=6, duration=None>
3680.9311 	EXP 	Device response: <KeyPress from None: t=3680.821301499993, value=6, duration=0.09620700002415106>
3680.9810 	DATA 	Keypress: 7
3680.9816 	EXP 	Device response: <KeyPress from None: t=3680.9796388999966, value=7, duration=None>
3681.0995 	EXP 	Device response: <KeyPress from None: t=3680.9796388999966, value=7, duration=0.11255990000790916>
3681.1312 	DATA 	Keypress: 4
3681.1333 	EXP 	Device response: <KeyPress from None: t=3681.128555000003, value=4, duration=None>
3681.2309 	EXP 	Device response: <KeyPress from None: t=3681.128555000003, value=4, duration=0.0877471000130754>
3681.9645 	DATA 	Mouse: Left button down, pos=(960,208)
3681.9654 	EXP 	New trial (rep=32, index=5): <Trial 389 (5 in rep 32) data={'delay': 0.1, 'freq': 1000, 'condition': 'exp', 'thisN': 389, 'thisTrialN': 5, 'thisRepN': 32}>
3681.9804 	EXP 	text: autoDraw = False
3681.9804 	EXP 	textbox: autoDraw = False
3681.9804 	EXP 	polygon: autoDraw = True
3682.1987 	DATA 	Mouse:  Left button up, pos=(960,208)
3682.9803 	INFO 	Keyboard events cleared
3682.9801 	EXP 	polygon: autoDraw = False
3682.9801 	EXP 	polygon_2: autoDraw = True
3684.4965 	EXP 	Device response: <KeyPress from None: t=3684.4916190000076, value=space, duration=None>
3684.4985 	DATA 	Keypress: space
3684.5128 	EXP 	polygon: autoDraw = False
3684.5128 	EXP 	polygon_2: autoDraw = False
3684.5465 	EXP 	Device response: <KeyPress from None: t=3679.832990499999, value=space, duration=4.70898340002168>
3684.5798 	EXP 	Sound sound_1 reached end of file
3684.5961 	EXP 	Playing sound sound_1 on speaker Speaker (Realtek(R) Audio)
3684.8908 	EXP 	Sound sound_1 stopped
3684.8963 	EXP 	text: autoDraw = True
3684.8963 	EXP 	textbox: autoDraw = True
3685.5126 	DATA 	Keypress: 8
3685.5132 	EXP 	Device response: <KeyPress from None: t=3685.507508800016, value=8, duration=None>
3685.6464 	EXP 	Device response: <KeyPress from None: t=3685.507508800016, value=8, duration=0.12237179998192005>
3685.7961 	DATA 	Keypress: 9
3685.7974 	EXP 	Device response: <KeyPress from None: t=3685.788795500004, value=9, duration=None>
3685.9468 	EXP 	Device response: <KeyPress from None: t=3685.788795500004, value=9, duration=0.15504370001144707>
3686.5460 	DATA 	Keypress: 7
3686.5474 	EXP 	Device response: <KeyPress from None: t=3686.544376900012, value=7, duration=None>
3686.6469 	EXP 	Device response: <KeyPress from None: t=3686.544376900012, value=7, duration=0.09374949999619275>
3687.5625 	DATA 	Mouse: Left button down, pos=(960,208)
3687.5631 	EXP 	New trial (rep=32, index=6): <Trial 390 (6 in rep 32) data={'delay': 0.4, 'freq': 1000, 'condition': 'exp', 'thisN': 390, 'thisTrialN': 6, 'thisRepN': 32}>
3687.5784 	EXP 	text: autoDraw = False
3687.5784 	EXP 	textbox: autoDraw = False
3687.5784 	EXP 	polygon: autoDraw = True
3687.7961 	DATA 	Mouse:  Left button up, pos=(960,208)
3688.5783 	INFO 	Keyboard events cleared
3688.5782 	EXP 	polygon: autoDraw = False
3688.5782 	EXP 	polygon_2: autoDraw = True
3689.6117 	EXP 	Device response: <KeyPress from None: t=3689.598487500014, value=7, duration=None>
3689.6128 	DATA 	Keypress: 7
3689.6782 	EXP 	Device response: <KeyPress from None: t=3689.598487500014, value=7, duration=0.0790188999962993>
3689.9946 	EXP 	Device response: <KeyPress from None: t=3689.9936474999995, value=space, duration=None>
3689.9966 	DATA 	Keypress: space
3690.0107 	EXP 	polygon: autoDraw = False
3690.0107 	EXP 	polygon_2: autoDraw = False
3690.0944 	EXP 	Device response: <KeyPress from None: t=3684.4916190000076, value=space, duration=5.587142900010804>
3690.3779 	EXP 	Sound sound_1 reached end of file
3690.3942 	EXP 	Playing sound sound_1 on speaker Speaker (Realtek(R) Audio)
3690.6612 	EXP 	Device response: <KeyPress from None: t=3690.649517700018, value=7, duration=None>
3690.6620 	DATA 	Keypress: 7
3690.6935 	EXP 	Sound sound_1 stopped
3690.6993 	EXP 	text: autoDraw = True
3690.6993 	EXP 	textbox: autoDraw = True
3690.7611 	EXP 	Device response: <KeyPress from None: t=3690.649517700018, value=7, duration=0.09898039998370223>
3690.7811 	DATA 	Keypress: 8
3690.7943 	EXP 	Device response: <KeyPress from None: t=3690.779393100005, value=8, duration=None>
3690.9450 	EXP 	Device response: <KeyPress from None: t=3690.779393100005, value=8, duration=0.15563180000754073>
3691.4445 	DATA 	Keypress: 3
3691.4458 	EXP 	Device response: <KeyPress from None: t=3691.4320256999927, value=3, duration=None>
3691.5441 	EXP 	Device response: <KeyPress from None: t=3691.4320256999927, value=3, duration=0.09923010002239607>
3691.9943 	DATA 	Keypress: 4
3691.9961 	EXP 	Device response: <KeyPress from None: t=3691.9864874000195, value=4, duration=None>
3692.0772 	EXP 	Device response: <KeyPress from None: t=3691.9864874000195, value=4, duration=0.0766756999946665>
3693.5431 	DATA 	Keypress: space
3693.5439 	EXP 	Device response: <KeyPress from None: t=3693.538986700005, value=space, duration=None>
3693.5947 	EXP 	Device response: <KeyPress from None: t=3689.9936474999995, value=space, duration=3.590412200021092>
3694.5467 	DATA 	Mouse: Left button down, pos=(960,208)
3694.5600 	EXP 	New trial (rep=32, index=7): <Trial 391 (7 in rep 32) data={'delay': 0.4, 'freq': 1000, 'condition': 'exp', 'thisN': 391, 'thisTrialN': 7, 'thisRepN': 32}>
3694.5759 	EXP 	text: autoDraw = False
3694.5759 	EXP 	textbox: autoDraw = False
3694.5759 	EXP 	polygon: autoDraw = True
3694.7784 	DATA 	Mouse:  Left button up, pos=(960,208)
3695.5593 	INFO 	Keyboard events cleared
3695.5591 	EXP 	polygon_2: autoDraw = True
3695.5757 	EXP 	polygon: autoDraw = False
3697.7423 	EXP 	Device response: <KeyPress from None: t=3697.7325751000026, value=space, duration=None>
3697.7444 	DATA 	Keypress: space
3697.7584 	EXP 	polygon: autoDraw = False
3697.7584 	EXP 	polygon_2: autoDraw = False
3697.8255 	EXP 	Device response: <KeyPress from None: t=3693.538986700005, value=space, duration=4.278148999990663>
3698.1415 	EXP 	Sound sound_1 reached end of file
3698.1579 	EXP 	Playing sound sound_1 on speaker Speaker (Realtek(R) Audio)
3698.4537 	EXP 	Sound sound_1 stopped
3698.4608 	EXP 	text: autoDraw = True
3698.4608 	EXP 	textbox: autoDraw = True
3698.6749 	DATA 	Keypress: 7
3698.6755 	EXP 	Device response: <KeyPress from None: t=3698.672912900016, value=7, duration=None>
3698.7916 	EXP 	Device response: <KeyPress from None: t=3698.672912900016, value=7, duration=0.10623119998490438>
3699.1751 	DATA 	Keypress: 6
3699.1770 	EXP 	Device response: <KeyPress from None: t=3699.1692986999988, value=6, duration=None>
3699.2917 	EXP 	Device response: <KeyPress from None: t=3699.1692986999988, value=6, duration=0.11658950001583435>
3699.4587 	DATA 	Keypress: 5
3699.4595 	EXP 	Device response: <KeyPress from None: t=3699.4472948000184, value=5, duration=None>
3699.5758 	EXP 	Device response: <KeyPress from None: t=3699.4472948000184, value=5, duration=0.11681669999961741>
3700.7912 	DATA 	Mouse: Left button down, pos=(902,214)
3700.7920 	EXP 	New trial (rep=32, index=8): <Trial 392 (8 in rep 32) data={'delay': 0.7, 'freq': 1000, 'condition': 'exp', 'thisN': 392, 'thisTrialN': 8, 'thisRepN': 32}>
3700.8073 	EXP 	text: autoDraw = False
3700.8073 	EXP 	textbox: autoDraw = False
3700.8073 	EXP 	polygon: autoDraw = True
3701.0253 	DATA 	Mouse:  Left button up, pos=(902,214)
3701.8074 	INFO 	Keyboard events cleared
3701.8072 	EXP 	polygon: autoDraw = False
3701.8072 	EXP 	polygon_2: autoDraw = True
3703.3569 	EXP 	Device response: <KeyPress from None: t=3703.3523414999945, value=6, duration=None>
3703.3580 	DATA 	Keypress: 6
3703.4566 	EXP 	Device response: <KeyPress from None: t=3703.3523414999945, value=6, duration=0.09660160000203177>
3703.6067 	EXP 	Device response: <KeyPress from None: t=3703.6042358000122, value=7, duration=None>
3703.6078 	DATA 	Keypress: 7
3703.7066 	EXP 	Device response: <KeyPress from None: t=3703.6042358000122, value=7, duration=0.09115140000358224>
3704.5064 	EXP 	Device response: <KeyPress from None: t=3704.5028070000117, value=space, duration=None>
3704.5084 	DATA 	Keypress: space
3704.5226 	EXP 	polygon: autoDraw = False
3704.5226 	EXP 	polygon_2: autoDraw = False
3704.6063 	EXP 	Device response: <KeyPress from None: t=3697.7325751000026, value=space, duration=6.871244200010551>
3705.1228 	EXP 	Device response: <KeyPress from None: t=3705.120159800019, value=5, duration=None>
3705.1235 	DATA 	Keypress: 5
3705.1896 	EXP 	Sound sound_1 reached end of file
3705.2060 	EXP 	Playing sound sound_1 on speaker Speaker (Realtek(R) Audio)
3705.2227 	EXP 	Device response: <KeyPress from None: t=3705.120159800019, value=5, duration=0.08733959999517538>
3705.3743 	DATA 	Keypress: 4
3705.3895 	EXP 	Device response: <KeyPress from None: t=3705.3734434999933, value=4, duration=None>
3705.5048 	EXP 	Sound sound_1 stopped
3705.5050 	EXP 	Device response: <KeyPress from None: t=3705.3734434999933, value=4, duration=0.10681740002473816>
3705.5153 	EXP 	text: autoDraw = True
3705.5153 	EXP 	textbox: autoDraw = True
3705.9724 	DATA 	Keypress: 5
3705.9731 	EXP 	Device response: <KeyPress from None: t=3705.962866000016, value=5, duration=None>
3706.0558 	EXP 	Device response: <KeyPress from None: t=3705.962866000016, value=5, duration=0.07814519997918978>
3706.2060 	DATA 	Keypress: 4
3706.2073 	EXP 	Device response: <KeyPress from None: t=3706.20002020002, value=4, duration=None>
3706.3057 	EXP 	Device response: <KeyPress from None: t=3706.20002020002, value=4, duration=0.09442049998324364>
3706.4560 	DATA 	Keypress: 3
3706.4583 	EXP 	Device response: <KeyPress from None: t=3706.454997699999, value=3, duration=None>
3706.5394 	EXP 	Device response: <KeyPress from None: t=3706.454997699999, value=3, duration=0.08350380000774749>
3708.8249 	DATA 	Mouse: Left button down, pos=(906,211)
3708.8393 	EXP 	New trial (rep=32, index=9): <Trial 393 (9 in rep 32) data={'delay': 0.4, 'freq': 1000, 'condition': 'exp', 'thisN': 393, 'thisTrialN': 9, 'thisRepN': 32}>
3708.8547 	EXP 	text: autoDraw = False
3708.8547 	EXP 	textbox: autoDraw = False
3708.8547 	EXP 	polygon: autoDraw = True
3709.0562 	DATA 	Mouse:  Left button up, pos=(906,211)
3709.8543 	INFO 	Keyboard events cleared
3709.8542 	EXP 	polygon: autoDraw = False
3709.8542 	EXP 	polygon_2: autoDraw = True
3710.0381 	EXP 	Device response: <KeyPress from None: t=3710.0344304000027, value=7, duration=None>
3710.0392 	DATA 	Keypress: 7
3710.1546 	EXP 	Device response: <KeyPress from None: t=3710.0344304000027, value=7, duration=0.1099683000065852>
3710.1880 	EXP 	Device response: <KeyPress from None: t=3710.1778978999937, value=8, duration=None>
3710.1891 	DATA 	Keypress: 8
3710.3061 	DATA 	Keypress: 6
3710.3214 	EXP 	Device response: <KeyPress from None: t=3710.305123600003, value=6, duration=None>
3710.3379 	EXP 	Device response: <KeyPress from None: t=3710.1778978999937, value=8, duration=0.15009530002134852>
3710.4212 	EXP 	Device response: <KeyPress from None: t=3710.305123600003, value=6, duration=0.11059500000556>
3711.2876 	EXP 	Device response: <KeyPress from None: t=3711.281431500014, value=space, duration=None>
3711.2895 	DATA 	Keypress: space
3711.3039 	EXP 	polygon: autoDraw = False
3711.3039 	EXP 	polygon_2: autoDraw = False
3711.3542 	EXP 	Device response: <KeyPress from None: t=3704.5028070000117, value=space, duration=6.835985699988669>
3711.6707 	EXP 	Sound sound_1 reached end of file
3711.6870 	EXP 	Playing sound sound_1 on speaker Speaker (Realtek(R) Audio)
3711.9860 	EXP 	Sound sound_1 stopped
3711.9926 	EXP 	text: autoDraw = True
3711.9926 	EXP 	textbox: autoDraw = True
3713.2070 	DATA 	Keypress: 7
3713.2201 	EXP 	Device response: <KeyPress from None: t=3713.2048523999983, value=7, duration=None>
3713.3201 	EXP 	Device response: <KeyPress from None: t=3713.2048523999983, value=7, duration=0.10549580000224523>
3713.4707 	DATA 	Keypress: 6
3713.4715 	EXP 	Device response: <KeyPress from None: t=3713.469780900021, value=6, duration=None>
3713.5872 	EXP 	Device response: <KeyPress from None: t=3713.469780900021, value=6, duration=0.11186749997432344>
3713.7369 	DATA 	Keypress: 5
3713.7400 	EXP 	Device response: <KeyPress from None: t=3713.728668399999, value=5, duration=None>
3713.8368 	EXP 	Device response: <KeyPress from None: t=3713.728668399999, value=5, duration=0.09287310001673177>
3714.7031 	DATA 	Mouse: Left button down, pos=(906,211)
3714.7037 	EXP 	New trial (rep=32, index=10): <Trial 394 (10 in rep 32) data={'delay': 0.1, 'freq': 1000, 'condition': 'exp', 'thisN': 394, 'thisTrialN': 10, 'thisRepN': 32}>
3714.7192 	EXP 	text: autoDraw = False
3714.7192 	EXP 	textbox: autoDraw = False
3714.7192 	EXP 	polygon: autoDraw = True
3714.9217 	DATA 	Mouse:  Left button up, pos=(906,211)
3715.7192 	INFO 	Keyboard events cleared
3715.7190 	EXP 	polygon: autoDraw = False
3715.7190 	EXP 	polygon_2: autoDraw = True
3716.9856 	EXP 	Device response: <KeyPress from None: t=3716.9786650000024, value=6, duration=None>
3716.9868 	DATA 	Keypress: 6
3717.0691 	EXP 	Device response: <KeyPress from None: t=3716.9786650000024, value=6, duration=0.07837699999799952>
3717.2854 	EXP 	Device response: <KeyPress from None: t=3717.2753078000096, value=space, duration=None>
3717.2874 	DATA 	Keypress: space
3717.3019 	EXP 	polygon: autoDraw = False
3717.3019 	EXP 	polygon_2: autoDraw = False
3717.3686 	EXP 	Sound sound_1 reached end of file
3717.3850 	EXP 	Playing sound sound_1 on speaker Speaker (Realtek(R) Audio)
3717.4020 	EXP 	Device response: <KeyPress from None: t=3711.281431500014, value=space, duration=6.104666100000031>
3717.6831 	EXP 	Sound sound_1 stopped
3717.6907 	EXP 	text: autoDraw = True
3717.6907 	EXP 	textbox: autoDraw = True
3719.6181 	DATA 	Keypress: 6
3719.6191 	EXP 	Device response: <KeyPress from None: t=3719.612264700001, value=6, duration=None>
3719.7191 	EXP 	Device response: <KeyPress from None: t=3719.612264700001, value=6, duration=0.09496410001884215>
3719.7848 	DATA 	Keypress: 7
3719.7855 	EXP 	Device response: <KeyPress from None: t=3719.778160600021, value=7, duration=None>
3719.8690 	EXP 	Device response: <KeyPress from None: t=3719.778160600021, value=7, duration=0.07758559999638237>
3719.9850 	DATA 	Keypress: 8
3719.9872 	EXP 	Device response: <KeyPress from None: t=3719.9738333999994, value=8, duration=None>
3720.1180 	EXP 	Device response: <KeyPress from None: t=3719.9738333999994, value=8, duration=0.12788569999975152>
3721.0678 	DATA 	Mouse: Left button down, pos=(906,211)
3721.0685 	EXP 	New trial (rep=32, index=11): <Trial 395 (11 in rep 32) data={'delay': 0.7, 'freq': 400, 'condition': 'unexp', 'thisN': 395, 'thisTrialN': 11, 'thisRepN': 32}>
3721.0839 	EXP 	text: autoDraw = False
3721.0839 	EXP 	textbox: autoDraw = False
3721.0839 	EXP 	polygon: autoDraw = True
3721.2853 	DATA 	Mouse:  Left button up, pos=(906,211)
3721.7175 	EXP 	Device response: <KeyPress from None: t=3721.706418799993, value=space, duration=None>
3721.7186 	DATA 	Keypress: space
3721.7674 	EXP 	Device response: <KeyPress from None: t=3717.2753078000096, value=space, duration=4.489042000001064>
3722.0838 	INFO 	Keyboard events cleared
3722.0836 	EXP 	polygon: autoDraw = False
3722.0836 	EXP 	polygon_2: autoDraw = True
3722.8167 	EXP 	Device response: <KeyPress from None: t=3722.8027347000025, value=3, duration=None>
3722.8176 	DATA 	Keypress: 3
3722.9168 	EXP 	Device response: <KeyPress from None: t=3722.8027347000025, value=3, duration=0.10620969999581575>
3723.2833 	EXP 	Device response: <KeyPress from None: t=3723.271838800021, value=space, duration=None>
3723.2851 	DATA 	Keypress: space
3723.2996 	EXP 	polygon: autoDraw = False
3723.2996 	EXP 	polygon_2: autoDraw = False
3723.3834 	EXP 	Device response: <KeyPress from None: t=3721.706418799993, value=space, duration=1.6600437000161037>
3723.9666 	EXP 	Sound sound_1 reached end of file
3723.9830 	EXP 	Playing sound sound_1 on speaker Speaker (Realtek(R) Audio)
3724.2490 	EXP 	Device response: <KeyPress from None: t=3724.2329183999973, value=3, duration=None>
3724.2494 	DATA 	Keypress: 3
3724.2828 	EXP 	Sound sound_1 stopped
3724.2925 	EXP 	text: autoDraw = True
3724.2925 	EXP 	textbox: autoDraw = True
3724.3496 	EXP 	Device response: <KeyPress from None: t=3724.2329183999973, value=3, duration=0.10085930000059307>
3724.4498 	DATA 	Keypress: 4
3724.4505 	EXP 	Device response: <KeyPress from None: t=3724.4390993000125, value=4, duration=None>
3724.5667 	EXP 	Device response: <KeyPress from None: t=3724.4390993000125, value=4, duration=0.11089099998935126>
3724.8830 	DATA 	Keypress: 8
3724.8844 	EXP 	Device response: <KeyPress from None: t=3724.875876700011, value=8, duration=None>
3725.0182 	EXP 	Device response: <KeyPress from None: t=3724.875876700011, value=8, duration=0.133372899988899>
3725.5831 	DATA 	Keypress: 9
3725.5843 	EXP 	Device response: <KeyPress from None: t=3725.58157770001, value=9, duration=None>
3725.7325 	EXP 	Device response: <KeyPress from None: t=3725.58157770001, value=9, duration=0.13848910000524484>
3727.3156 	DATA 	Mouse: Left button down, pos=(906,211)
3727.3318 	EXP 	text: autoDraw = False
3727.3318 	EXP 	textbox: autoDraw = False
3727.3320 	EXP 	intentional binding: status = STOPPED
3727.4454 	INFO 	saved data to "C:\\Users\\Admin\\OneDrive\\Desktop\\LAB IN PSY'\\psychopy\\intentional binding_7\\data\\1_intentional binding_2025-11-08_15h41.51.792.csv"
3727.4541 	INFO 	saved data to C:\Users\Admin\OneDrive\Desktop\LAB IN PSY'\psychopy\intentional binding_7\data\1_intentional binding_2025-11-08_15h41.51.792.psydat
3729.2804 	WARNING 	Stopping key buffers but this could be dangerous ifother keyboards rely on the same.
3729.3385 	WARNING 	Stopping key buffers but this could be dangerous ifother keyboards rely on the same.
